date;code;n_events;tone_sum;tone_cnt;n_14;n_17;n_18;n_19;n_20
2023-02-01;GM;1340;-3105.328704391257;1340;0.0;78.0;17.0;90.0;0.0
2023-02-01;IS;4880;-18041.327680494986;4880;52.0;174.0;90.0;616.0;4.0
2023-02-01;NI;3254;-3903.0909052339857;3254;45.0;76.0;42.0;152.0;4.0
2023-02-01;PK;2444;-10507.66374700145;2444;25.0;124.0;90.0;240.0;0.0
2023-02-01;RS;5315;-16191.937598563456;5315;17.0;254.0;89.0;516.0;8.0
2023-02-01;TW;711;-1167.0670943489831;711;5.0;14.0;0.0;30.0;0.0
2023-02-01;UP;4942;-12996.483942327275;4942;12.0;151.0;88.0;470.0;5.0
2023-02-01;US;44172;-91948.0683836494;44172;233.0;2700.0;713.0;2609.0;4.0
2023-02-02;GM;1712;-3486.9891406053525;1712;15.0;49.0;8.0;83.0;0.0
2023-02-02;IS;5989;-20173.850292706167;5989;51.0;220.0;90.0;681.0;8.0
2023-02-02;NI;2795;-4993.270239184698;2795;39.0;91.0;47.0;189.0;1.0
2023-02-02;PK;2588;-10881.953336179691;2588;41.0;175.0;111.0;215.0;2.0
2023-02-02;RS;5775;-19691.958372133548;5775;33.0;237.0;108.0;593.0;4.0
2023-02-02;TW;997;-1212.769170205272;997;4.0;19.0;2.0;32.0;0.0
2023-02-02;UP;5437;-16717.7905547664;5437;38.0;144.0;109.0;592.0;4.0
2023-02-02;US;45737;-93055.95290016504;45737;234.0;2710.0;707.0;2758.0;1.0
2023-02-03;GM;1401;-2275.992315756915;1401;19.0;45.0;11.0;71.0;0.0
2023-02-03;IS;4400;-12238.246777278604;4400;43.0;133.0;54.0;417.0;10.0
2023-02-03;NI;2845;-5360.095890090387;2845;51.0;121.0;45.0;138.0;1.0
2023-02-03;PK;2114;-8317.458032402545;2114;28.0;120.0;80.0;192.0;0.0
2023-02-03;RS;4580;-13716.896708692706;4580;27.0;175.0;92.0;392.0;0.0
2023-02-03;TW;799;-1041.920237016374;799;2.0;12.0;0.0;29.0;0.0
2023-02-03;UP;4425;-11715.802738898285;4425;26.0;105.0;80.0;404.0;0.0
2023-02-03;US;40989;-89800.47833643957;40989;189.0;2618.0;637.0;2760.0;6.0
2023-02-04;GM;846;-1759.325551929044;846;2.0;48.0;4.0;48.0;0.0
2023-02-04;IS;2222;-10539.401322787224;2222;52.0;122.0;85.0;338.0;16.0
2023-02-04;NI;2122;-4683.468461448666;2122;36.0;110.0;41.0;114.0;0.0
2023-02-04;PK;1926;-6698.381592589282;1926;33.0;135.0;77.0;126.0;0.0
2023-02-04;RS;3108;-9450.9061072602;3108;15.0;115.0;55.0;331.0;1.0
2023-02-04;TW;343;-520.5014950115925;343;0.0;3.0;2.0;17.0;0.0
2023-02-04;UP;2979;-8346.573026228283;2979;8.0;83.0;49.0;391.0;0.0
2023-02-04;US;25900;-57930.09399245843;25900;153.0;1470.0;380.0;1878.0;6.0
2023-02-05;GM;921;-1685.762830208449;921;5.0;18.0;2.0;52.0;0.0
2023-02-05;IS;2764;-10793.349233462304;2764;78.0;161.0;62.0;360.0;6.0
2023-02-05;NI;2149;-4840.291079663386;2149;20.0;95.0;53.0;91.0;0.0
2023-02-05;PK;2956;-10465.764921951726;2956;37.0;171.0;86.0;164.0;2.0
2023-02-05;RS;3259;-9892.470591842735;3259;20.0;70.0;72.0;432.0;0.0
2023-02-05;TW;290;-367.1407285391906;290;0.0;4.0;0.0;15.0;0.0
2023-02-05;UP;3109;-10564.8496533692;3109;13.0;66.0;70.0;449.0;0.0
2023-02-05;US;17312;-32811.99440705967;17312;121.0;878.0;226.0;1274.0;2.0
2023-02-06;GM;1270;-1792.4542377708538;1270;7.0;35.0;0.0;31.0;2.0
2023-02-06;IS;3841;-15026.610729557256;3841;48.0;125.0;70.0;561.0;11.0
2023-02-06;NI;2939;-5643.929544818739;2939;53.0;155.0;33.0;183.0;4.0
2023-02-06;PK;2633;-8703.915452603751;2633;33.0;139.0;55.0;197.0;3.0
2023-02-06;RS;4897;-14696.050892796971;4897;35.0;137.0;63.0;465.0;0.0
2023-02-06;TW;537;-668.7751043180599;537;2.0;9.0;2.0;18.0;0.0
2023-02-06;UP;4344;-12588.485747633587;4344;22.0;88.0;53.0;431.0;1.0
2023-02-06;US;30903;-61376.97124391022;30903;200.0;1890.0;409.0;2107.0;7.0
2023-02-07;GM;1714;-2423.291766312675;1714;9.0;35.0;3.0;70.0;0.0
2023-02-07;IS;3523;-13215.880865790654;3523;63.0;128.0;39.0;607.0;12.0
2023-02-07;NI;3024;-6988.35183026797;3024;62.0;115.0;40.0;203.0;0.0
2023-02-07;PK;2138;-6987.155399597963;2138;26.0;127.0;58.0;137.0;0.0
2023-02-07;RS;4753;-14604.29757368207;4753;32.0;201.0;53.0;503.0;0.0
2023-02-07;TW;539;-370.0776648221315;539;3.0;7.0;1.0;15.0;0.0
2023-02-07;UP;3895;-11387.322257090487;3895;7.0;106.0;41.0;436.0;1.0
2023-02-07;US;38890;-85930.44331481338;38890;252.0;2487.0;552.0;2778.0;1.0
2023-02-08;GM;2069;-3081.774959456662;2069;11.0;43.0;9.0;80.0;2.0
2023-02-08;IS;2758;-8849.376346008696;2758;48.0;119.0;27.0;357.0;12.0
2023-02-08;NI;2886;-4808.909924002932;2886;54.0;155.0;22.0;136.0;4.0
2023-02-08;PK;2017;-6801.882110288699;2017;19.0;98.0;26.0;191.0;3.0
2023-02-08;RS;6775;-16654.52948434536;6775;23.0;260.0;73.0;687.0;3.0
2023-02-08;TW;528;-228.5388114644097;528;5.0;1.0;0.0;12.0;0.0
2023-02-08;UP;8168;-13152.589130260953;8168;18.0;189.0;57.0;733.0;0.0
2023-02-08;US;40955;-79888.37305585017;40955;236.0;2248.0;509.0;2518.0;5.0
2023-02-09;GM;2110;-1238.4549671184104;2110;1.0;41.0;10.0;46.0;0.0
2023-02-09;IS;2918;-7538.562511724532;2918;76.0;115.0;42.0;302.0;3.0
2023-02-09;NI;3003;-4922.218064769108;3003;18.0;191.0;33.0;142.0;0.0
2023-02-09;PK;1911;-5332.046451523109;1911;17.0;102.0;51.0;139.0;0.0
2023-02-09;RS;6533;-16025.09025099509;6533;31.0;190.0;74.0;584.0;3.0
2023-02-09;TW;410;-392.2691445909738;410;3.0;5.0;0.0;15.0;0.0
2023-02-09;UP;7626;-12224.903618592383;7626;18.0;117.0;69.0;591.0;0.0
2023-02-09;US;42632;-90873.86206801009;42632;202.0;2625.0;608.0;2663.0;9.0
2023-02-10;GM;1522;-2795.9896462235924;1522;13.0;47.0;15.0;60.0;1.0
2023-02-10;IS;2486;-11324.351282342524;2486;58.0;72.0;53.0;323.0;1.0
2023-02-10;NI;2799;-3073.7087930232574;2799;19.0;134.0;27.0;137.0;0.0
2023-02-10;PK;1758;-3881.946710047119;1758;13.0;79.0;44.0;94.0;0.0
2023-02-10;RS;5799;-17380.819309019156;5799;42.0;196.0;75.0;766.0;1.0
2023-02-10;TW;449;-464.99290323522047;449;1.0;11.0;1.0;21.0;0.0
2023-02-10;UP;5853;-15799.35157373037;5853;13.0;94.0;70.0;844.0;0.0
2023-02-10;US;40869;-90000.81289074161;40869;207.0;2551.0;629.0;2784.0;4.0
2023-02-11;GM;893;-1747.2780480814652;893;5.0;29.0;6.0;44.0;1.0
2023-02-11;IS;1560;-7255.094795772439;1560;68.0;59.0;18.0;320.0;6.0
2023-02-11;NI;2274;-4428.241809199062;2274;15.0;84.0;53.0;145.0;0.0
2023-02-11;PK;1472;-4965.74752114179;1472;22.0;82.0;25.0;96.0;1.0
2023-02-11;RS;3045;-9694.033509406408;3045;17.0;120.0;59.0;369.0;1.0
2023-02-11;TW;332;-302.3336477114628;332;9.0;6.0;1.0;16.0;0.0
2023-02-11;UP;2616;-7406.794350808664;2616;18.0;51.0;46.0;411.0;4.0
2023-02-11;US;25023;-49741.908512208705;25023;130.0;1495.0;354.0;1647.0;0.0
2023-02-12;GM;972;-2140.498781274229;972;5.0;16.0;5.0;46.0;0.0
2023-02-12;IS;2505;-9882.749435496651;2505;65.0;107.0;42.0;407.0;3.0
2023-02-12;NI;2557;-4498.062038426555;2557;22.0;132.0;33.0;125.0;0.0
2023-02-12;PK;1375;-3321.0742573367934;1375;18.0;66.0;24.0;91.0;0.0
2023-02-12;RS;2837;-8500.178100624058;2837;8.0;93.0;51.0;367.0;1.0
2023-02-12;TW;259;84.83007984766535;259;1.0;7.0;0.0;1.0;0.0
2023-02-12;UP;2774;-7336.69936958374;2774;7.0;50.0;52.0;370.0;0.0
2023-02-12;US;17866;-30388.60254346052;17866;97.0;947.0;190.0;1365.0;10.0
2023-02-13;GM;1580;-3231.0393044192597;1580;14.0;82.0;8.0;84.0;0.0
2023-02-13;IS;3768;-16175.50655108573;3768;113.0;175.0;68.0;577.0;8.0
2023-02-13;NI;2904;-3809.85203446294;2904;19.0;130.0;43.0;140.0;0.0
2023-02-13;PK;1874;-4417.689930571529;1874;10.0;107.0;21.0;126.0;3.0
2023-02-13;RS;5156;-16690.257271340273;5156;46.0;215.0;113.0;486.0;1.0
2023-02-13;TW;448;-286.46685289913495;448;2.0;9.0;1.0;20.0;0.0
2023-02-13;UP;4191;-12214.543119878968;4191;13.0;86.0;96.0;444.0;2.0
2023-02-13;US;30890;-55685.79495923144;30890;184.0;1748.0;421.0;2229.0;1.0
2023-02-14;GM;1981;-3295.5507593842703;1981;15.0;54.0;13.0;98.0;0.0
2023-02-14;IS;3821;-13598.933729928358;3821;91.0;170.0;84.0;428.0;8.0
2023-02-14;NI;3137;-4901.051704518558;3137;21.0;236.0;53.0;117.0;0.0
2023-02-14;PK;1750;-5140.872305938334;1750;14.0;81.0;26.0;184.0;0.0
2023-02-14;RS;5527;-16413.501801806364;5527;41.0;238.0;105.0;509.0;2.0
2023-02-14;TW;472;287.4932631077842;472;3.0;13.0;0.0;16.0;0.0
2023-02-14;UP;4931;-11356.756729675388;4931;19.0;98.0;92.0;459.0;0.0
2023-02-14;US;41935;-86592.55807107805;41935;248.0;2270.0;562.0;3250.0;6.0
2023-02-15;GM;2132;-3715.06450695342;2132;21.0;52.0;32.0;71.0;0.0
2023-02-15;IS;3244;-12060.828376127403;3244;53.0;164.0;82.0;364.0;1.0
2023-02-15;NI;3681;-6139.3787236612425;3681;115.0;160.0;87.0;168.0;0.0
2023-02-15;PK;1511;-3317.7442761899106;1511;19.0;66.0;21.0;50.0;2.0
2023-02-15;RS;5975;-17589.0924180725;5975;42.0;227.0;74.0;570.0;0.0
2023-02-15;TW;434;-515.3252696906336;434;0.0;18.0;2.0;23.0;0.0
2023-02-15;UP;5512;-13541.579982436086;5512;23.0;126.0;74.0;612.0;1.0
2023-02-15;US;44281;-89206.13953774776;44281;265.0;2529.0;640.0;3205.0;8.0
2023-02-16;GM;2400;-3461.5723689018223;2400;12.0;59.0;14.0;68.0;0.0
2023-02-16;IS;3973;-11593.169981536634;3973;66.0;157.0;55.0;264.0;5.0
2023-02-16;NI;3732;-5058.864014052153;3732;74.0;118.0;71.0;161.0;1.0
2023-02-16;PK;1950;-5382.441982631517;1950;25.0;89.0;37.0;140.0;1.0
2023-02-16;RS;6135;-20137.769547898344;6135;62.0;236.0;81.0;620.0;4.0
2023-02-16;TW;492;-567.4182067652275;492;3.0;12.0;0.0;18.0;0.0
2023-02-16;UP;6514;-16962.60418037613;6514;27.0;140.0;65.0;712.0;6.0
2023-02-16;US;44591;-97936.21338561171;44591;291.0;2453.0;598.0;2982.0;5.0
2023-02-17;GM;2849;-5218.713536707802;2849;24.0;124.0;20.0;85.0;2.0
2023-02-17;IS;2682;-8820.804917784984;2682;34.0;96.0;40.0;199.0;11.0
2023-02-17;NI;3191;-5604.0672130074345;3191;67.0;137.0;45.0;110.0;2.0
2023-02-17;PK;2027;-7390.281154914853;2027;23.0;102.0;58.0;238.0;0.0
2023-02-17;RS;6449;-20551.42685418185;6449;61.0;282.0;71.0;607.0;4.0
2023-02-17;TW;658;-1260.7927198872449;658;2.0;6.0;0.0;22.0;0.0
2023-02-17;UP;6117;-16496.519810249818;6117;35.0;137.0;68.0;650.0;11.0
2023-02-17;US;43159;-95453.11861931458;43159;228.0;2410.0;549.0;2722.0;8.0
2023-02-18;GM;2830;-4747.696299386759;2830;12.0;63.0;74.0;65.0;0.0
2023-02-18;IS;1847;-6855.500454518338;1847;45.0;99.0;54.0;230.0;0.0
2023-02-18;NI;2400;-4372.100939215859;2400;24.0;82.0;40.0;129.0;0.0
2023-02-18;PK;1871;-6847.323071805936;1871;20.0;72.0;48.0;220.0;0.0
2023-02-18;RS;4985;-16903.742940117696;4985;48.0;167.0;246.0;462.0;2.0
2023-02-18;TW;703;-1002.9895851161984;703;4.0;3.0;2.0;8.0;0.0
2023-02-18;UP;5009;-13802.19159180187;5009;23.0;82.0;208.0;482.0;1.0
2023-02-18;US;26853;-61649.43480369473;26853;125.0;1433.0;405.0;1899.0;2.0
2023-02-19;GM;2425;-5691.957709866792;2425;8.0;43.0;55.0;58.0;2.0
2023-02-19;IS;3082;-11608.989603793814;3082;41.0;123.0;41.0;392.0;2.0
2023-02-19;NI;3026;-4288.104000597499;3026;27.0;136.0;43.0;174.0;0.0
2023-02-19;PK;1606;-5389.804069469109;1606;18.0;83.0;36.0;138.0;1.0
2023-02-19;RS;4647;-15376.579933450792;4647;28.0;132.0;197.0;386.0;0.0
2023-02-19;TW;324;-394.21625308696633;324;3.0;3.0;2.0;2.0;0.0
2023-02-19;UP;4294;-12643.951208792709;4294;18.0;57.0;171.0;396.0;1.0
2023-02-19;US;19721;-38894.967211167925;19721;94.0;939.0;307.0;1712.0;0.0
2023-02-20;GM;2321;-3112.1091331722664;2321;12.0;36.0;38.0;43.0;0.0
2023-02-20;IS;3701;-13636.424796975414;3701;117.0;151.0;55.0;329.0;6.0
2023-02-20;NI;3497;-4531.316418844453;3497;55.0;139.0;47.0;154.0;0.0
2023-02-20;PK;2107;-7234.536075067171;2107;31.0;103.0;55.0;236.0;1.0
2023-02-20;RS;7889;-21606.898285206746;7889;34.0;213.0;128.0;558.0;0.0
2023-02-20;TW;591;-595.1640702090773;591;4.0;9.0;2.0;12.0;0.0
2023-02-20;UP;9691;-19850.642290458203;9691;37.0;93.0;109.0;627.0;0.0
2023-02-20;US;31632;-56539.91734610102;31632;182.0;1539.0;411.0;2256.0;4.0
2023-02-21;GM;2279;-4494.885609381518;2279;14.0;84.0;20.0;79.0;0.0
2023-02-21;IS;3675;-11091.170199045284;3675;71.0;129.0;38.0;289.0;5.0
2023-02-21;NI;3161;-4253.632310652022;3161;24.0;141.0;46.0;169.0;0.0
2023-02-21;PK;2396;-7080.109933082122;2396;51.0;121.0;28.0;203.0;0.0
2023-02-21;RS;8960;-25224.618037946235;8960;31.0;225.0;119.0;561.0;0.0
2023-02-21;TW;658;-685.2977681040776;658;0.0;12.0;0.0;18.0;0.0
2023-02-21;UP;9855;-21786.33000062052;9855;23.0;129.0;119.0;609.0;1.0
2023-02-21;US;41783;-80876.9215383354;41783;249.0;2163.0;559.0;2761.0;11.0
2023-02-22;GM;2208;-4364.86389902853;2208;9.0;137.0;12.0;54.0;2.0
2023-02-22;IS;3817;-16309.679111667878;3817;56.0;137.0;93.0;638.0;8.0
2023-02-22;NI;3058;-1596.398444890881;3058;32.0;124.0;42.0;79.0;0.0
2023-02-22;PK;2406;-5544.955177165384;2406;27.0;122.0;45.0;174.0;0.0
2023-02-22;RS;9557;-27362.641637422457;9557;46.0;218.0;117.0;632.0;13.0
2023-02-22;TW;688;-517.2262536151111;688;5.0;19.0;6.0;20.0;0.0
2023-02-22;UP;9251;-21327.93924760309;9251;41.0;133.0;113.0;664.0;9.0
2023-02-22;US;44338;-86128.57863196808;44338;266.0;2620.0;562.0;2708.0;4.0
2023-02-23;GM;2120;-3737.199288361312;2120;12.0;98.0;22.0;108.0;0.0
2023-02-23;IS;5008;-23246.187397901704;5008;77.0;143.0;103.0;1075.0;18.0
2023-02-23;NI;3114;-1850.6908837662077;3114;25.0;181.0;31.0;148.0;4.0
2023-02-23;PK;2350;-5465.009953865353;2350;19.0;157.0;49.0;196.0;0.0
2023-02-23;RS;9118;-28290.48395738619;9118;66.0;270.0;181.0;644.0;2.0
2023-02-23;TW;571;-978.7158656714372;571;1.0;12.0;1.0;19.0;0.0
2023-02-23;UP;9338;-25735.708856831297;9338;52.0;177.0;141.0;676.0;3.0
2023-02-23;US;45358;-107392.5810607572;45358;256.0;2796.0;847.0;3343.0;3.0
2023-02-24;GM;2161;-4782.726260313779;2161;30.0;60.0;22.0;91.0;0.0
2023-02-24;IS;2929;-10210.61418587886;2929;59.0;61.0;46.0;455.0;7.0
2023-02-24;NI;3307;-4830.56428242593;3307;33.0;267.0;43.0;186.0;0.0
2023-02-24;PK;2118;-4979.343489855561;2118;21.0;198.0;40.0;126.0;0.0
2023-02-24;RS;11490;-37724.725161719405;11490;154.0;334.0;164.0;645.0;4.0
2023-02-24;TW;611;-731.4017818434181;611;0.0;9.0;0.0;21.0;0.0
2023-02-24;UP;14457;-37534.65138345908;14457;131.0;218.0;177.0;756.0;4.0
2023-02-24;US;42237;-95890.16847878652;42237;274.0;2384.0;742.0;2714.0;0.0
2023-02-25;GM;2103;-959.0146878676596;2103;18.0;31.0;9.0;32.0;0.0
2023-02-25;IS;1716;-6414.560428892682;1716;49.0;63.0;13.0;204.0;2.0
2023-02-25;NI;3335;-2909.5351887227807;3335;19.0;164.0;33.0;193.0;0.0
2023-02-25;PK;1703;-5936.683439858764;1703;24.0;107.0;42.0;154.0;0.0
2023-02-25;RS;6277;-19648.714282214016;6277;146.0;170.0;79.0;374.0;0.0
2023-02-25;TW;253;-67.81529487839745;253;2.0;5.0;0.0;17.0;0.0
2023-02-25;UP;7335;-17975.062266158016;7335;103.0;109.0;63.0;427.0;1.0
2023-02-25;US;26586;-57869.66552493771;26586;146.0;1432.0;441.0;1526.0;0.0
2023-02-26;GM;1277;-1987.400230233104;1277;36.0;41.0;15.0;52.0;0.0
2023-02-26;IS;3522;-16066.025153075852;3522;82.0;124.0;48.0;531.0;2.0
2023-02-26;NI;2459;-3766.371652027592;2459;30.0;131.0;42.0;97.0;0.0
2023-02-26;PK;1522;-5816.54885071083;1522;30.0;113.0;59.0;184.0;0.0
2023-02-26;RS;4277;-12965.99419872247;4277;80.0;116.0;50.0;254.0;4.0
2023-02-26;TW;189;-437.9307260197542;189;2.0;6.0;2.0;19.0;0.0
2023-02-26;UP;4522;-11455.807031495073;4522;78.0;95.0;65.0;316.0;0.0
2023-02-26;US;16702;-30733.554363560263;16702;130.0;792.0;187.0;1037.0;5.0
2023-02-27;GM;1503;-2462.879232151431;1503;18.0;31.0;18.0;62.0;0.0
2023-02-27;IS;4899;-25915.1137325116;4899;55.0;230.0;219.0;1009.0;7.0
2023-02-27;NI;2594;-3704.872567763411;2594;37.0;131.0;60.0;117.0;0.0
2023-02-27;PK;1864;-7496.533068896266;1864;64.0;138.0;49.0;291.0;0.0
2023-02-27;RS;6734;-20049.02072807314;6734;63.0;211.0;101.0;501.0;1.0
2023-02-27;TW;531;-495.45501232074105;531;5.0;6.0;2.0;22.0;0.0
2023-02-27;UP;6672;-16984.961266099832;6672;58.0;121.0;88.0;560.0;1.0
2023-02-27;US;31631;-56471.80211210541;31631;235.0;1571.0;419.0;1835.0;4.0
2023-02-28;GM;1764;-3439.1056593359103;1764;11.0;103.0;31.0;82.0;0.0
2023-02-28;IS;4407;-21323.07124474045;4407;63.0;186.0;89.0;826.0;7.0
2023-02-28;NI;2938;-4772.656361555102;2938;13.0;93.0;51.0;111.0;0.0
2023-02-28;PK;1774;-4605.276347698573;1774;30.0;116.0;16.0;158.0;0.0
2023-02-28;RS;7233;-21319.65630702662;7233;31.0;209.0;101.0;599.0;3.0
2023-02-28;TW;688;-1147.9377910829255;688;13.0;34.0;1.0;26.0;0.0
2023-02-28;UP;6179;-17854.333373804304;6179;16.0;114.0;97.0;562.0;3.0
2023-02-28;US;40764;-82929.94251358211;40764;313.0;2313.0;576.0;2415.0;6.0
2023-03-01;GM;1768;-3603.2966664725673;1768;17.0;90.0;8.0;57.0;0.0
2023-03-01;IS;3598;-18785.10232518071;3598;127.0;229.0;78.0;679.0;10.0
2023-03-01;NI;3788;-1568.9435406254977;3788;51.0;117.0;37.0;106.0;0.0
2023-03-01;PK;1571;-3971.230858714483;1571;38.0;105.0;27.0;119.0;0.0
2023-03-01;RS;7293;-21002.664561053;7293;44.0;171.0;115.0;635.0;6.0
2023-03-01;TW;577;-486.64411201218263;577;6.0;16.0;2.0;23.0;0.0
2023-03-01;UP;5808;-16336.992211590255;5808;33.0;77.0;90.0;578.0;1.0
2023-03-01;US;43211;-85329.7657145961;43211;374.0;2467.0;599.0;2555.0;11.0
2023-03-02;GM;2027;-2330.0681747748345;2027;16.0;57.0;10.0;86.0;3.0
2023-03-02;IS;4119;-19793.628578652097;4119;120.0;230.0;104.0;593.0;9.0
2023-03-02;NI;3457;-23.51409531815036;3457;29.0;80.0;21.0;152.0;1.0
2023-03-02;PK;1757;-4988.348544976037;1757;31.0;99.0;38.0;116.0;0.0
2023-03-02;RS;7908;-26471.167984274813;7908;48.0;221.0;122.0;743.0;3.0
2023-03-02;TW;643;-156.01702699540803;643;4.0;23.0;2.0;22.0;0.0
2023-03-02;UP;6048;-20659.05290926175;6048;22.0;109.0;118.0;664.0;4.0
2023-03-02;US;42835;-89362.91627861025;42835;378.0;2482.0;652.0;2712.0;9.0
2023-03-03;GM;2806;-2335.634610791663;2806;22.0;66.0;12.0;78.0;1.0
2023-03-03;IS;3199;-14065.52951463272;3199;74.0;125.0;78.0;446.0;2.0
2023-03-03;NI;3025;-2173.6337770195028;3025;18.0;104.0;33.0;141.0;0.0
2023-03-03;PK;1620;-3571.397033526574;1620;30.0;111.0;21.0;110.0;0.0
2023-03-03;RS;6991;-22880.33097552523;6991;45.0;278.0;132.0;597.0;3.0
2023-03-03;TW;492;-667.1554936331619;492;0.0;12.0;2.0;20.0;0.0
2023-03-03;UP;6218;-18201.36524551075;6218;17.0;149.0;75.0;504.0;1.0
2023-03-03;US;41282;-96279.67513989728;41282;327.0;2676.0;636.0;2705.0;3.0
2023-03-04;GM;1244;-1535.8500354200596;1244;10.0;38.0;11.0;50.0;0.0
2023-03-04;IS;2015;-10829.883258978738;2015;68.0;82.0;46.0;278.0;3.0
2023-03-04;NI;2642;-1820.290655371159;2642;29.0;83.0;25.0;88.0;0.0
2023-03-04;PK;1454;-3930.99582501056;1454;25.0;93.0;25.0;120.0;0.0
2023-03-04;RS;4056;-13099.148932852757;4056;41.0;136.0;67.0;421.0;3.0
2023-03-04;TW;276;-199.40838718867113;276;7.0;8.0;0.0;3.0;0.0
2023-03-04;UP;3818;-10011.467296588717;3818;35.0;60.0;40.0;378.0;0.0
2023-03-04;US;25128;-57448.98247591961;25128;233.0;1609.0;376.0;1669.0;5.0
2023-03-05;GM;766;-1406.674990744977;766;9.0;36.0;1.0;22.0;0.0
2023-03-05;IS;2693;-11364.164444922426;2693;97.0;117.0;54.0;293.0;4.0
2023-03-05;NI;2726;-1963.1814367936363;2726;12.0;97.0;23.0;207.0;0.0
2023-03-05;PK;1642;-4751.416106438468;1642;31.0;171.0;29.0;109.0;0.0
2023-03-05;RS;3140;-11160.779908260392;3140;34.0;90.0;47.0;384.0;2.0
2023-03-05;TW;287;-130.00553546696105;287;13.0;8.0;0.0;10.0;0.0
2023-03-05;UP;3139;-9564.570480587055;3139;37.0;64.0;55.0;373.0;5.0
2023-03-05;US;18682;-35455.11474577819;18682;165.0;978.0;240.0;1219.0;0.0
2023-03-06;GM;1666;-1616.94294498175;1666;25.0;64.0;14.0;84.0;0.0
2023-03-06;IS;3355;-11792.92256213633;3355;106.0;136.0;89.0;344.0;4.0
2023-03-06;NI;3450;-4227.050517001511;3450;56.0;127.0;43.0;245.0;0.0
2023-03-06;PK;2459;-10225.111970830429;2459;24.0;131.0;108.0;228.0;0.0
2023-03-06;RS;5476;-20045.270677406326;5476;43.0;212.0;113.0;744.0;1.0
2023-03-06;TW;841;-938.3829206416144;841;15.0;18.0;2.0;32.0;0.0
2023-03-06;UP;4948;-16412.534168156286;4948;36.0;128.0;96.0;657.0;1.0
2023-03-06;US;32496;-62819.7381671359;32496;302.0;1736.0;483.0;2145.0;3.0
2023-03-07;GM;1574;-2094.348242514487;1574;6.0;69.0;15.0;78.0;0.0
2023-03-07;IS;3648;-14509.569462395091;3648;88.0;145.0;64.0;603.0;5.0
2023-03-07;NI;3159;-3352.7404687935873;3159;28.0;140.0;42.0;200.0;2.0
2023-03-07;PK;1957;-5679.232104206805;1957;53.0;136.0;42.0;104.0;0.0
2023-03-07;RS;5709;-21102.92315431535;5709;53.0;228.0;141.0;577.0;5.0
2023-03-07;TW;886;-1746.5891728826327;886;3.0;4.0;6.0;24.0;0.0
2023-03-07;UP;5459;-18107.492660343505;5459;36.0;135.0;127.0;578.0;4.0
2023-03-07;US;40881;-88110.55192863403;40881;345.0;2423.0;796.0;2646.0;6.0
2023-03-08;GM;1962;-3507.0141541106564;1962;29.0;65.0;15.0;68.0;0.0
2023-03-08;IS;3781;-17439.48470973636;3781;101.0;183.0;89.0;647.0;11.0
2023-03-08;NI;3674;-300.0315756796211;3674;37.0;121.0;48.0;158.0;0.0
2023-03-08;PK;2061;-6396.973845789905;2061;74.0;141.0;47.0;189.0;0.0
2023-03-08;RS;5322;-16707.937012485272;5322;53.0;156.0;75.0;494.0;3.0
2023-03-08;TW;723;-1654.1927542329922;723;0.0;4.0;2.0;27.0;0.0
2023-03-08;UP;5123;-14423.923452251873;5123;22.0;110.0;91.0;565.0;4.0
2023-03-08;US;42889;-90640.95549403915;42889;372.0;2533.0;844.0;2609.0;1.0
2023-03-09;GM;1625;-2864.3870275606523;1625;9.0;45.0;17.0;83.0;0.0
2023-03-09;IS;4919;-21889.90951214324;4919;235.0;185.0;60.0;760.0;11.0
2023-03-09;NI;3433;-6170.700227278704;3433;23.0;150.0;103.0;208.0;0.0
2023-03-09;PK;2377;-7054.771095177064;2377;48.0;187.0;60.0;231.0;0.0
2023-03-09;RS;5545;-19476.973244021257;5545;70.0;167.0;104.0;908.0;5.0
2023-03-09;TW;615;-764.9628079416763;615;3.0;7.0;2.0;18.0;0.0
2023-03-09;UP;5693;-19135.408338109228;5693;45.0;118.0;102.0;1137.0;6.0
2023-03-09;US;41844;-84366.93714088848;41844;396.0;2539.0;662.0;2326.0;8.0
2023-03-10;GM;2134;-5689.453357076979;2134;13.0;61.0;35.0;303.0;0.0
2023-03-10;IS;3807;-15584.524606681573;3807;102.0;131.0;61.0;611.0;7.0
2023-03-10;NI;3441;-7456.592460698412;3441;23.0;180.0;53.0;94.0;0.0
2023-03-10;PK;1972;-5630.305855197633;1972;35.0;125.0;55.0;160.0;0.0
2023-03-10;RS;5501;-17666.921002061845;5501;59.0;199.0;103.0;654.0;3.0
2023-03-10;TW;601;-887.1980453580281;601;0.0;2.0;0.0;7.0;0.0
2023-03-10;UP;4764;-13386.22895523378;4764;28.0;109.0;99.0;695.0;0.0
2023-03-10;US;41984;-93533.9141746854;41984;313.0;2844.0;696.0;2599.0;2.0
2023-03-11;GM;1037;-2352.424271866822;1037;16.0;41.0;10.0;98.0;0.0
2023-03-11;IS;1961;-5971.82288330692;1961;90.0;68.0;39.0;175.0;1.0
2023-03-11;NI;2805;-4069.499514080403;2805;60.0;98.0;71.0;111.0;0.0
2023-03-11;PK;1551;-4942.510094444645;1551;21.0;90.0;48.0;101.0;0.0
2023-03-11;RS;3239;-10497.230075617706;3239;36.0;97.0;58.0;421.0;1.0
2023-03-11;TW;342;-586.3294473752176;342;1.0;4.0;2.0;6.0;0.0
2023-03-11;UP;2712;-8400.549391209928;2712;16.0;64.0;62.0;436.0;1.0
2023-03-11;US;26115;-56373.49478446571;26115;189.0;1850.0;456.0;1533.0;4.0
2023-03-12;GM;853;-1728.0622868996047;853;10.0;32.0;11.0;55.0;0.0
2023-03-12;IS;3014;-11768.271202396558;3014;133.0;88.0;84.0;523.0;6.0
2023-03-12;NI;2923;-5789.015616507686;2923;20.0;207.0;61.0;201.0;1.0
2023-03-12;PK;1251;-3085.874767976601;1251;15.0;62.0;43.0;94.0;0.0
2023-03-12;RS;2857;-9112.663730377755;2857;31.0;143.0;33.0;388.0;1.0
2023-03-12;TW;276;-430.5052002636959;276;0.0;1.0;0.0;6.0;0.0
2023-03-12;UP;2218;-7481.929563878599;2218;29.0;71.0;35.0;443.0;3.0
2023-03-12;US;19472;-39713.95613265524;19472;173.0;1149.0;257.0;1099.0;6.0
2023-03-13;GM;1593;-1590.4414713020506;1593;4.0;55.0;16.0;37.0;0.0
2023-03-13;IS;3270;-10798.828856774306;3270;122.0;146.0;70.0;322.0;11.0
2023-03-13;NI;3238;-5025.979130988131;3238;31.0;100.0;60.0;225.0;0.0
2023-03-13;PK;1809;-5399.9135132207375;1809;42.0;113.0;29.0;191.0;0.0
2023-03-13;RS;5841;-18432.68084427397;5841;61.0;235.0;102.0;657.0;2.0
2023-03-13;TW;583;-616.940811936478;583;6.0;3.0;1.0;12.0;0.0
2023-03-13;UP;4382;-14637.01090114516;4382;23.0;126.0;100.0;638.0;2.0
2023-03-13;US;34210;-62518.70440839737;34210;237.0;1886.0;453.0;1833.0;2.0
2023-03-14;GM;1629;-2318.166198479051;1629;19.0;56.0;16.0;74.0;0.0
2023-03-14;IS;2944;-8741.545938013918;2944;94.0;109.0;53.0;259.0;8.0
2023-03-14;NI;3363;-3634.656626364598;3363;23.0;169.0;70.0;89.0;0.0
2023-03-14;PK;2306;-6833.471943572354;2306;63.0;185.0;46.0;267.0;0.0
2023-03-14;RS;6211;-23532.230616545155;6211;77.0;243.0;106.0;646.0;4.0
2023-03-14;TW;626;-429.39811560868384;626;5.0;6.0;2.0;18.0;0.0
2023-03-14;UP;4841;-16173.065241096165;4841;43.0;170.0;100.0;604.0;0.0
2023-03-14;US;41435;-81665.82640024576;41435;349.0;2329.0;645.0;2095.0;4.0
2023-03-15;GM;2062;-3420.5805166961586;2062;74.0;62.0;18.0;72.0;0.0
2023-03-15;IS;3304;-9197.691871591687;3304;123.0;114.0;62.0;251.0;4.0
2023-03-15;NI;3434;-2668.251621254679;3434;33.0;114.0;26.0;152.0;0.0
2023-03-15;PK;2227;-8149.848950644275;2227;80.0;190.0;63.0;256.0;0.0
2023-03-15;RS;7084;-23964.11672760436;7084;75.0;227.0;69.0;658.0;3.0
2023-03-15;TW;1068;-39.22335462629317;1068;4.0;16.0;7.0;14.0;0.0
2023-03-15;UP;4487;-12998.328654100524;4487;31.0;97.0;67.0;497.0;1.0
2023-03-15;US;45332;-89410.70791608888;45332;398.0;2607.0;753.0;2364.0;1.0
2023-03-16;GM;2010;-3642.9179675454657;2010;42.0;88.0;19.0;100.0;1.0
2023-03-16;IS;3760;-13661.562673599652;3760;129.0;148.0;74.0;435.0;8.0
2023-03-16;NI;3494;-3823.2927120879954;3494;25.0;110.0;31.0;170.0;2.0
2023-03-16;PK;1977;-6016.734343448893;1977;47.0;161.0;59.0;179.0;3.0
2023-03-16;RS;6553;-19909.11046667942;6553;27.0;255.0;85.0;470.0;7.0
2023-03-16;TW;793;-500.73240667521475;793;4.0;16.0;7.0;21.0;0.0
2023-03-16;UP;4479;-12116.409595351495;4479;13.0;120.0;56.0;400.0;0.0
2023-03-16;US;42598;-90046.57259718073;42598;283.0;2770.0;612.0;2518.0;10.0
2023-03-17;GM;1320;-2263.778477875491;1320;21.0;63.0;15.0;60.0;0.0
2023-03-17;IS;2341;-8514.273769944743;2341;78.0;68.0;76.0;293.0;11.0
2023-03-17;NI;3274;-5523.703222426211;3274;36.0;125.0;60.0;220.0;0.0
2023-03-17;PK;1994;-4729.068140906982;1994;26.0;158.0;30.0;139.0;0.0
2023-03-17;RS;7237;-25445.283320428305;7237;27.0;397.0;144.0;431.0;6.0
2023-03-17;TW;669;-480.788839277016;669;6.0;14.0;3.0;16.0;0.0
2023-03-17;UP;5815;-20063.79155726727;5815;17.0;295.0;141.0;393.0;2.0
2023-03-17;US;41160;-84338.70783172;41160;331.0;2525.0;582.0;2203.0;3.0
2023-03-18;GM;968;-1579.3784956952234;968;14.0;22.0;10.0;34.0;0.0
2023-03-18;IS;1940;-7533.243938947372;1940;80.0;88.0;62.0;253.0;1.0
2023-03-18;NI;3291;-5104.94034660427;3291;13.0;198.0;58.0;176.0;0.0
2023-03-18;PK;2009;-6112.954074076005;2009;25.0;192.0;67.0;199.0;0.0
2023-03-18;RS;5297;-20180.638038174555;5297;46.0;301.0;103.0;291.0;2.0
2023-03-18;TW;460;-877.0729910741479;460;7.0;19.0;2.0;7.0;0.0
2023-03-18;UP;4233;-15838.815836688707;4233;17.0;213.0;86.0;350.0;1.0
2023-03-18;US;25268;-60561.231652801565;25268;240.0;1781.0;378.0;1317.0;2.0
2023-03-19;GM;851;-1432.5247876505373;851;15.0;39.0;7.0;35.0;0.0
2023-03-19;IS;3157;-14025.489224600116;3157;115.0;118.0;81.0;542.0;2.0
2023-03-19;NI;2765;-6312.00124184995;2765;30.0;267.0;72.0;191.0;0.0
2023-03-19;PK;1845;-6272.19823030023;1845;45.0;184.0;77.0;178.0;0.0
2023-03-19;RS;4657;-15848.481093515851;4657;48.0;220.0;68.0;324.0;3.0
2023-03-19;TW;470;-714.2063025982175;470;1.0;7.0;0.0;4.0;0.0
2023-03-19;UP;3665;-12096.261399303095;3665;17.0;130.0;62.0;342.0;1.0
2023-03-19;US;18987;-41690.87416733936;18987;248.0;1152.0;248.0;1116.0;4.0
2023-03-20;GM;1184;-2137.6310988287314;1184;12.0;74.0;25.0;46.0;0.0
2023-03-20;IS;3600;-13787.04847124028;3600;66.0;137.0;70.0;455.0;6.0
2023-03-20;NI;2887;-3205.9653216807737;2887;73.0;154.0;35.0;156.0;3.0
2023-03-20;PK;2062;-6831.972351694859;2062;24.0;205.0;73.0;191.0;2.0
2023-03-20;RS;6608;-17660.053705639373;6608;30.0;285.0;80.0;374.0;2.0
2023-03-20;TW;877;-316.9487116864914;877;8.0;20.0;4.0;4.0;0.0
2023-03-20;UP;5390;-13672.686983543426;5390;14.0;198.0;70.0;322.0;5.0
2023-03-20;US;35869;-79828.39374387912;35869;426.0;2315.0;637.0;1878.0;10.0
2023-03-21;GM;1415;-2303.364978702531;1415;8.0;89.0;25.0;54.0;0.0
2023-03-21;IS;3922;-13363.85483939808;3922;86.0;187.0;86.0;373.0;12.0
2023-03-21;NI;2785;-2862.492409054621;2785;25.0;162.0;33.0;102.0;0.0
2023-03-21;PK;2169;-5806.188130217467;2169;31.0;130.0;46.0;255.0;4.0
2023-03-21;RS;6996;-17955.008996492794;6996;33.0;189.0;93.0;541.0;0.0
2023-03-21;TW;939;-645.0704051454924;939;7.0;15.0;2.0;13.0;0.0
2023-03-21;UP;5967;-14831.35012928;5967;21.0;131.0;68.0;447.0;0.0
2023-03-21;US;38135;-88618.79072971376;38135;454.0;2809.0;568.0;2137.0;4.0
2023-03-22;GM;1064;-992.3564547256194;1064;17.0;29.0;8.0;48.0;0.0
2023-03-22;IS;2210;-6466.891356503455;2210;65.0;63.0;29.0;255.0;8.0
2023-03-22;NI;864;-734.729977561477;864;12.0;46.0;9.0;39.0;0.0
2023-03-22;PK;732;-1944.5421665131237;732;6.0;22.0;16.0;90.0;0.0
2023-03-22;RS;4362;-11841.370888991778;4362;20.0;160.0;45.0;351.0;0.0
2023-03-22;TW;600;-821.395553408659;600;2.0;9.0;1.0;22.0;0.0
2023-03-22;UP;3486;-9221.04181151171;3486;13.0;60.0;48.0;334.0;1.0
2023-03-22;US;25684;-48086.46140870968;25684;265.0;1523.0;400.0;1388.0;6.0
2023-03-23;GM;1582;-1921.0631492518285;1582;19.0;70.0;12.0;56.0;0.0
2023-03-23;IS;3423;-12308.95918492405;3423;149.0;141.0;42.0;347.0;5.0
2023-03-23;NI;2104;-2501.706025998318;2104;21.0;190.0;12.0;42.0;0.0
2023-03-23;PK;876;-1798.872815117233;876;9.0;56.0;29.0;66.0;0.0
2023-03-23;RS;5097;-14219.029882966075;5097;28.0;244.0;95.0;336.0;17.0
2023-03-23;TW;670;-450.4895837550651;670;2.0;11.0;12.0;7.0;0.0
2023-03-23;UP;4324;-11382.311181256651;4324;13.0;108.0;96.0;347.0;15.0
2023-03-23;US;41240;-86802.7394558918;41240;368.0;2875.0;649.0;2611.0;10.0
2023-03-24;GM;3712;-6765.689025076604;3712;76.0;127.0;27.0;138.0;2.0
2023-03-24;IS;5944;-21786.124946489526;5944;347.0;243.0;64.0;432.0;22.0
2023-03-24;NI;4902;-6450.547517118683;4902;41.0;304.0;56.0;135.0;0.0
2023-03-24;PK;2632;-7924.099575223885;2632;24.0;187.0;69.0;212.0;2.0
2023-03-24;RS;10082;-33312.54981568885;10082;69.0;482.0;259.0;897.0;21.0
2023-03-24;TW;932;-606.863072336623;932;5.0;16.0;3.0;29.0;0.0
2023-03-24;UP;7791;-24063.51934582418;7791;27.0;258.0;222.0;858.0;13.0
2023-03-24;US;75765;-162783.87900969802;75765;770.0;4981.0;1098.0;4711.0;8.0
2023-03-25;GM;2200;-4578.850890565645;2200;35.0;93.0;27.0;70.0;2.0
2023-03-25;IS;3514;-12477.509386011428;3514;196.0;82.0;101.0;337.0;6.0
2023-03-25;NI;3282;-4645.67351114262;3282;35.0;140.0;70.0;175.0;0.0
2023-03-25;PK;2464;-7511.794496542242;2464;49.0;234.0;61.0;186.0;1.0
2023-03-25;RS;6745;-22729.725714632652;6745;39.0;332.0;292.0;612.0;28.0
2023-03-25;TW;939;-315.335033950423;939;4.0;15.0;1.0;19.0;0.0
2023-03-25;UP;4916;-16282.143967568887;4916;20.0;147.0;244.0;515.0;22.0
2023-03-25;US;45591;-99216.19201057887;45591;454.0;2886.0;656.0;2957.0;9.0
2023-03-26;GM;1624;-2293.0759693471778;1624;21.0;72.0;21.0;53.0;1.0
2023-03-26;IS;4579;-14890.361402666464;4579;206.0;161.0;92.0;424.0;6.0
2023-03-26;NI;3925;-4992.494718269968;3925;30.0;245.0;32.0;174.0;0.0
2023-03-26;PK;2011;-6812.608970311306;2011;24.0;174.0;28.0;187.0;1.0
2023-03-26;RS;6151;-20669.193966652165;6151;68.0;244.0;175.0;505.0;8.0
2023-03-26;TW;1666;206.05808822251447;1666;3.0;15.0;6.0;5.0;0.0
2023-03-26;UP;4543;-14888.263643484068;4543;30.0;119.0;134.0;449.0;7.0
2023-03-26;US;34368;-73359.48361861297;34368;451.0;2090.0;485.0;2010.0;7.0
2023-03-27;GM;2932;-4844.314047065689;2932;20.0;92.0;20.0;125.0;0.0
2023-03-27;IS;7262;-26134.843497102007;7262;609.0;176.0;65.0;404.0;15.0
2023-03-27;NI;5222;-8248.40323346173;5222;51.0;355.0;87.0;213.0;1.0
2023-03-27;PK;2602;-7105.807633157802;2602;32.0;213.0;50.0;171.0;3.0
2023-03-27;RS;8991;-28089.458005981414;8991;48.0;381.0;224.0;750.0;4.0
2023-03-27;TW;2115;-69.49746975045545;2115;8.0;12.0;2.0;38.0;0.0
2023-03-27;UP;7184;-20073.88612126748;7184;42.0;166.0;220.0;630.0;4.0
2023-03-27;US;57649;-120837.6627330378;57649;620.0;3385.0;956.0;4226.0;24.0
2023-03-28;GM;3260;-3865.616962118557;3260;26.0;86.0;19.0;165.0;1.0
2023-03-28;IS;6233;-21265.08413120906;6233;405.0;253.0;72.0;432.0;24.0
2023-03-28;NI;5055;-8504.449440810768;5055;55.0;310.0;79.0;220.0;4.0
2023-03-28;PK;2699;-6289.795085096145;2699;33.0;173.0;41.0;199.0;0.0
2023-03-28;RS;9308;-28463.205021686044;9308;41.0;387.0;189.0;887.0;3.0
2023-03-28;TW;1750;-717.8701418083413;1750;9.0;15.0;1.0;49.0;0.0
2023-03-28;UP;7851;-22514.267943987514;7851;34.0;246.0;203.0;778.0;0.0
2023-03-28;US;66760;-153760.58408852038;66760;505.0;4106.0;1053.0;5562.0;38.0
2023-03-29;GM;3900;-132.7900710194698;3900;43.0;93.0;10.0;132.0;1.0
2023-03-29;IS;6836;-17806.014354209256;6836;300.0;216.0;90.0;490.0;13.0
2023-03-29;NI;4122;-2872.7609566293595;4122;41.0;174.0;91.0;134.0;1.0
2023-03-29;PK;2948;-6819.786207768289;2948;48.0;200.0;68.0;155.0;2.0
2023-03-29;RS;9485;-27123.64764941638;9485;39.0;468.0;175.0;806.0;0.0
2023-03-29;TW;2880;-3836.612659725429;2880;4.0;15.0;7.0;43.0;0.0
2023-03-29;UP;7923;-20149.246988585008;7923;41.0;253.0;129.0;687.0;0.0
2023-03-29;US;73676;-163229.76135703604;73676;651.0;4349.0;1119.0;5622.0;20.0
2023-03-30;GM;3861;-1132.7684937068154;3861;23.0;114.0;19.0;129.0;0.0
2023-03-30;IS;5605;-15333.93944541896;5605;186.0;216.0;81.0;405.0;18.0
2023-03-30;NI;4502;-6005.513746286084;4502;34.0;254.0;75.0;167.0;0.0
2023-03-30;PK;2582;-7353.856704213421;2582;36.0;137.0;57.0;239.0;0.0
2023-03-30;RS;11077;-37924.77729860062;11077;70.0;1045.0;148.0;687.0;4.0
2023-03-30;TW;3192;-4135.831404295964;3192;12.0;26.0;6.0;30.0;0.0
2023-03-30;UP;7020;-19421.999859901065;7020;55.0;314.0;97.0;603.0;2.0
2023-03-30;US;73351;-165404.05219412976;73351;563.0;4842.0;1194.0;4819.0;9.0
2023-03-31;GM;3126;-2905.947760250591;3126;25.0;67.0;22.0;132.0;2.0
2023-03-31;IS;4614;-13687.233956607968;4614;153.0;209.0;87.0;405.0;17.0
2023-03-31;NI;3842;-5832.531167109781;3842;43.0;262.0;49.0;149.0;0.0
2023-03-31;PK;2325;-6632.912950911227;2325;48.0;134.0;53.0;258.0;0.0
2023-03-31;RS;9345;-34757.482730459684;9345;62.0;741.0;131.0;625.0;13.0
2023-03-31;TW;2308;-2577.2736748039138;2308;15.0;23.0;0.0;57.0;0.0
2023-03-31;UP;6210;-19226.011842616273;6210;31.0;221.0;93.0;542.0;3.0
2023-03-31;US;71866;-186036.0176420794;71866;601.0;5800.0;1017.0;4356.0;25.0
2023-04-01;GM;1648;-684.9756012287105;1648;15.0;58.0;9.0;64.0;0.0
2023-04-01;IS;2543;-8137.533688157162;2543;124.0;149.0;34.0;297.0;4.0
2023-04-01;NI;2889;-3460.12561047375;2889;45.0;188.0;81.0;137.0;0.0
2023-04-01;PK;2208;-8837.376306098335;2208;48.0;138.0;62.0;392.0;0.0
2023-04-01;RS;5385;-19939.73722408006;5385;26.0;335.0;95.0;465.0;8.0
2023-04-01;TW;1162;-766.9845396915332;1162;6.0;16.0;1.0;23.0;2.0
2023-04-01;UP;3792;-11905.262267748643;3792;19.0;145.0;72.0;359.0;5.0
2023-04-01;US;45193;-99968.82889549911;45193;382.0;2991.0;602.0;2903.0;2.0
2023-04-02;GM;1520;-1291.373536953585;1520;40.0;67.0;16.0;77.0;0.0
2023-04-02;IS;3955;-14000.132999324594;3955;141.0;158.0;101.0;514.0;9.0
2023-04-02;NI;3212;-5221.272826733214;3212;34.0;210.0;44.0;225.0;0.0
2023-04-02;PK;1983;-6325.243174778354;1983;27.0;117.0;21.0;224.0;0.0
2023-04-02;RS;6101;-24083.34624682657;6101;29.0;458.0;144.0;665.0;0.0
2023-04-02;TW;1148;-953.3045365451596;1148;0.0;20.0;5.0;9.0;0.0
2023-04-02;UP;3648;-14074.965198298154;3648;27.0;157.0;76.0;547.0;6.0
2023-04-02;US;31225;-74555.7988186485;31225;210.0;2213.0;433.0;2269.0;4.0
2023-04-03;GM;2555;-2178.2576674259876;2555;12.0;102.0;16.0;84.0;0.0
2023-04-03;IS;5468;-18942.762263544155;5468;130.0;265.0;141.0;809.0;7.0
2023-04-03;NI;4282;-8045.481478404397;4282;33.0;239.0;73.0;329.0;0.0
2023-04-03;PK;2156;-4411.939046701668;2156;20.0;102.0;29.0;124.0;0.0
2023-04-03;RS;10874;-43736.44887887126;10874;127.0;862.0;308.0;1134.0;0.0
2023-04-03;TW;1993;-1587.5486920210246;1993;2.0;20.0;0.0;34.0;0.0
2023-04-03;UP;7804;-29262.98934016947;7804;76.0;445.0;215.0;872.0;0.0
2023-04-03;US;56643;-118864.40661233712;56643;444.0;3532.0;771.0;3646.0;6.0
2023-04-04;GM;2802;-3411.7491868376246;2802;13.0;98.0;28.0;135.0;0.0
2023-04-04;IS;5459;-19215.945681540634;5459;123.0;238.0;160.0;915.0;5.0
2023-04-04;NI;4460;-9961.798918231418;4460;42.0;248.0;155.0;284.0;0.0
2023-04-04;PK;2233;-6153.994454082461;2233;38.0;90.0;29.0;187.0;0.0
2023-04-04;RS;10242;-33711.30365211795;10242;70.0;593.0;192.0;841.0;15.0
2023-04-04;TW;2415;-2711.9664476868643;2415;2.0;16.0;1.0;43.0;0.0
2023-04-04;UP;6799;-18841.20745259449;6799;43.0;271.0;137.0;593.0;13.0
2023-04-04;US;68023;-168637.90125446476;68023;755.0;4856.0;1044.0;3922.0;13.0
2023-04-05;GM;2304;-2292.1096674822493;2304;20.0;107.0;24.0;109.0;1.0
2023-04-05;IS;6883;-35069.44603147539;6883;111.0;296.0;186.0;1258.0;6.0
2023-04-05;NI;4683;-8977.139808396894;4683;26.0;255.0;109.0;205.0;0.0
2023-04-05;PK;2158;-7623.472372920321;2158;24.0;139.0;44.0;224.0;0.0
2023-04-05;RS;9858;-29779.73675055224;9858;49.0;539.0;175.0;533.0;10.0
2023-04-05;TW;4565;-3548.5712640533247;4565;22.0;19.0;12.0;73.0;0.0
2023-04-05;UP;7775;-17224.757495916838;7775;37.0;216.0;131.0;416.0;1.0
2023-04-05;US;72179;-163859.17778934655;72179;636.0;5035.0;1040.0;3817.0;5.0
2023-04-06;GM;2016;-2821.383811856836;2016;26.0;90.0;20.0;117.0;1.0
2023-04-06;IS;6626;-33536.00299432357;6626;125.0;178.0;140.0;1635.0;9.0
2023-04-06;NI;4216;-6680.6036796639855;4216;26.0;237.0;78.0;210.0;2.0
2023-04-06;PK;2447;-4915.996506605818;2447;17.0;133.0;56.0;181.0;7.0
2023-04-06;RS;8879;-25007.016276173475;8879;36.0;499.0;152.0;684.0;7.0
2023-04-06;TW;5100;-3985.4904419008226;5100;33.0;33.0;11.0;77.0;1.0
2023-04-06;UP;6750;-15984.255500387011;6750;30.0;213.0;149.0;537.0;3.0
2023-04-06;US;67945;-141644.4128720852;67945;507.0;4357.0;1080.0;4090.0;18.0
2023-04-07;GM;1672;-2425.0785934536234;1672;20.0;52.0;15.0;81.0;0.0
2023-04-07;IS;8238;-49633.753038059505;8238;168.0;213.0;176.0;2479.0;10.0
2023-04-07;NI;3897;-5997.015361068209;3897;32.0;126.0;112.0;307.0;0.0
2023-04-07;PK;2338;-5965.067936898555;2338;26.0;189.0;41.0;158.0;0.0
2023-04-07;RS;7804;-24483.38601267433;7804;59.0;457.0;81.0;618.0;0.0
2023-04-07;TW;3596;-5779.648553522229;3596;28.0;46.0;2.0;54.0;0.0
2023-04-07;UP;5836;-14164.530948197877;5836;43.0;163.0;77.0;637.0;0.0
2023-04-07;US;60349;-135722.13579871983;60349;376.0;4026.0;952.0;3808.0;20.0
2023-04-08;GM;1105;-2553.8332958293176;1105;22.0;56.0;4.0;58.0;0.0
2023-04-08;IS;5746;-33361.60712285136;5746;149.0;149.0;176.0;1736.0;0.0
2023-04-08;NI;2971;-5975.677312139417;2971;22.0;82.0;106.0;326.0;0.0
2023-04-08;PK;2183;-6322.28124899025;2183;18.0;158.0;31.0;197.0;7.0
2023-04-08;RS;5711;-20382.60523891139;5711;59.0;301.0;65.0;535.0;0.0
2023-04-08;TW;3347;-5648.627184215109;3347;21.0;27.0;1.0;170.0;0.0
2023-04-08;UP;4344;-13445.9464191432;4344;58.0;149.0;34.0;486.0;0.0
2023-04-08;US;37250;-80541.83270621434;37250;297.0;2222.0;527.0;2354.0;11.0
2023-04-09;GM;1264;-3320.260231154806;1264;10.0;79.0;12.0;90.0;0.0
2023-04-09;IS;6646;-30897.20385064313;6646;123.0;235.0;149.0;1861.0;8.0
2023-04-09;NI;3256;-3733.601711414404;3256;22.0;256.0;52.0;216.0;0.0
2023-04-09;PK;2246;-5858.861045418594;2246;13.0;163.0;22.0;267.0;3.0
2023-04-09;RS;3886;-11950.898502457876;3886;46.0;249.0;55.0;435.0;0.0
2023-04-09;TW;2414;-4188.314593339292;2414;7.0;10.0;1.0;193.0;0.0
2023-04-09;UP;3192;-9904.794311551002;3192;22.0;116.0;40.0;393.0;0.0
2023-04-09;US;26840;-56091.52585804026;26840;194.0;1557.0;349.0;1931.0;6.0
2023-04-10;GM;1370;-2686.440050074947;1370;9.0;75.0;19.0;76.0;0.0
2023-04-10;IS;6791;-30483.3642075425;6791;176.0;199.0;152.0;2039.0;9.0
2023-04-10;NI;4020;-5769.395284317755;4020;20.0;212.0;173.0;248.0;0.0
2023-04-10;PK;2427;-6321.125071594168;2427;32.0;113.0;66.0;283.0;1.0
2023-04-10;RS;7419;-23475.692701399643;7419;44.0;344.0;185.0;700.0;7.0
2023-04-10;TW;3568;-7548.31063462842;3568;17.0;23.0;7.0;319.0;0.0
2023-04-10;UP;5945;-17291.845752710848;5945;37.0;156.0;135.0;782.0;7.0
2023-04-10;US;51991;-111941.6553944491;51991;326.0;3230.0;754.0;3991.0;3.0
2023-04-11;GM;1676;-2767.7556665148745;1676;22.0;78.0;6.0;91.0;0.0
2023-04-11;IS;5556;-25242.130676801928;5556;105.0;182.0;104.0;1342.0;12.0
2023-04-11;NI;4012;-6560.784825330904;4012;36.0;203.0;137.0;185.0;4.0
2023-04-11;PK;2519;-6616.06870399551;2519;33.0;129.0;40.0;251.0;0.0
2023-04-11;RS;7637;-26295.17280055234;7637;35.0;369.0;145.0;646.0;2.0
2023-04-11;TW;3011;-5798.2155529309675;3011;13.0;28.0;23.0;234.0;0.0
2023-04-11;UP;6213;-16905.396275517596;6213;36.0;127.0;155.0;582.0;2.0
2023-04-11;US;63661;-141052.08957955896;63661;435.0;3600.0;974.0;4893.0;5.0
2023-04-12;GM;2368;-3287.751751061677;2368;29.0;133.0;13.0;99.0;0.0
2023-04-12;IS;3316;-13136.264127314644;3316;95.0;149.0;41.0;663.0;17.0
2023-04-12;NI;4268;-6881.964295345157;4268;19.0;245.0;79.0;201.0;0.0
2023-04-12;PK;2473;-5305.177960778181;2473;28.0;128.0;28.0;208.0;4.0
2023-04-12;RS;7784;-25744.459255102534;7784;45.0;433.0;158.0;618.0;1.0
2023-04-12;TW;2801;-5372.9035717622855;2801;20.0;57.0;8.0;173.0;0.0
2023-04-12;UP;7005;-17975.536738995568;7005;49.0;209.0;165.0;527.0;3.0
2023-04-12;US;67748;-132055.9078272738;67748;395.0;3982.0;989.0;4445.0;12.0
2023-04-13;GM;2428;-3209.096883025556;2428;9.0;74.0;8.0;73.0;2.0
2023-04-13;IS;3908;-13236.718085299994;3908;97.0;165.0;84.0;548.0;10.0
2023-04-13;NI;3820;-7496.848978548233;3820;32.0;194.0;109.0;222.0;0.0
2023-04-13;PK;3059;-6814.191544882981;3059;35.0;178.0;43.0;233.0;1.0
2023-04-13;RS;8252;-27031.05191235965;8252;44.0;440.0;162.0;578.0;4.0
2023-04-13;TW;1753;-2778.962557241308;1753;15.0;49.0;4.0;86.0;0.0
2023-04-13;UP;7310;-19688.69372377726;7310;22.0;265.0;130.0;522.0;5.0
2023-04-13;US;68564;-137971.2625203437;68564;449.0;4174.0;1094.0;4225.0;21.0
2023-04-14;GM;2505;-4327.9371686057575;2505;16.0;81.0;24.0;108.0;0.0
2023-04-14;IS;3752;-13389.243703179063;3752;98.0;151.0;67.0;553.0;7.0
2023-04-14;NI;3792;-5226.892841320387;3792;21.0;166.0;129.0;143.0;0.0
2023-04-14;PK;2922;-5860.392573687183;2922;29.0;125.0;33.0;210.0;0.0
2023-04-14;RS;8384;-26696.665476337395;8384;38.0;472.0;135.0;557.0;3.0
2023-04-14;TW;1651;-3003.72087027528;1651;5.0;26.0;5.0;64.0;0.0
2023-04-14;UP;7533;-19841.3490149872;7533;43.0;350.0;148.0;547.0;3.0
2023-04-14;US;65351;-144262.06527887957;65351;380.0;4840.0;1031.0;4199.0;10.0
2023-04-15;GM;1429;-2753.3855994016976;1429;22.0;45.0;8.0;45.0;0.0
2023-04-15;IS;2699;-8729.357709633232;2699;112.0;102.0;47.0;335.0;7.0
2023-04-15;NI;2719;-4746.89079208346;2719;13.0;162.0;74.0;164.0;0.0
2023-04-15;PK;2110;-4632.385403575378;2110;19.0;145.0;35.0;170.0;0.0
2023-04-15;RS;4461;-16203.928416187431;4461;28.0;257.0;77.0;497.0;1.0
2023-04-15;TW;1135;-1364.901762069676;1135;13.0;17.0;3.0;38.0;0.0
2023-04-15;UP;3783;-11000.192091590628;3783;27.0;152.0;67.0;397.0;2.0
2023-04-15;US;37980;-75762.90755918635;37980;236.0;2603.0;544.0;2498.0;1.0
2023-04-16;GM;1207;-1823.263419290162;1207;10.0;43.0;0.0;42.0;0.0
2023-04-16;IS;3249;-10678.767296958536;3249;109.0;124.0;118.0;488.0;6.0
2023-04-16;NI;3294;-5838.876184924786;3294;21.0;268.0;69.0;197.0;6.0
2023-04-16;PK;1807;-4979.552049996314;1807;15.0;122.0;41.0;194.0;0.0
2023-04-16;RS;4230;-12168.82701276252;4230;37.0;178.0;78.0;488.0;0.0
2023-04-16;TW;1050;-1691.0816432329154;1050;4.0;7.0;1.0;43.0;0.0
2023-04-16;UP;4238;-11724.956562051528;4238;23.0;147.0;73.0;519.0;0.0
2023-04-16;US;27302;-58623.00347571119;27302;192.0;1492.0;353.0;2356.0;1.0
2023-04-17;GM;2417;-3288.906085877482;2417;36.0;86.0;17.0;72.0;4.0
2023-04-17;IS;4316;-11479.518312492592;4316;94.0;183.0;94.0;431.0;17.0
2023-04-17;NI;4069;-8340.298907281842;4069;52.0;262.0;127.0;228.0;3.0
2023-04-17;PK;2529;-9090.712163009606;2529;37.0;181.0;58.0;218.0;0.0
2023-04-17;RS;8977;-32120.53546547793;8977;88.0;617.0;100.0;612.0;0.0
2023-04-17;TW;1980;-3090.342482705625;1980;22.0;25.0;8.0;71.0;0.0
2023-04-17;UP;6476;-21251.52277529449;6476;71.0;391.0;71.0;521.0;3.0
2023-04-17;US;52935;-116287.60483182104;52935;408.0;3176.0;903.0;4073.0;10.0
2023-04-18;GM;2571;-3672.9105033745104;2571;19.0;120.0;24.0;87.0;0.0
2023-04-18;IS;4818;-12905.733130051389;4818;80.0;198.0;97.0;690.0;3.0
2023-04-18;NI;4196;-8313.6067813921;4196;34.0;230.0;118.0;228.0;1.0
2023-04-18;PK;2387;-7539.723341511043;2387;44.0;130.0;45.0;206.0;0.0
2023-04-18;RS;10371;-34327.86624572028;10371;78.0;571.0;151.0;523.0;0.0
2023-04-18;TW;1458;-2557.025997708083;1458;5.0;38.0;7.0;57.0;0.0
2023-04-18;UP;7328;-21681.753692333685;7328;53.0;251.0;88.0;470.0;0.0
2023-04-18;US;63121;-140682.05243981554;63121;407.0;3949.0;1137.0;4540.0;3.0
2023-04-19;GM;3040;-5508.897664140027;3040;32.0;110.0;16.0;167.0;0.0
2023-04-19;IS;5190;-12112.28044450364;5190;122.0;215.0;79.0;545.0;9.0
2023-04-19;NI;4836;-8501.873354990981;4836;27.0;240.0;104.0;207.0;4.0
2023-04-19;PK;2125;-4325.781037398572;2125;6.0;116.0;42.0;130.0;0.0
2023-04-19;RS;8415;-26988.160933913565;8415;37.0;408.0;146.0;545.0;1.0
2023-04-19;TW;1381;-1899.3919467104884;1381;14.0;25.0;4.0;45.0;0.0
2023-04-19;UP;7074;-20848.471508522493;7074;31.0;254.0;111.0;543.0;1.0
2023-04-19;US;65377;-141221.53201493318;65377;492.0;3988.0;1128.0;4393.0;5.0
2023-04-20;GM;2574;-4810.0709577062435;2574;14.0;138.0;39.0;124.0;0.0
2023-04-20;IS;4624;-8662.63543123613;4624;97.0;178.0;67.0;364.0;14.0
2023-04-20;NI;4992;-9409.176497220851;4992;38.0;254.0;91.0;277.0;1.0
2023-04-20;PK;3338;-4900.368427951531;3338;23.0;91.0;27.0;142.0;1.0
2023-04-20;RS;7034;-16159.609768551334;7034;20.0;308.0;97.0;547.0;0.0
2023-04-20;TW;1080;-1171.375861440186;1080;3.0;21.0;1.0;36.0;0.0
2023-04-20;UP;7036;-14218.52603613517;7036;21.0;222.0;91.0;544.0;2.0
2023-04-20;US;63326;-131551.51741845824;63326;357.0;3866.0;1015.0;4096.0;13.0
2023-04-21;GM;3087;-3679.8616695567393;3087;38.0;73.0;18.0;124.0;0.0
2023-04-21;IS;3136;-5425.782598385916;3136;63.0;90.0;35.0;264.0;6.0
2023-04-21;NI;4144;-3436.7346125045506;4144;15.0;224.0;86.0;267.0;0.0
2023-04-21;PK;2867;-6694.246460279119;2867;51.0;114.0;30.0;148.0;0.0
2023-04-21;RS;7598;-19116.729330267284;7598;43.0;307.0;90.0;621.0;0.0
2023-04-21;TW;1137;-1678.6930155621742;1137;7.0;23.0;7.0;29.0;0.0
2023-04-21;UP;7109;-12797.542578364682;7109;49.0;197.0;89.0;545.0;1.0
2023-04-21;US;60623;-124824.69954939932;60623;382.0;3720.0;923.0;4091.0;1.0
2023-04-22;GM;1845;-3133.9708662564935;1845;9.0;86.0;17.0;73.0;0.0
2023-04-22;IS;1902;-6066.034236118433;1902;64.0;74.0;31.0;177.0;2.0
2023-04-22;NI;3317;-2832.4722001755154;3317;21.0;93.0;79.0;171.0;0.0
2023-04-22;PK;1732;-3788.1623628683506;1732;29.0;67.0;30.0;98.0;4.0
2023-04-22;RS;4030;-13644.21602653982;4030;21.0;264.0;98.0;451.0;0.0
2023-04-22;TW;696;-867.3333613725367;696;7.0;15.0;3.0;29.0;0.0
2023-04-22;UP;4031;-10642.661911316423;4031;52.0;129.0;116.0;451.0;0.0
2023-04-22;US;35378;-72963.7745276142;35378;230.0;1963.0;520.0;2269.0;3.0
2023-04-23;GM;1365;-3142.338437677715;1365;14.0;48.0;10.0;85.0;0.0
2023-04-23;IS;3019;-7732.234764487128;3019;122.0;168.0;64.0;295.0;7.0
2023-04-23;NI;2929;-4464.276084782464;2929;17.0;181.0;42.0;137.0;0.0
2023-04-23;PK;1603;-4549.186112261039;1603;9.0;91.0;29.0;91.0;0.0
2023-04-23;RS;4323;-14161.987931334854;4323;32.0;190.0;112.0;525.0;0.0
2023-04-23;TW;772;-784.7653091098781;772;2.0;13.0;3.0;6.0;0.0
2023-04-23;UP;3463;-9942.452305130751;3463;23.0;89.0;100.0;486.0;0.0
2023-04-23;US;26579;-50664.933922122815;26579;177.0;1452.0;300.0;1794.0;3.0
2023-04-24;GM;2842;-4648.623670043431;2842;33.0;52.0;14.0;115.0;0.0
2023-04-24;IS;4179;-12582.415752836743;4179;106.0;242.0;83.0;604.0;4.0
2023-04-24;NI;4243;-5898.364241718366;4243;14.0;140.0;72.0;290.0;0.0
2023-04-24;PK;2108;-7164.5964835376035;2108;10.0;91.0;35.0;242.0;0.0
2023-04-24;RS;7735;-23912.978907805813;7735;31.0;305.0;84.0;660.0;0.0
2023-04-24;TW;1609;-710.9576471271513;1609;8.0;13.0;3.0;27.0;0.0
2023-04-24;UP;5313;-15239.458544012345;5313;24.0;124.0;61.0;538.0;0.0
2023-04-24;US;52089;-96885.75471850364;52089;337.0;2881.0;706.0;3380.0;7.0
2023-04-25;GM;2727;-5216.205943775115;2727;20.0;75.0;19.0;122.0;0.0
2023-04-25;IS;4330;-11915.508866116834;4330;106.0;234.0;53.0;571.0;15.0
2023-04-25;NI;4324;-3837.514860223162;4324;27.0;152.0;40.0;183.0;0.0
2023-04-25;PK;2957;-10868.12789848706;2957;41.0;77.0;52.0;296.0;1.0
2023-04-25;RS;8335;-25652.957386908856;8335;58.0;347.0;133.0;625.0;0.0
2023-04-25;TW;1541;-538.6553322600236;1541;3.0;77.0;8.0;54.0;0.0
2023-04-25;UP;5663;-16279.407595945326;5663;29.0;160.0;109.0;577.0;0.0
2023-04-25;US;60883;-119101.06955361148;60883;403.0;3643.0;1149.0;3737.0;5.0
2023-04-26;GM;2704;-5284.234934729779;2704;20.0;110.0;10.0;118.0;0.0
2023-04-26;IS;3905;-7426.478180009751;3905;85.0;147.0;61.0;281.0;27.0
2023-04-26;NI;4820;-5876.38933778852;4820;31.0;164.0;55.0;237.0;4.0
2023-04-26;PK;2950;-7110.606433850535;2950;45.0;96.0;50.0;215.0;6.0
2023-04-26;RS;8799;-26783.547015452776;8799;53.0;406.0;103.0;617.0;5.0
2023-04-26;TW;1361;-2197.2456188321125;1361;8.0;77.0;5.0;94.0;0.0
2023-04-26;UP;6851;-17732.954935651385;6851;38.0;170.0;80.0;545.0;3.0
2023-04-26;US;64454;-126000.02660872332;64454;375.0;3816.0;1103.0;4015.0;10.0
2023-04-27;GM;2674;-4457.402053221988;2674;30.0;102.0;19.0;127.0;1.0
2023-04-27;IS;4441;-12821.629682636873;4441;145.0;135.0;78.0;479.0;24.0
2023-04-27;NI;4841;-5675.505354343448;4841;36.0;145.0;73.0;192.0;7.0
2023-04-27;PK;2878;-4783.768890071826;2878;23.0;87.0;30.0;199.0;0.0
2023-04-27;RS;8333;-23976.75284555384;8333;43.0;382.0;129.0;738.0;3.0
2023-04-27;TW;801;-973.3496778741684;801;2.0;13.0;1.0;30.0;0.0
2023-04-27;UP;7163;-16028.98945877549;7163;26.0;189.0;150.0;737.0;0.0
2023-04-27;US;64635;-127247.03867179967;64635;281.0;4252.0;1051.0;3668.0;12.0
2023-04-28;GM;2119;-2924.9267399325527;2119;18.0;86.0;17.0;102.0;1.0
2023-04-28;IS;3653;-9697.10562354721;3653;68.0;129.0;58.0;418.0;14.0
2023-04-28;NI;4641;-3937.04793730478;4641;19.0;226.0;80.0;208.0;0.0
2023-04-28;PK;2943;-7447.397620065061;2943;37.0;134.0;62.0;274.0;0.0
2023-04-28;RS;8458;-26351.82906678705;8458;48.0;373.0;144.0;1033.0;5.0
2023-04-28;TW;1243;-1746.720132862954;1243;0.0;33.0;3.0;101.0;0.0
2023-04-28;UP;7715;-21261.058253541905;7715;27.0;159.0;126.0;1104.0;1.0
2023-04-28;US;60079;-113949.57585409758;60079;339.0;3616.0;877.0;3470.0;4.0
2023-04-29;GM;987;-1331.957102403482;987;13.0;65.0;8.0;64.0;0.0
2023-04-29;IS;2185;-6055.62586226839;2185;53.0;76.0;30.0;306.0;12.0
2023-04-29;NI;3617;-1643.9493737074583;3617;20.0;100.0;46.0;134.0;0.0
2023-04-29;PK;2841;-8216.272251805609;2841;24.0;148.0;88.0;322.0;0.0
2023-04-29;RS;5178;-16218.57619828073;5178;41.0;255.0;92.0;612.0;1.0
2023-04-29;TW;779;-1257.3204772406375;779;1.0;23.0;3.0;40.0;0.0
2023-04-29;UP;4426;-14388.151585502008;4426;30.0;162.0;76.0;628.0;0.0
2023-04-29;US;35174;-70053.76522019938;35174;204.0;2142.0;473.0;2393.0;8.0
2023-04-30;GM;1030;-1587.6235994324654;1030;15.0;51.0;12.0;74.0;0.0
2023-04-30;IS;3049;-6634.7941018374295;3049;66.0;104.0;50.0;317.0;9.0
2023-04-30;NI;3537;-3483.6409230712256;3537;19.0;119.0;33.0;182.0;0.0
2023-04-30;PK;1985;-4759.343876216492;1985;34.0;97.0;23.0;163.0;0.0
2023-04-30;RS;5147;-16778.82805719203;5147;19.0;192.0;85.0;695.0;3.0
2023-04-30;TW;558;-936.488906969254;558;2.0;14.0;1.0;19.0;0.0
2023-04-30;UP;4141;-13362.101171642817;4141;16.0;81.0;64.0;745.0;1.0
2023-04-30;US;28408;-51138.71865856214;28408;146.0;1445.0;385.0;2009.0;12.0
2023-05-01;GM;1678;-1541.0897790180582;1678;47.0;54.0;12.0;80.0;2.0
2023-05-01;IS;4521;-9208.855736001886;4521;78.0;146.0;83.0;498.0;7.0
2023-05-01;NI;4439;-2442.1068970795595;4439;33.0;156.0;115.0;160.0;4.0
2023-05-01;PK;1975;-5179.8526379389405;1975;26.0;132.0;30.0;149.0;0.0
2023-05-01;RS;6445;-21561.425338864283;6445;37.0;236.0;136.0;1071.0;0.0
2023-05-01;TW;1017;-629.0276673513828;1017;3.0;18.0;3.0;44.0;0.0
2023-05-01;UP;6171;-19761.66944102188;6171;24.0;184.0;104.0;1181.0;1.0
2023-05-01;US;51274;-87448.10236311081;51274;296.0;2650.0;843.0;3352.0;14.0
2023-05-02;GM;2118;-1142.832396212745;2118;22.0;114.0;19.0;92.0;0.0
2023-05-02;IS;6345;-36036.50009049883;6345;562.0;376.0;144.0;773.0;9.0
2023-05-02;NI;4342;-4028.9321324799794;4342;16.0;257.0;46.0;133.0;0.0
2023-05-02;PK;2983;-5676.736136803427;2983;28.0;170.0;46.0;201.0;0.0
2023-05-02;RS;6739;-22041.949951363924;6739;35.0;287.0;130.0;865.0;0.0
2023-05-02;TW;885;-969.5365515004538;885;5.0;25.0;1.0;22.0;0.0
2023-05-02;UP;5669;-16056.880064054005;5669;26.0;152.0;112.0;829.0;0.0
2023-05-02;US;61996;-117075.59919360654;61996;440.0;3665.0;1085.0;3806.0;2.0
2023-05-03;GM;2673;-3793.7135815193833;2673;8.0;170.0;25.0;172.0;1.0
2023-05-03;IS;5801;-27747.247243914317;5801;355.0;315.0;110.0;772.0;12.0
2023-05-03;NI;4817;-3906.7483786410617;4817;32.0;254.0;71.0;135.0;3.0
2023-05-03;PK;3100;-5775.306318280613;3100;47.0;138.0;27.0;192.0;0.0
2023-05-03;RS;8605;-31494.935642065837;8605;39.0;350.0;249.0;1015.0;1.0
2023-05-03;TW;856;-755.3616468197786;856;2.0;16.0;1.0;41.0;0.0
2023-05-03;UP;8049;-26506.197069157937;8049;31.0;176.0;271.0;1035.0;0.0
2023-05-03;US;64247;-120810.61484710954;64247;438.0;3964.0;1040.0;4218.0;15.0
2023-05-04;GM;2528;-4451.406924275726;2528;20.0;116.0;32.0;119.0;5.0
2023-05-04;IS;5285;-19971.05615721297;5285;174.0;200.0;77.0;1118.0;15.0
2023-05-04;NI;4625;-5668.089268156054;4625;24.0;246.0;81.0;183.0;3.0
2023-05-04;PK;4772;-8009.964813836175;4772;37.0;139.0;43.0;368.0;1.0
2023-05-04;RS;10456;-42572.14375771757;10456;28.0;376.0;294.0;1174.0;5.0
2023-05-04;TW;878;-537.4849623131245;878;12.0;18.0;3.0;12.0;0.0
2023-05-04;UP;9965;-42278.0481613708;9965;18.0;273.0;287.0;1223.0;3.0
2023-05-04;US;63255;-134050.3772570594;63255;450.0;4050.0;1076.0;4128.0;11.0
2023-05-05;GM;2064;-2477.608689184729;2064;26.0;55.0;24.0;89.0;1.0
2023-05-05;IS;3803;-11561.40739936468;3803;135.0;160.0;109.0;510.0;11.0
2023-05-05;NI;4754;-8035.489025844819;4754;12.0;399.0;124.0;258.0;6.0
2023-05-05;PK;4605;-9199.034204662352;4605;43.0;114.0;43.0;335.0;3.0
2023-05-05;RS;8520;-32696.186427950295;8520;31.0;343.0;257.0;801.0;0.0
2023-05-05;TW;929;-1093.2524617712563;929;15.0;25.0;6.0;24.0;0.0
2023-05-05;UP;6712;-25858.114989330377;6712;23.0;229.0;238.0;693.0;0.0
2023-05-05;US;61294;-119628.77449648766;61294;355.0;3936.0;1081.0;3814.0;3.0
2023-05-06;GM;1299;-1207.436868535612;1299;6.0;65.0;11.0;83.0;0.0
2023-05-06;IS;2264;-9280.508765284772;2264;82.0;121.0;89.0;432.0;3.0
2023-05-06;NI;3419;-2951.2827938401574;3419;11.0;299.0;77.0;159.0;0.0
2023-05-06;PK;3437;-6159.72404847009;3437;42.0;74.0;31.0;343.0;0.0
2023-05-06;RS;5262;-21544.408738841852;5262;41.0;316.0;184.0;712.0;0.0
2023-05-06;TW;502;-821.6285453280162;502;9.0;24.0;0.0;11.0;0.0
2023-05-06;UP;4429;-13924.440833340805;4429;7.0;145.0;112.0;596.0;0.0
2023-05-06;US;35060;-59797.816370430744;35060;240.0;1963.0;504.0;2357.0;3.0
2023-05-07;GM;1047;-1010.8422334606496;1047;7.0;35.0;13.0;31.0;1.0
2023-05-07;IS;2977;-10354.78083762004;2977;77.0;242.0;39.0;387.0;2.0
2023-05-07;NI;3549;-2054.536688806807;3549;16.0;180.0;60.0;145.0;0.0
2023-05-07;PK;3629;-4278.191490958174;3629;26.0;115.0;37.0;260.0;0.0
2023-05-07;RS;4598;-18582.074450982916;4598;21.0;211.0;101.0;696.0;1.0
2023-05-07;TW;391;-454.7858557945901;391;0.0;15.0;0.0;19.0;0.0
2023-05-07;UP;3911;-14878.34078906836;3911;10.0;146.0;84.0;583.0;0.0
2023-05-07;US;26826;-52487.119036088225;26826;184.0;1438.0;406.0;2434.0;16.0
2023-05-08;GM;2101;-3015.502247389847;2101;24.0;64.0;10.0;68.0;1.0
2023-05-08;IS;4427;-11110.346231602438;4427;104.0;297.0;63.0;335.0;14.0
2023-05-08;NI;4366;-3602.988510132035;4366;50.0;171.0;102.0;191.0;0.0
2023-05-08;PK;3880;-6912.71207561941;3880;20.0;178.0;56.0;234.0;3.0
2023-05-08;RS;6647;-23797.127133007885;6647;46.0;247.0;166.0;868.0;2.0
2023-05-08;TW;735;-717.0742833027343;735;2.0;11.0;2.0;17.0;0.0
2023-05-08;UP;5389;-19074.762911618094;5389;30.0;157.0;168.0;894.0;2.0
2023-05-08;US;50936;-105695.80569509296;50936;332.0;2694.0;930.0;4070.0;28.0
2023-05-09;GM;2705;-4335.286097161658;2705;25.0;90.0;24.0;146.0;0.0
2023-05-09;IS;6561;-24563.33718374273;6561;115.0;239.0;231.0;1146.0;13.0
2023-05-09;NI;4469;-2028.706194171633;4469;39.0;182.0;158.0;200.0;0.0
2023-05-09;PK;4439;-16059.583341282332;4439;116.0;513.0;217.0;344.0;0.0
2023-05-09;RS;8312;-25667.104587465503;8312;54.0;245.0;187.0;1089.0;2.0
2023-05-09;TW;997;-510.8803604591224;997;9.0;25.0;1.0;21.0;0.0
2023-05-09;UP;6161;-18135.50751407059;6161;32.0;130.0;126.0;966.0;0.0
2023-05-09;US;61708;-129509.60966913468;61708;418.0;3551.0;1245.0;4633.0;11.0
2023-05-10;GM;2451;-2710.68566094271;2451;10.0;77.0;29.0;101.0;0.0
2023-05-10;IS;5866;-25543.91143357026;5866;73.0;138.0;145.0;1476.0;9.0
2023-05-10;NI;4847;-1251.7454074052416;4847;26.0;260.0;60.0;148.0;1.0
2023-05-10;PK;5329;-24086.728613697323;5329;315.0;768.0;312.0;488.0;0.0
2023-05-10;RS;7252;-22073.663703310704;7252;42.0;264.0;114.0;865.0;4.0
2023-05-10;TW;802;-363.185704121271;802;2.0;16.0;4.0;18.0;0.0
2023-05-10;UP;5314;-14923.826350676149;5314;16.0;118.0;92.0;905.0;8.0
2023-05-10;US;64041;-141377.35884146747;64041;424.0;3953.0;1137.0;4127.0;6.0
2023-05-11;GM;2781;-5337.595657900427;2781;10.0;79.0;35.0;177.0;0.0
2023-05-11;IS;6854;-33500.32709491962;6854;49.0;194.0;222.0;1749.0;29.0
2023-05-11;NI;4593;-3155.482029052435;4593;46.0;254.0;80.0;188.0;0.0
2023-05-11;PK;4314;-20975.688095004552;4314;183.0;588.0;228.0;400.0;0.0
2023-05-11;RS;8285;-25931.54528018877;8285;62.0;244.0;138.0;782.0;4.0
2023-05-11;TW;855;-1202.806831585469;855;7.0;16.0;12.0;26.0;0.0
2023-05-11;UP;6471;-19512.20018420615;6471;26.0;144.0;110.0;748.0;5.0
2023-05-11;US;61595;-131891.18730261055;61595;340.0;3719.0;1020.0;3873.0;20.0
2023-05-12;GM;2665;-4165.199687784725;2665;9.0;85.0;34.0;91.0;0.0
2023-05-12;IS;4770;-25233.79213215263;4770;69.0;149.0;193.0;1148.0;23.0
2023-05-12;NI;4408;-3068.1180607460283;4408;31.0;231.0;92.0;177.0;0.0
2023-05-12;PK;3757;-14075.111748461171;3757;134.0;406.0;91.0;288.0;3.0
2023-05-12;RS;8313;-24744.180497443995;8313;18.0;244.0;124.0;688.0;3.0
2023-05-12;TW;1071;-2737.6245192238307;1071;8.0;34.0;6.0;74.0;0.0
2023-05-12;UP;7256;-19064.33191451471;7256;18.0;168.0;85.0;620.0;2.0
2023-05-12;US;58464;-130966.05432441553;58464;303.0;3693.0;910.0;3851.0;4.0
2023-05-13;GM;2063;-2130.708223714829;2063;5.0;47.0;14.0;106.0;0.0
2023-05-13;IS;3888;-20685.12267739549;3888;49.0;145.0;126.0;1011.0;5.0
2023-05-13;NI;3369;-1417.4790953886363;3369;14.0;183.0;53.0;116.0;0.0
2023-05-13;PK;2799;-13193.939863850794;2799;94.0;335.0;56.0;333.0;0.0
2023-05-13;RS;6293;-15369.595173813366;6293;23.0;160.0;95.0;762.0;0.0
2023-05-13;TW;527;-564.9845518336787;527;0.0;12.0;5.0;23.0;0.0
2023-05-13;UP;7161;-12842.1856162343;7161;18.0;129.0;69.0;729.0;0.0
2023-05-13;US;34498;-77083.8682723835;34498;223.0;2140.0;478.0;2579.0;3.0
2023-05-14;GM;2646;-809.0910571271774;2646;15.0;32.0;7.0;131.0;0.0
2023-05-14;IS;4592;-20154.840152350516;4592;88.0;131.0;118.0;882.0;29.0
2023-05-14;NI;3756;-2930.7798085072673;3756;25.0;189.0;99.0;149.0;0.0
2023-05-14;PK;2351;-9042.40722222243;2351;79.0;263.0;73.0;209.0;0.0
2023-05-14;RS;4932;-11314.669820884585;4932;12.0;163.0;87.0;791.0;0.0
2023-05-14;TW;419;-539.4124577517066;419;1.0;3.0;0.0;15.0;0.0
2023-05-14;UP;6417;-8465.37848149229;6417;6.0;166.0;115.0;814.0;2.0
2023-05-14;US;24016;-43980.30871393734;24016;179.0;1190.0;295.0;1769.0;1.0
2023-05-15;GM;3346;-2167.632258819207;3346;19.0;74.0;16.0;129.0;0.0
2023-05-15;IS;5309;-18170.222359099513;5309;94.0;172.0;97.0;636.0;70.0
2023-05-15;NI;4139;-4224.2349922698495;4139;34.0;223.0;100.0;147.0;4.0
2023-05-15;PK;3011;-9390.204657695149;3011;130.0;313.0;93.0;168.0;0.0
2023-05-15;RS;9104;-22167.11944844182;9104;26.0;261.0;91.0;877.0;1.0
2023-05-15;TW;617;-872.3827802629893;617;4.0;22.0;2.0;44.0;0.0
2023-05-15;UP;10300;-17220.93981379032;10300;20.0;189.0;87.0;945.0;1.0
2023-05-15;US;48281;-89814.17097551639;48281;272.0;2838.0;729.0;3141.0;7.0
2023-05-16;GM;2842;-3783.828513617189;2842;9.0;103.0;10.0;162.0;2.0
2023-05-16;IS;4113;-13520.076690924378;4113;97.0;131.0;103.0;500.0;31.0
2023-05-16;NI;4520;-6740.396503358735;4520;11.0;301.0;126.0;176.0;0.0
2023-05-16;PK;2815;-9342.707422727744;2815;89.0;299.0;71.0;220.0;0.0
2023-05-16;RS;9670;-28320.615648052903;9670;64.0;468.0;121.0;1130.0;6.0
2023-05-16;TW;989;-513.2318244888446;989;1.0;32.0;2.0;43.0;0.0
2023-05-16;UP;8923;-22226.451943855463;8923;26.0;220.0;111.0;1149.0;2.0
2023-05-16;US;58825;-120617.67289449608;58825;377.0;3751.0;957.0;3964.0;22.0
2023-05-17;GM;2736;-3701.897699458443;2736;17.0;152.0;9.0;133.0;0.0
2023-05-17;IS;3860;-10419.0508831235;3860;95.0;179.0;47.0;473.0;8.0
2023-05-17;NI;5183;-8265.16283791195;5183;35.0;206.0;188.0;445.0;6.0
2023-05-17;PK;3254;-12450.628158634054;3254;83.0;323.0;37.0;327.0;1.0
2023-05-17;RS;9517;-24351.566829673327;9517;51.0;416.0;116.0;935.0;2.0
2023-05-17;TW;1334;-1745.4624329944766;1334;4.0;25.0;3.0;37.0;0.0
2023-05-17;UP;7873;-15083.962399146949;7873;21.0;181.0;87.0;864.0;0.0
2023-05-17;US;65008;-132065.41163823148;65008;342.0;4098.0;1108.0;3994.0;7.0
2023-05-18;GM;2499;-2494.912542510659;2499;8.0;87.0;18.0;85.0;2.0
2023-05-18;IS;4664;-12667.484653088854;4664;121.0;216.0;95.0;555.0;8.0
2023-05-18;NI;5792;-9189.33629015118;5792;33.0;274.0;164.0;385.0;0.0
2023-05-18;PK;3697;-12575.083108263245;3697;50.0;262.0;25.0;322.0;0.0
2023-05-18;RS;9471;-24688.45950822592;9471;47.0;339.0;160.0;930.0;1.0
2023-05-18;TW;1127;-549.47969050562;1127;4.0;21.0;2.0;26.0;0.0
2023-05-18;UP;7630;-17867.796163593543;7630;18.0;195.0;111.0;958.0;1.0
2023-05-18;US;62608;-132454.2831935743;62608;306.0;4387.0;1056.0;3997.0;13.0
2023-05-19;GM;2626;-3367.504604674596;2626;19.0;76.0;12.0;91.0;1.0
2023-05-19;IS;3594;-10659.495778527757;3594;58.0;120.0;105.0;363.0;18.0
2023-05-19;NI;5292;-8203.58061345352;5292;30.0;268.0;228.0;299.0;1.0
2023-05-19;PK;3425;-11909.995792745896;3425;54.0;289.0;42.0;205.0;8.0
2023-05-19;RS;10568;-26848.94467123335;10568;84.0;551.0;123.0;730.0;2.0
2023-05-19;TW;898;-52.50493900566101;898;0.0;15.0;0.0;22.0;0.0
2023-05-19;UP;9604;-20371.098143163763;9604;36.0;210.0;84.0;664.0;0.0
2023-05-19;US;59777;-117644.54353414204;59777;314.0;3807.0;960.0;3509.0;9.0
2023-05-20;GM;1750;-1467.0467220802827;1750;7.0;36.0;6.0;40.0;0.0
2023-05-20;IS;1865;-6239.382716503007;1865;48.0;96.0;46.0;230.0;12.0
2023-05-20;NI;3916;-4207.220630061011;3916;19.0;159.0;153.0;220.0;0.0
2023-05-20;PK;2680;-8617.48769022941;2680;36.0;206.0;54.0;236.0;1.0
2023-05-20;RS;7672;-20644.706788294498;7672;54.0;416.0;71.0;634.0;0.0
2023-05-20;TW;506;-913.25375174416;506;0.0;13.0;8.0;15.0;0.0
2023-05-20;UP;8430;-14486.849808575193;8430;23.0;184.0;59.0;569.0;4.0
2023-05-20;US;35016;-69905.5079053614;35016;159.0;2110.0;531.0;2173.0;7.0
2023-05-21;GM;1770;-2849.540059222342;1770;10.0;45.0;10.0;71.0;0.0
2023-05-21;IS;2846;-9718.3061335352;2846;39.0;107.0;59.0;363.0;14.0
2023-05-21;NI;3532;-3113.423556964759;3532;21.0;146.0;68.0;184.0;1.0
2023-05-21;PK;2359;-6913.046046187457;2359;51.0;170.0;44.0;222.0;0.0
2023-05-21;RS;7318;-18997.57909514505;7318;39.0;329.0;123.0;672.0;0.0
2023-05-21;TW;548;-489.86646267803434;548;1.0;11.0;2.0;13.0;0.0
2023-05-21;UP;7964;-14028.15473587185;7964;25.0;165.0;82.0;659.0;6.0
2023-05-21;US;26891;-47239.45384625789;26891;117.0;1539.0;345.0;1808.0;6.0
2023-05-22;GM;2476;-3434.1215520281194;2476;8.0;106.0;24.0;99.0;1.0
2023-05-22;IS;4500;-17800.416064026296;4500;37.0;166.0;108.0;774.0;13.0
2023-05-22;NI;4696;-2679.7106212593017;4696;42.0;233.0;87.0;189.0;3.0
2023-05-22;PK;3045;-7953.270282879225;3045;59.0;211.0;49.0;247.0;0.0
2023-05-22;RS;8739;-24962.799577180584;8739;41.0;425.0;166.0;1100.0;8.0
2023-05-22;TW;728;-107.99481447271616;728;6.0;7.0;3.0;19.0;0.0
2023-05-22;UP;7930;-17145.77636259299;7930;36.0;162.0;125.0;990.0;3.0
2023-05-22;US;48700;-91085.99271641862;48700;290.0;2877.0;779.0;3099.0;10.0
2023-05-23;GM;2762;-5171.210337319676;2762;19.0;130.0;47.0;164.0;1.0
2023-05-23;IS;4079;-11276.447482877413;4079;61.0;120.0;68.0;492.0;15.0
2023-05-23;NI;4465;-2057.3668866527655;4465;53.0;200.0;67.0;147.0;0.0
2023-05-23;PK;2969;-9280.870636953106;2969;36.0;224.0;53.0;181.0;0.0
2023-05-23;RS;9691;-30186.25965931827;9691;25.0;454.0;146.0;1160.0;4.0
2023-05-23;TW;861;-275.1751337811859;861;5.0;13.0;4.0;24.0;0.0
2023-05-23;UP;6990;-18433.860537584103;6990;14.0;164.0;84.0;912.0;3.0
2023-05-23;US;56732;-114045.16146207888;56732;262.0;3511.0;930.0;3881.0;6.0
2023-05-24;GM;2868;-3853.247705509544;2868;29.0;127.0;21.0;183.0;1.0
2023-05-24;IS;4190;-13201.594433560538;4190;83.0;169.0;123.0;475.0;12.0
2023-05-24;NI;4879;-2366.0559646323804;4879;52.0;272.0;86.0;150.0;0.0
2023-05-24;PK;3323;-11218.88051955101;3323;83.0;367.0;81.0;238.0;0.0
2023-05-24;RS;9432;-29638.565736357912;9432;55.0;555.0;132.0;1077.0;5.0
2023-05-24;TW;750;-433.97935398183023;750;2.0;23.0;0.0;19.0;0.0
2023-05-24;UP;6671;-19759.068797643587;6671;17.0;204.0;92.0;832.0;2.0
2023-05-24;US;61180;-127802.74168660009;61180;332.0;4169.0;932.0;3929.0;13.0
2023-05-25;GM;2796;-4820.961990249722;2796;18.0;155.0;13.0;138.0;0.0
2023-05-25;IS;3640;-11088.264335422891;3640;57.0;192.0;88.0;339.0;13.0
2023-05-25;NI;4662;-2457.488786170822;4662;34.0;185.0;63.0;153.0;0.0
2023-05-25;PK;2904;-8311.860195558362;2904;31.0;254.0;61.0;176.0;0.0
2023-05-25;RS;9775;-29457.82193076261;9775;29.0;423.0;158.0;1104.0;0.0
2023-05-25;TW;836;-633.2014248065634;836;8.0;24.0;9.0;24.0;0.0
2023-05-25;UP;6997;-20865.32863842943;6997;14.0;192.0;122.0;932.0;0.0
2023-05-25;US;61380;-130588.27525270668;61380;346.0;4026.0;928.0;4250.0;11.0
2023-05-26;GM;2896;-5925.855283125278;2896;25.0;161.0;27.0;116.0;1.0
2023-05-26;IS;2380;-8003.407985725947;2380;31.0;90.0;121.0;352.0;3.0
2023-05-26;NI;4047;-1368.4294684419683;4047;22.0;175.0;78.0;157.0;0.0
2023-05-26;PK;3006;-8154.589497847336;3006;27.0;272.0;31.0;163.0;1.0
2023-05-26;RS;9355;-27668.349412323805;9355;43.0;338.0;93.0;1120.0;9.0
2023-05-26;TW;717;-1006.0421107068046;717;11.0;31.0;6.0;23.0;0.0
2023-05-26;UP;7253;-21189.2487807796;7253;24.0;186.0;116.0;1070.0;4.0
2023-05-26;US;54235;-113046.72803720189;54235;280.0;3659.0;814.0;3641.0;0.0
2023-05-27;GM;1735;-4397.830933585789;1735;12.0;127.0;19.0;91.0;0.0
2023-05-27;IS;1401;-3371.0638755253867;1401;25.0;51.0;35.0;156.0;1.0
2023-05-27;NI;3283;441.92260785857127;3283;23.0;111.0;88.0;108.0;0.0
2023-05-27;PK;2300;-6033.450293653815;2300;19.0;137.0;42.0;117.0;0.0
2023-05-27;RS;5203;-16642.370510688757;5203;32.0;187.0;51.0;675.0;1.0
2023-05-27;TW;514;-101.1141771491358;514;4.0;15.0;9.0;11.0;0.0
2023-05-27;UP;3925;-12690.876144833444;3925;30.0;65.0;54.0;657.0;0.0
2023-05-27;US;30809;-59187.78934831417;30809;188.0;1916.0;453.0;1919.0;7.0
2023-05-28;GM;1258;-3169.490580538483;1258;21.0;62.0;3.0;114.0;0.0
2023-05-28;IS;2714;-5994.380583616823;2714;55.0;101.0;61.0;251.0;11.0
2023-05-28;NI;4155;-1723.2772249910324;4155;35.0;191.0;71.0;184.0;8.0
2023-05-28;PK;1926;-4941.203168652481;1926;25.0;114.0;47.0;166.0;1.0
2023-05-28;RS;4512;-15191.733758877046;4512;23.0;119.0;67.0;783.0;1.0
2023-05-28;TW;454;-433.437319420169;454;1.0;1.0;5.0;14.0;0.0
2023-05-28;UP;3373;-13470.722592919288;3373;19.0;49.0;62.0;731.0;5.0
2023-05-28;US;24122;-44845.63245101743;24122;125.0;1280.0;307.0;1742.0;3.0
2023-05-29;GM;1457;-3058.329985491785;1457;10.0;75.0;18.0;116.0;0.0
2023-05-29;IS;3427;-9527.45447583675;3427;62.0;146.0;93.0;477.0;19.0
2023-05-29;NI;4707;612.6575408394602;4707;52.0;135.0;82.0;122.0;0.0
2023-05-29;PK;2212;-5230.529341349519;2212;58.0;119.0;41.0;119.0;0.0
2023-05-29;RS;6549;-20046.731418335356;6549;26.0;234.0;101.0;988.0;1.0
2023-05-29;TW;429;39.58924698426128;429;1.0;4.0;0.0;25.0;0.0
2023-05-29;UP;5004;-18147.938594475458;5004;14.0;98.0;86.0;1038.0;0.0
2023-05-29;US;29519;-49844.36651442822;29519;151.0;1496.0;392.0;2218.0;11.0
2023-05-30;GM;1898;-3718.6016690285705;1898;23.0;108.0;15.0;110.0;0.0
2023-05-30;IS;4333;-9910.155232255216;4333;51.0;129.0;69.0;605.0;24.0
2023-05-30;NI;4455;-2253.847520663602;4455;13.0;214.0;56.0;157.0;2.0
2023-05-30;PK;2804;-9102.843340612668;2804;81.0;212.0;65.0;183.0;1.0
2023-05-30;RS;7898;-28064.103484552325;7898;48.0;307.0;186.0;1096.0;2.0
2023-05-30;TW;729;-108.13087964778084;729;6.0;3.0;4.0;29.0;0.0
2023-05-30;UP;6060;-22738.298936478302;6060;29.0;153.0;165.0;1119.0;5.0
2023-05-30;US;47865;-90106.78137810506;47865;236.0;2776.0;738.0;3415.0;7.0
2023-05-31;GM;2227;-4847.211547242571;2227;18.0;143.0;25.0;94.0;5.0
2023-05-31;IS;4594;-14384.157034070962;4594;68.0;178.0;104.0;607.0;27.0
2023-05-31;NI;4507;-3650.428691580148;4507;23.0;214.0;46.0;149.0;1.0
2023-05-31;PK;2644;-7236.987986532591;2644;30.0;251.0;34.0;222.0;1.0
2023-05-31;RS;8020;-26884.83644879784;8020;31.0;273.0;218.0;951.0;2.0
2023-05-31;TW;620;-359.56667289788663;620;1.0;10.0;1.0;26.0;0.0
2023-05-31;UP;6024;-19103.652726505625;6024;17.0;175.0;147.0;888.0;0.0
2023-05-31;US;59017;-126141.33260243002;59017;347.0;3777.0;1161.0;3816.0;14.0
2023-06-01;GM;2622;-3491.446099694161;2622;24.0;114.0;18.0;110.0;2.0
2023-06-01;IS;3725;-8687.964631384175;3725;44.0;181.0;72.0;370.0;15.0
2023-06-01;NI;4544;-1993.3518468133143;4544;40.0;224.0;71.0;168.0;1.0
2023-06-01;PK;2590;-6012.224940856023;2590;38.0;207.0;61.0;208.0;0.0
2023-06-01;RS;8711;-25697.297584493437;8711;40.0;293.0;217.0;1051.0;5.0
2023-06-01;TW;977;309.9125904014776;977;4.0;5.0;3.0;14.0;0.0
2023-06-01;UP;7022;-18644.109683035935;7022;34.0;187.0;150.0;970.0;8.0
2023-06-01;US;60477;-113738.71046801496;60477;371.0;3649.0;1071.0;3656.0;18.0
2023-06-02;GM;2431;-2701.081867729397;2431;24.0;87.0;22.0;125.0;7.0
2023-06-02;IS;3399;-9597.012774860495;3399;65.0;104.0;82.0;382.0;9.0
2023-06-02;NI;4271;-2806.9480449553043;4271;51.0;186.0;50.0;184.0;0.0
2023-06-02;PK;2690;-7073.4619151734005;2690;29.0;184.0;95.0;200.0;0.0
2023-06-02;RS;7799;-23056.364894026203;7799;68.0;300.0;120.0;1083.0;2.0
2023-06-02;TW;1016;-664.5801722973317;1016;7.0;17.0;5.0;34.0;0.0
2023-06-02;UP;6778;-17169.016354338924;6778;48.0;180.0;89.0;982.0;0.0
2023-06-02;US;56399;-106789.53272146331;56399;444.0;3510.0;888.0;3244.0;11.0
2023-06-03;GM;1330;-1493.3042624416464;1330;10.0;39.0;9.0;31.0;12.0
2023-06-03;IS;2620;-10688.387113141753;2620;83.0;96.0;42.0;587.0;7.0
2023-06-03;NI;2945;-2403.538317712755;2945;38.0;137.0;34.0;146.0;0.0
2023-06-03;PK;2086;-4080.503276894351;2086;21.0;185.0;34.0;129.0;0.0
2023-06-03;RS;4501;-15249.797873520394;4501;58.0;136.0;74.0;665.0;0.0
2023-06-03;TW;926;-2163.3646889794336;926;7.0;8.0;5.0;20.0;0.0
2023-06-03;UP;3410;-9663.28656270795;3410;27.0;64.0;56.0;573.0;0.0
2023-06-03;US;31649;-63365.717833759874;31649;262.0;2025.0;475.0;1993.0;4.0
2023-06-04;GM;1340;-3484.595566393366;1340;31.0;93.0;29.0;63.0;0.0
2023-06-04;IS;3679;-13803.731769487064;3679;109.0;141.0;116.0;657.0;6.0
2023-06-04;NI;3502;-2487.120087617995;3502;39.0;120.0;65.0;183.0;0.0
2023-06-04;PK;1883;-2765.7473492749227;1883;8.0;104.0;20.0;165.0;0.0
2023-06-04;RS;4623;-15673.377295505252;4623;55.0;184.0;79.0;767.0;0.0
2023-06-04;TW;1060;-2988.5700848536217;1060;7.0;59.0;4.0;26.0;0.0
2023-06-04;UP;3691;-11207.03565320198;3691;20.0;84.0;73.0;716.0;1.0
2023-06-04;US;24107;-47006.509861789265;24107;149.0;1257.0;341.0;1690.0;3.0
2023-06-05;GM;2227;-2711.9882306534714;2227;17.0;74.0;16.0;104.0;0.0
2023-06-05;IS;4918;-11960.086110309176;4918;101.0;146.0;80.0;604.0;10.0
2023-06-05;NI;4493;-5861.967148476109;4493;48.0;146.0;114.0;217.0;0.0
2023-06-05;PK;2186;-3567.2265315636205;2186;27.0;126.0;21.0;158.0;0.0
2023-06-05;RS;7557;-25630.319908807374;7557;59.0;270.0;149.0;1055.0;0.0
2023-06-05;TW;1182;-2761.0691656334707;1182;12.0;53.0;0.0;57.0;1.0
2023-06-05;UP;6179;-19747.782481494814;6179;30.0;115.0;135.0;1040.0;0.0
2023-06-05;US;47348;-86458.82820336171;47348;261.0;2568.0;733.0;2841.0;8.0
2023-06-06;GM;3249;-2433.626287058723;3249;41.0;119.0;50.0;228.0;0.0
2023-06-06;IS;4660;-11412.178212230254;4660;61.0;107.0;69.0;518.0;9.0
2023-06-06;NI;4745;-7497.37749938006;4745;33.0;197.0;93.0;307.0;2.0
2023-06-06;PK;2332;-4696.277196457419;2332;25.0;165.0;24.0;126.0;0.0
2023-06-06;RS;10483;-46137.410433796096;10483;88.0;499.0;166.0;1004.0;2.0
2023-06-06;TW;805;-869.8752229853224;805;1.0;19.0;6.0;14.0;1.0
2023-06-06;UP;10365;-47618.72398510326;10365;67.0;311.0;165.0;978.0;2.0
2023-06-06;US;56192;-111050.70009445792;56192;359.0;3243.0;779.0;3380.0;10.0
2023-06-07;GM;2624;-3285.9032258425696;2624;14.0;101.0;31.0;137.0;0.0
2023-06-07;IS;4218;-7324.154626094932;4218;50.0;112.0;44.0;296.0;5.0
2023-06-07;NI;4652;-4217.212281125069;4652;40.0;135.0;98.0;187.0;4.0
2023-06-07;PK;2313;-4600.640271505803;2313;20.0;172.0;32.0;176.0;0.0
2023-06-07;RS;9241;-37988.48352733961;9241;64.0;359.0;130.0;657.0;2.0
2023-06-07;TW;646;-804.3869807978637;646;1.0;8.0;10.0;8.0;0.0
2023-06-07;UP;9371;-43227.46708273117;9371;38.0;239.0;126.0;690.0;1.0
2023-06-07;US;59455;-118917.20834237408;59455;371.0;3383.0;800.0;3697.0;3.0
2023-06-08;GM;2179;-2725.5440170160405;2179;19.0;82.0;22.0;92.0;0.0
2023-06-08;IS;4570;-12052.824834807849;4570;99.0;190.0;76.0;539.0;7.0
2023-06-08;NI;4880;-4148.066175291354;4880;44.0;219.0;56.0;221.0;1.0
2023-06-08;PK;2468;-5582.170655097594;2468;14.0;139.0;21.0;253.0;0.0
2023-06-08;RS;8634;-32440.503097521956;8634;53.0;298.0;112.0;861.0;3.0
2023-06-08;TW;746;-673.4266446810477;746;7.0;9.0;5.0;25.0;1.0
2023-06-08;UP;8556;-34496.949239109796;8556;15.0;216.0;102.0;846.0;1.0
2023-06-08;US;59478;-112187.72759362076;59478;351.0;3485.0;791.0;3371.0;5.0
2023-06-09;GM;2220;-2317.7031334236403;2220;29.0;70.0;23.0;108.0;0.0
2023-06-09;IS;3156;-9608.52250012566;3156;57.0;141.0;73.0;457.0;6.0
2023-06-09;NI;4748;-3377.566553055833;4748;56.0;223.0;49.0;179.0;3.0
2023-06-09;PK;1838;-3040.7636641995296;1838;11.0;113.0;18.0;132.0;0.0
2023-06-09;RS;8364;-30542.327911590855;8364;31.0;281.0;170.0;1144.0;0.0
2023-06-09;TW;779;-738.2631043376123;779;6.0;15.0;7.0;33.0;0.0
2023-06-09;UP;8089;-32434.896109182773;8089;24.0;191.0;163.0;1184.0;1.0
2023-06-09;US;59140;-126942.26058646648;59140;303.0;4590.0;748.0;3272.0;4.0
2023-06-10;GM;1289;-2233.445627160312;1289;32.0;43.0;17.0;69.0;2.0
2023-06-10;IS;1924;-5587.860017773343;1924;50.0;68.0;40.0;233.0;8.0
2023-06-10;NI;3657;-6943.924015725293;3657;28.0;257.0;75.0;227.0;4.0
2023-06-10;PK;1686;-4064.332514246479;1686;23.0;113.0;30.0;111.0;0.0
2023-06-10;RS;5822;-20679.009185306582;5822;26.0;157.0;120.0;746.0;0.0
2023-06-10;TW;538;-249.107025495875;538;18.0;23.0;1.0;20.0;0.0
2023-06-10;UP;6676;-22982.760789259908;6676;29.0;131.0;106.0;905.0;0.0
2023-06-10;US;33878;-71512.64952223627;33878;149.0;2401.0;469.0;2112.0;4.0
2023-06-11;GM;1023;-1910.0302276886744;1023;7.0;28.0;11.0;80.0;2.0
2023-06-11;IS;2440;-7506.488120944531;2440;46.0;96.0;47.0;346.0;3.0
2023-06-11;NI;3390;-3880.734446863595;3390;32.0;216.0;21.0;126.0;10.0
2023-06-11;PK;1718;-4678.19709856752;1718;12.0;84.0;24.0;186.0;0.0
2023-06-11;RS;4454;-16813.92797877197;4454;35.0;178.0;77.0;590.0;1.0
2023-06-11;TW;718;-366.3257741697027;718;5.0;2.0;3.0;49.0;0.0
2023-06-11;UP;4599;-17887.618494463906;4599;30.0;127.0;98.0;737.0;3.0
2023-06-11;US;25304;-45309.75649474644;25304;133.0;1629.0;385.0;1594.0;0.0
2023-06-12;GM;2110;-2432.091791478582;2110;25.0;79.0;24.0;102.0;0.0
2023-06-12;IS;3622;-11058.77886598942;3622;83.0;129.0;50.0;382.0;10.0
2023-06-12;NI;4848;-4133.735952419733;4848;61.0;178.0;159.0;184.0;8.0
2023-06-12;PK;2249;-5376.013587152928;2249;18.0;102.0;53.0;159.0;0.0
2023-06-12;RS;7459;-22343.816136643632;7459;34.0;315.0;89.0;917.0;0.0
2023-06-12;TW;765;-595.0547613517597;765;1.0;15.0;6.0;27.0;0.0
2023-06-12;UP;6858;-21954.73644448986;6858;25.0;168.0;107.0;946.0;2.0
2023-06-12;US;48733;-88366.40680354876;48733;324.0;3052.0;684.0;2794.0;23.0
2023-06-13;GM;2251;-3218.4846836655697;2251;11.0;68.0;29.0;117.0;3.0
2023-06-13;IS;4055;-11996.249531150745;4055;55.0;105.0;84.0;548.0;10.0
2023-06-13;NI;4794;-2703.572691084479;4794;34.0;160.0;125.0;212.0;0.0
2023-06-13;PK;1961;-4713.709240994842;1961;9.0;93.0;11.0;99.0;2.0
2023-06-13;RS;7791;-25407.672978986982;7791;41.0;283.0;80.0;1160.0;0.0
2023-06-13;TW;679;-523.900447789758;679;4.0;12.0;11.0;25.0;0.0
2023-06-13;UP;7249;-25627.370122792912;7249;32.0;161.0;96.0;1317.0;0.0
2023-06-13;US;55796;-105404.41297504432;55796;353.0;3662.0;805.0;3160.0;3.0
2023-06-14;GM;2295;-4036.3370138410487;2295;26.0;88.0;20.0;149.0;0.0
2023-06-14;IS;4587;-11764.096860163623;4587;63.0;144.0;88.0;520.0;10.0
2023-06-14;NI;4952;-6413.301717879704;4952;32.0;208.0;89.0;182.0;0.0
2023-06-14;PK;2419;-4649.268438685269;2419;19.0;114.0;28.0;102.0;0.0
2023-06-14;RS;7962;-25063.8530817821;7962;41.0;337.0;95.0;946.0;0.0
2023-06-14;TW;941;-1346.9269416795107;941;6.0;16.0;9.0;27.0;0.0
2023-06-14;UP;6504;-21841.773473422458;6504;26.0;175.0;104.0;1054.0;0.0
2023-06-14;US;60504;-113979.29147155244;60504;355.0;3843.0;818.0;3121.0;4.0
2023-06-15;GM;2634;-3582.2220160319857;2634;12.0;85.0;58.0;120.0;0.0
2023-06-15;IS;4517;-9772.140893121765;4517;55.0;156.0;86.0;419.0;7.0
2023-06-15;NI;4407;-7581.677334745177;4407;30.0;244.0;42.0;179.0;0.0
2023-06-15;PK;2281;-4644.778927839228;2281;23.0;119.0;21.0;120.0;0.0
2023-06-15;RS;7812;-23539.7750287086;7812;44.0;271.0;91.0;799.0;2.0
2023-06-15;TW;807;-1101.162537666012;807;10.0;25.0;9.0;29.0;0.0
2023-06-15;UP;6985;-19836.89001001291;6985;28.0;166.0;109.0;866.0;0.0
2023-06-15;US;59930;-120441.94963913257;59930;329.0;4040.0;1145.0;3175.0;8.0
2023-06-16;GM;2365;-3312.6601899756292;2365;26.0;71.0;35.0;105.0;0.0
2023-06-16;IS;3074;-5805.839695770578;3074;43.0;72.0;30.0;274.0;5.0
2023-06-16;NI;4260;-5853.642682056368;4260;19.0;301.0;46.0;174.0;0.0
2023-06-16;PK;2192;-5532.161204091712;2192;17.0;135.0;30.0;107.0;0.0
2023-06-16;RS;8604;-21533.411968658525;8604;55.0;357.0;118.0;731.0;16.0
2023-06-16;TW;836;-579.2666054621427;836;0.0;11.0;5.0;21.0;0.0
2023-06-16;UP;7665;-18995.422124694003;7665;25.0;225.0;94.0;721.0;11.0
2023-06-16;US;57762;-110661.14306237252;57762;301.0;3750.0;901.0;3297.0;11.0
2023-06-17;GM;1271;-1651.2326042001562;1271;6.0;50.0;17.0;69.0;0.0
2023-06-17;IS;2338;-4198.438572869675;2338;40.0;58.0;31.0;171.0;4.0
2023-06-17;NI;3526;-5685.531125784663;3526;18.0;204.0;52.0;130.0;2.0
2023-06-17;PK;1771;-4723.183026701927;1771;20.0;137.0;27.0;71.0;0.0
2023-06-17;RS;6003;-15635.760899522957;6003;22.0;169.0;64.0;618.0;4.0
2023-06-17;TW;644;-555.2554482469731;644;3.0;11.0;0.0;12.0;0.0
2023-06-17;UP;5175;-13378.70198920419;5175;6.0;64.0;65.0;578.0;5.0
2023-06-17;US;34966;-63860.65260315939;34966;211.0;2051.0;527.0;2157.0;0.0
2023-06-18;GM;1148;-1832.3821269191772;1148;7.0;37.0;27.0;71.0;0.0
2023-06-18;IS;2977;-7243.999960342174;2977;63.0;101.0;77.0;240.0;8.0
2023-06-18;NI;3395;-2483.3829555664324;3395;29.0;154.0;35.0;150.0;0.0
2023-06-18;PK;2067;-6561.62020870094;2067;14.0;164.0;33.0;148.0;0.0
2023-06-18;RS;5031;-15521.521411298383;5031;28.0;159.0;63.0;540.0;1.0
2023-06-18;TW;862;-785.7251523636073;862;10.0;18.0;9.0;12.0;0.0
2023-06-18;UP;4310;-13683.931471359494;4310;19.0;106.0;67.0;521.0;1.0
2023-06-18;US;26048;-44738.72803417166;26048;125.0;1295.0;311.0;1890.0;3.0
2023-06-19;GM;2623;-4160.260953674714;2623;30.0;95.0;22.0;83.0;0.0
2023-06-19;IS;4630;-18382.32880663077;4630;50.0;157.0;131.0;985.0;3.0
2023-06-19;NI;4239;-3409.461322045892;4239;27.0;197.0;50.0;227.0;2.0
2023-06-19;PK;2121;-6510.1945564715315;2121;7.0;180.0;23.0;98.0;0.0
2023-06-19;RS;7092;-25993.608844139635;7092;25.0;409.0;146.0;732.0;0.0
2023-06-19;TW;1333;-1625.5824740726698;1333;4.0;18.0;0.0;12.0;0.0
2023-06-19;UP;6487;-20185.66861921998;6487;16.0;150.0;133.0;812.0;0.0
2023-06-19;US;41342;-61540.403041333375;41342;243.0;2161.0;489.0;2729.0;4.0
2023-06-20;GM;3033;-3945.167887928201;3033;17.0;89.0;29.0;125.0;0.0
2023-06-20;IS;5261;-26310.03880981213;5261;60.0;173.0;153.0;1275.0;8.0
2023-06-20;NI;4560;-4940.653278191951;4560;25.0;254.0;70.0;200.0;5.0
2023-06-20;PK;2577;-6282.590914801129;2577;20.0;153.0;30.0;125.0;0.0
2023-06-20;RS;7504;-22255.46344651933;7504;41.0;284.0;119.0;818.0;0.0
2023-06-20;TW;1264;-1526.4698423957575;1264;13.0;21.0;2.0;27.0;0.0
2023-06-20;UP;7245;-21235.594420314643;7245;12.0;179.0;106.0;936.0;0.0
2023-06-20;US;55590;-95524.72311923384;55590;229.0;3018.0;759.0;3163.0;11.0
2023-06-21;GM;2797;-1949.2078997474075;2797;13.0;133.0;21.0;86.0;3.0
2023-06-21;IS;5978;-33279.39276968954;5978;59.0;290.0;328.0;1470.0;5.0
2023-06-21;NI;4219;-2625.9505147195646;4219;29.0;216.0;44.0;121.0;0.0
2023-06-21;PK;3099;-6295.31123287546;3099;22.0;188.0;30.0;175.0;2.0
2023-06-21;RS;7281;-18495.523891315657;7281;18.0;271.0;128.0;677.0;6.0
2023-06-21;TW;1083;-1691.573523478345;1083;3.0;30.0;0.0;17.0;0.0
2023-06-21;UP;6512;-14523.705438115596;6512;7.0;182.0;94.0;656.0;1.0
2023-06-21;US;59965;-106749.63868608592;59965;307.0;3534.0;807.0;3424.0;8.0
2023-06-22;GM;2690;-2829.325916493916;2690;6.0;121.0;27.0;86.0;0.0
2023-06-22;IS;4875;-23280.08590568949;4875;87.0;227.0;163.0;992.0;6.0
2023-06-22;NI;4378;-3261.602550524843;4378;12.0;194.0;55.0;166.0;0.0
2023-06-22;PK;2899;-5729.185579907402;2899;16.0;177.0;33.0;133.0;0.0
2023-06-22;RS;7768;-22705.657813068283;7768;40.0;370.0;115.0;702.0;2.0
2023-06-22;TW;816;-739.9151359877408;816;6.0;12.0;1.0;26.0;0.0
2023-06-22;UP;6652;-14712.905195281424;6652;31.0;169.0;112.0;712.0;0.0
2023-06-22;US;60231;-100196.68138728647;60231;249.0;3631.0;736.0;3167.0;9.0
2023-06-23;GM;2244;-2109.5861254663546;2244;15.0;62.0;16.0;90.0;0.0
2023-06-23;IS;4069;-19795.278151185714;4069;67.0;244.0;180.0;834.0;2.0
2023-06-23;NI;3785;-4877.325995092921;3785;26.0;185.0;47.0;191.0;0.0
2023-06-23;PK;3047;-7239.571251695244;3047;20.0;156.0;37.0;123.0;3.0
2023-06-23;RS;8277;-28253.607619436076;8277;61.0;369.0;91.0;883.0;0.0
2023-06-23;TW;612;-458.38207827618464;612;0.0;5.0;2.0;25.0;0.0
2023-06-23;UP;6546;-20841.921654553847;6546;32.0;165.0;100.0;827.0;0.0
2023-06-23;US;53410;-95630.90765338612;53410;301.0;3378.0;720.0;2936.0;15.0
2023-06-24;GM;1595;-2398.941671923277;1595;12.0;44.0;5.0;55.0;3.0
2023-06-24;IS;2743;-13320.704212965164;2743;66.0;115.0;111.0;505.0;3.0
2023-06-24;NI;3295;-2005.1836045967968;3295;15.0;149.0;22.0;97.0;0.0
2023-06-24;PK;2076;-6553.794589486609;2076;11.0;136.0;56.0;173.0;1.0
2023-06-24;RS;15859;-76595.4832894042;15859;76.0;465.0;160.0;1742.0;5.0
2023-06-24;TW;557;-342.22386591308793;557;1.0;3.0;7.0;28.0;0.0
2023-06-24;UP;7977;-39543.53331096045;7977;35.0;229.0;96.0;1111.0;1.0
2023-06-24;US;33122;-62623.92745788207;33122;196.0;2212.0;379.0;1819.0;4.0
2023-06-25;GM;1121;-2292.1973962767415;1121;2.0;33.0;11.0;39.0;1.0
2023-06-25;IS;3375;-14737.215238315332;3375;64.0;182.0;118.0;565.0;3.0
2023-06-25;NI;4103;-14712.827387920106;4103;28.0;151.0;388.0;577.0;0.0
2023-06-25;PK;1887;-5660.638602748955;1887;26.0;103.0;40.0;241.0;0.0
2023-06-25;RS;11461;-49440.05222988203;11461;75.0;344.0;112.0;1128.0;3.0
2023-06-25;TW;384;-549.0419464308803;384;5.0;3.0;2.0;15.0;0.0
2023-06-25;UP;5260;-22033.451413441435;5260;46.0;157.0;86.0;717.0;2.0
2023-06-25;US;23301;-40084.21100107761;23301;191.0;1222.0;249.0;1622.0;9.0
2023-06-26;GM;2160;-1859.340407620388;2160;9.0;47.0;12.0;89.0;0.0
2023-06-26;IS;4154;-13262.420850948349;4154;66.0;174.0;83.0;499.0;10.0
2023-06-26;NI;3726;-5826.431463087254;3726;29.0;253.0;61.0;144.0;1.0
2023-06-26;PK;2373;-7632.107921235093;2373;30.0;132.0;40.0;260.0;0.0
2023-06-26;RS;14398;-56039.18439667048;14398;109.0;367.0;153.0;1241.0;6.0
2023-06-26;TW;419;-167.00046360561657;419;1.0;9.0;1.0;11.0;0.0
2023-06-26;UP;8061;-27812.08526904704;8061;63.0;154.0;105.0;856.0;0.0
2023-06-26;US;43442;-80960.5415272529;43442;257.0;2442.0;581.0;2769.0;15.0
2023-06-27;GM;1937;-3466.048664962825;1937;13.0;97.0;14.0;71.0;1.0
2023-06-27;IS;4881;-15762.011602290348;4881;68.0;212.0;100.0;537.0;15.0
2023-06-27;NI;4065;-2667.3299742448294;4065;28.0;220.0;80.0;169.0;4.0
2023-06-27;PK;2490;-7409.146133471689;2490;40.0;149.0;36.0;181.0;0.0
2023-06-27;RS;12083;-47053.045829623494;12083;135.0;413.0;168.0;1107.0;0.0
2023-06-27;TW;659;-719.9378844750628;659;2.0;13.0;4.0;22.0;0.0
2023-06-27;UP;6450;-21161.285065199423;6450;60.0;178.0;124.0;797.0;3.0
2023-06-27;US;52000;-110878.5097867409;52000;289.0;3312.0;765.0;3327.0;8.0
2023-06-28;GM;2269;-1939.1594283226657;2269;4.0;97.0;27.0;91.0;0.0
2023-06-28;IS;4122;-13110.087143698607;4122;59.0;187.0;87.0;400.0;17.0
2023-06-28;NI;3927;142.06467169393883;3927;29.0;165.0;75.0;113.0;0.0
2023-06-28;PK;1648;-3457.2854065104925;1648;5.0;95.0;30.0;164.0;0.0
2023-06-28;RS;9802;-35373.99218312698;9802;70.0;370.0;151.0;1027.0;5.0
2023-06-28;TW;710;-462.40092939177714;710;1.0;13.0;1.0;23.0;0.0
2023-06-28;UP;5944;-19543.09043253377;5944;42.0;162.0;124.0;774.0;0.0
2023-06-28;US;54981;-110810.45038855312;54981;282.0;3639.0;942.0;3074.0;7.0
2023-06-29;GM;1888;-1893.8654259051712;1888;3.0;60.0;5.0;71.0;1.0
2023-06-29;IS;3617;-9839.627849447;3617;66.0;134.0;52.0;281.0;4.0
2023-06-29;NI;3493;-251.49664832121104;3493;28.0;116.0;48.0;94.0;0.0
2023-06-29;PK;1531;-2802.032016736402;1531;10.0;76.0;41.0;118.0;0.0
2023-06-29;RS;8684;-29357.697594554633;8684;47.0;414.0;156.0;738.0;5.0
2023-06-29;TW;679;-729.9853958834121;679;0.0;26.0;3.0;26.0;0.0
2023-06-29;UP;6430;-17749.17506298831;6430;21.0;167.0;116.0;624.0;3.0
2023-06-29;US;55819;-98204.2984182658;55819;331.0;3605.0;859.0;3137.0;9.0
2023-06-30;GM;1890;-2015.039452257729;1890;10.0;76.0;18.0;58.0;0.0
2023-06-30;IS;2691;-8265.344012946733;2691;52.0;108.0;56.0;182.0;4.0
2023-06-30;NI;3781;-2595.8182654133957;3781;17.0;160.0;60.0;132.0;0.0
2023-06-30;PK;1211;-2321.0596569707045;1211;17.0;37.0;11.0;98.0;0.0
2023-06-30;RS;8089;-24313.86238731572;8089;47.0;289.0;122.0;692.0;2.0
2023-06-30;TW;767;-23.3908905169558;767;2.0;9.0;4.0;20.0;0.0
2023-06-30;UP;6096;-17484.163206750847;6096;39.0;133.0;102.0;567.0;0.0
2023-06-30;US;54692;-95756.7451559498;54692;387.0;3352.0;828.0;3099.0;5.0
2023-07-01;GM;1178;-2872.287253822038;1178;9.0;53.0;6.0;63.0;0.0
2023-07-01;IS;2357;-8304.28224509443;2357;43.0;96.0;39.0;291.0;4.0
2023-07-01;NI;2817;-3239.505404629814;2817;41.0;157.0;25.0;89.0;0.0
2023-07-01;PK;1175;-2795.514311333371;1175;7.0;56.0;19.0;120.0;0.0
2023-07-01;RS;4396;-13192.879258110905;4396;33.0;155.0;83.0;362.0;0.0
2023-07-01;TW;413;92.11962692446004;413;2.0;21.0;4.0;2.0;0.0
2023-07-01;UP;3897;-9989.334884475267;3897;23.0;57.0;66.0;375.0;0.0
2023-07-01;US;30767;-53402.54927699855;30767;250.0;1726.0;459.0;1735.0;4.0
2023-07-02;GM;1151;-3138.738052639516;1151;19.0;53.0;17.0;56.0;1.0
2023-07-02;IS;2974;-10594.607482517382;2974;78.0;152.0;72.0;456.0;4.0
2023-07-02;NI;3257;-2752.4313418227944;3257;32.0;108.0;63.0;193.0;0.0
2023-07-02;PK;1489;-4456.474204539148;1489;15.0;70.0;24.0;213.0;0.0
2023-07-02;RS;3483;-11831.702030570164;3483;14.0;118.0;105.0;470.0;0.0
2023-07-02;TW;278;-136.0822545631727;278;0.0;12.0;4.0;12.0;0.0
2023-07-02;UP;3146;-9633.070953764183;3146;11.0;70.0;70.0;448.0;0.0
2023-07-02;US;22812;-38174.41017791476;22812;192.0;1198.0;255.0;1581.0;6.0
2023-07-03;GM;1414;-2802.957238334166;1414;10.0;72.0;15.0;59.0;0.0
2023-07-03;IS;5474;-29397.79286525663;5474;122.0;179.0;242.0;1189.0;12.0
2023-07-03;NI;3913;-4732.683966605297;3913;35.0;142.0;74.0;213.0;0.0
2023-07-03;PK;2158;-4732.968600201817;2158;26.0;125.0;34.0;244.0;0.0
2023-07-03;RS;6147;-20249.654028738856;6147;37.0;288.0;116.0;782.0;1.0
2023-07-03;TW;572;-925.9342419643322;572;5.0;38.0;2.0;19.0;0.0
2023-07-03;UP;4948;-17044.49173071041;4948;18.0;215.0;129.0;771.0;0.0
2023-07-03;US;35792;-63590.97239322379;35792;225.0;2015.0;477.0;2510.0;1.0
2023-07-04;GM;1767;-1997.1298010117257;1767;16.0;67.0;9.0;43.0;2.0
2023-07-04;IS;6607;-40141.26966840964;6607;177.0;280.0;287.0;1324.0;16.0
2023-07-04;NI;3939;-3094.2905055966726;3939;41.0;151.0;39.0;115.0;0.0
2023-07-04;PK;2680;-5733.0873235773315;2680;38.0;111.0;31.0;120.0;0.0
2023-07-04;RS;6862;-26534.169902966987;6862;27.0;303.0;173.0;843.0;0.0
2023-07-04;TW;665;-779.2139760154588;665;4.0;31.0;3.0;37.0;0.0
2023-07-04;UP;4990;-17719.727713115935;4990;16.0;161.0;105.0;820.0;1.0
2023-07-04;US;30869;-59853.34518122316;30869;202.0;1819.0;490.0;2546.0;6.0
2023-07-05;GM;1870;-2039.3754770253984;1870;5.0;62.0;10.0;70.0;0.0
2023-07-05;IS;6512;-34171.1888649474;6512;81.0;276.0;289.0;1266.0;11.0
2023-07-05;NI;4000;-4432.945116988883;4000;31.0;165.0;53.0;130.0;0.0
2023-07-05;PK;2250;-4790.881206696319;2250;44.0;131.0;47.0;105.0;0.0
2023-07-05;RS;6866;-25507.72346177547;6866;24.0;264.0;169.0;798.0;0.0
2023-07-05;TW;632;-379.75058230257906;632;5.0;18.0;4.0;18.0;0.0
2023-07-05;UP;5156;-18191.07085591148;5156;20.0;110.0;96.0;707.0;0.0
2023-07-05;US;42316;-82218.18313418569;42316;236.0;2496.0;617.0;3361.0;1.0
2023-07-06;GM;1711;-2943.4627501499067;1711;20.0;139.0;14.0;64.0;1.0
2023-07-06;IS;5999;-28547.237504921537;5999;113.0;257.0;185.0;1288.0;10.0
2023-07-06;NI;3955;-5565.59673638334;3955;20.0;252.0;43.0;159.0;2.0
2023-07-06;PK;1931;-4972.9378813575995;1931;21.0;124.0;43.0;155.0;0.0
2023-07-06;RS;8821;-31002.558596908348;8821;62.0;336.0;161.0;1027.0;9.0
2023-07-06;TW;496;-551.465871910837;496;4.0;19.0;0.0;26.0;0.0
2023-07-06;UP;6481;-20737.68344604191;6481;33.0;93.0;133.0;897.0;5.0
2023-07-06;US;49939;-101797.18333871492;49939;252.0;2964.0;902.0;3428.0;7.0
2023-07-07;GM;1877;-3674.857624356566;1877;13.0;97.0;11.0;84.0;0.0
2023-07-07;IS;4529;-22710.39426793361;4529;68.0;204.0;236.0;1089.0;9.0
2023-07-07;NI;4203;-4727.681456128508;4203;35.0;248.0;57.0;161.0;0.0
2023-07-07;PK;1920;-4247.238290501662;1920;95.0;70.0;31.0;116.0;0.0
2023-07-07;RS;7582;-24571.397805575263;7582;25.0;361.0;111.0;773.0;1.0
2023-07-07;TW;579;-871.7150132128331;579;3.0;12.0;2.0;28.0;0.0
2023-07-07;UP;7768;-19209.20534349753;7768;18.0;200.0;76.0;711.0;11.0
2023-07-07;US;48160;-106357.104902588;48160;235.0;3097.0;785.0;3113.0;9.0
2023-07-08;GM;1387;-1820.376247879411;1387;4.0;57.0;16.0;33.0;0.0
2023-07-08;IS;2262;-10089.804132271503;2262;69.0;96.0;70.0;467.0;1.0
2023-07-08;NI;3210;-3723.785394353268;3210;14.0;167.0;79.0;181.0;4.0
2023-07-08;PK;1589;-4266.9950442952095;1589;42.0;93.0;31.0;105.0;0.0
2023-07-08;RS;5531;-16451.144880653428;5531;17.0;230.0;99.0;471.0;1.0
2023-07-08;TW;480;-942.361581588955;480;1.0;8.0;4.0;23.0;0.0
2023-07-08;UP;6111;-16070.992236592489;6111;9.0;164.0;90.0;464.0;2.0
2023-07-08;US;29613;-64641.34151163448;29613;169.0;1920.0;456.0;2057.0;2.0
2023-07-09;GM;1108;-1402.8947790312056;1108;2.0;33.0;17.0;66.0;0.0
2023-07-09;IS;3002;-11455.748366963968;3002;101.0;159.0;67.0;448.0;7.0
2023-07-09;NI;3148;-4062.49500152032;3148;35.0;225.0;55.0;164.0;1.0
2023-07-09;PK;1680;-4074.614735158553;1680;17.0;111.0;24.0;96.0;0.0
2023-07-09;RS;4879;-14181.35122941579;4879;24.0;159.0;73.0;561.0;2.0
2023-07-09;TW;367;-135.40019242827728;367;0.0;2.0;0.0;15.0;0.0
2023-07-09;UP;5930;-15169.14964170089;5930;12.0;120.0;60.0;485.0;6.0
2023-07-09;US;23044;-45472.16968600737;23044;144.0;1242.0;339.0;1756.0;8.0
2023-07-10;GM;2108;-1661.4024811520364;2108;12.0;51.0;21.0;96.0;3.0
2023-07-10;IS;3618;-11968.45540633284;3618;79.0;131.0;82.0;427.0;4.0
2023-07-10;NI;4570;-4961.403505196407;4570;25.0;243.0;54.0;228.0;1.0
2023-07-10;PK;2115;-5101.227855256684;2115;19.0;117.0;45.0;93.0;0.0
2023-07-10;RS;7667;-22496.803245879135;7667;46.0;216.0;135.0;873.0;2.0
2023-07-10;TW;471;-350.0913900180665;471;4.0;17.0;2.0;20.0;0.0
2023-07-10;UP;8536;-20577.917959717313;8536;27.0;196.0;118.0;804.0;11.0
2023-07-10;US;43720;-85865.65017699622;43720;202.0;2543.0;660.0;2924.0;11.0
2023-07-11;GM;2397;-1130.101934967987;2397;12.0;60.0;9.0;96.0;0.0
2023-07-11;IS;4324;-19405.20017320598;4324;259.0;275.0;152.0;533.0;6.0
2023-07-11;NI;5023;-9501.913876836636;5023;29.0;321.0;111.0;239.0;1.0
2023-07-11;PK;2171;-5902.013821164671;2171;28.0;140.0;16.0;123.0;0.0
2023-07-11;RS;7981;-19986.67243004904;7981;37.0;204.0;101.0;831.0;2.0
2023-07-11;TW;574;-337.88007591625023;574;0.0;10.0;5.0;44.0;0.0
2023-07-11;UP;8772;-17271.38792975601;8772;33.0;165.0;107.0;806.0;7.0
2023-07-11;US;51822;-105273.45318589624;51822;301.0;3296.0;880.0;3160.0;7.0
2023-07-12;GM;2364;-1604.3714207286314;2364;14.0;64.0;14.0;101.0;0.0
2023-07-12;IS;4939;-15561.87220325134;4939;173.0;252.0;105.0;486.0;3.0
2023-07-12;NI;5246;-7674.902933597209;5246;29.0;268.0;111.0;191.0;0.0
2023-07-12;PK;2727;-8964.033038017986;2727;14.0;140.0;61.0;264.0;0.0
2023-07-12;RS;8142;-17074.806043326385;8142;30.0;239.0;85.0;772.0;0.0
2023-07-12;TW;652;-85.90353260774518;652;9.0;7.0;2.0;40.0;0.0
2023-07-12;UP;10069;-13280.490476952958;10069;19.0;173.0;80.0;930.0;0.0
2023-07-12;US;54920;-101942.57489361144;54920;294.0;3353.0;773.0;3253.0;7.0
2023-07-13;GM;2172;-1862.382827484413;2172;12.0;70.0;21.0;74.0;0.0
2023-07-13;IS;4513;-12582.232065569424;4513;112.0;190.0;109.0;400.0;17.0
2023-07-13;NI;4894;-8015.342316886691;4894;23.0;320.0;66.0;176.0;0.0
2023-07-13;PK;2258;-6447.321483467415;2258;11.0;133.0;36.0;205.0;0.0
2023-07-13;RS;8171;-22557.7448062831;8171;40.0;300.0;138.0;744.0;3.0
2023-07-13;TW;705;-481.8380482494686;705;7.0;17.0;4.0;42.0;0.0
2023-07-13;UP;8170;-15087.772270335989;8170;15.0;146.0;131.0;743.0;1.0
2023-07-13;US;56127;-120534.36275714885;56127;295.0;3514.0;981.0;2974.0;3.0
2023-07-14;GM;1675;-1897.5167494671416;1675;8.0;69.0;20.0;52.0;1.0
2023-07-14;IS;3568;-11623.352275871095;3568;80.0;130.0;67.0;398.0;13.0
2023-07-14;NI;4420;-7800.635345597817;4420;5.0;322.0;80.0;209.0;2.0
2023-07-14;PK;2261;-6861.408781734554;2261;21.0;125.0;55.0;170.0;1.0
2023-07-14;RS;7801;-24009.687128426045;7801;66.0;343.0;92.0;776.0;0.0
2023-07-14;TW;868;-991.6855072859286;868;8.0;22.0;2.0;31.0;0.0
2023-07-14;UP;6926;-17367.381447854743;6926;39.0;236.0;87.0;769.0;9.0
2023-07-14;US;51480;-116354.76896409765;51480;328.0;3668.0;954.0;3295.0;2.0
2023-07-15;GM;855;-977.985608919358;855;8.0;22.0;7.0;37.0;0.0
2023-07-15;IS;2371;-8855.6148108805;2371;77.0;110.0;70.0;242.0;4.0
2023-07-15;NI;3613;-5190.386108675584;3613;14.0;172.0;49.0;156.0;3.0
2023-07-15;PK;1664;-4075.056322091813;1664;21.0;79.0;33.0;113.0;0.0
2023-07-15;RS;5065;-15268.26081478264;5065;35.0;183.0;83.0;529.0;12.0
2023-07-15;TW;390;-246.1594816968776;390;5.0;19.0;2.0;9.0;0.0
2023-07-15;UP;5327;-13006.000822897717;5327;42.0;120.0;78.0;529.0;18.0
2023-07-15;US;31664;-67843.29276982512;31664;184.0;1926.0;523.0;2308.0;2.0
2023-07-16;GM;738;-579.9088505139903;738;3.0;14.0;10.0;50.0;0.0
2023-07-16;IS;3130;-9719.291247145176;3130;83.0;108.0;66.0;340.0;2.0
2023-07-16;NI;3655;-4749.597892611832;3655;18.0;229.0;43.0;181.0;3.0
2023-07-16;PK;1804;-3812.987634504993;1804;9.0;105.0;52.0;125.0;0.0
2023-07-16;RS;4952;-15217.0450356893;4952;13.0;179.0;102.0;802.0;1.0
2023-07-16;TW;366;-14.353476950796605;366;13.0;5.0;1.0;11.0;0.0
2023-07-16;UP;4730;-13851.066688857436;4730;49.0;144.0;98.0;750.0;0.0
2023-07-16;US;22766;-45449.49657301426;22766;123.0;1273.0;300.0;1758.0;3.0
2023-07-17;GM;1428;-1270.7710596304653;1428;31.0;56.0;19.0;46.0;0.0
2023-07-17;IS;4858;-12948.160628570398;4858;139.0;185.0;99.0;343.0;2.0
2023-07-17;NI;4920;-9635.926849745618;4920;22.0;353.0;68.0;218.0;2.0
2023-07-17;PK;2831;-5026.335161237884;2831;20.0;146.0;61.0;145.0;0.0
2023-07-17;RS;8765;-29841.527207901458;8765;25.0;319.0;157.0;1128.0;2.0
2023-07-17;TW;841;-451.08533455752746;841;2.0;8.0;0.0;24.0;0.0
2023-07-17;UP;7705;-25088.04331062626;7705;9.0;223.0;168.0;1016.0;2.0
2023-07-17;US;44328;-84191.94228674055;44328;215.0;2358.0;597.0;2905.0;3.0
2023-07-18;GM;1569;-985.743276884019;1569;19.0;47.0;10.0;61.0;3.0
2023-07-18;IS;5827;-14063.12623268075;5827;206.0;227.0;56.0;384.0;7.0
2023-07-18;NI;4440;-7103.9643824636705;4440;7.0;273.0;42.0;159.0;0.0
2023-07-18;PK;2806;-6095.7153246016005;2806;15.0;161.0;54.0;186.0;0.0
2023-07-18;RS;8048;-28360.11964383006;8048;34.0;243.0;134.0;831.0;3.0
2023-07-18;TW;984;-440.0394242549263;984;6.0;8.0;4.0;9.0;0.0
2023-07-18;UP;6747;-23990.612496166043;6747;14.0;199.0;110.0;818.0;1.0
2023-07-18;US;56166;-120056.65053954416;56166;284.0;3531.0;707.0;3583.0;16.0
2023-07-19;GM;1840;-1706.0232009419678;1840;11.0;54.0;17.0;81.0;5.0
2023-07-19;IS;6049;-13184.47614520546;6049;176.0;204.0;95.0;396.0;3.0
2023-07-19;NI;4525;-5773.523545574842;4525;15.0;212.0;51.0;205.0;1.0
2023-07-19;PK;2435;-5637.218355166971;2435;15.0;114.0;36.0;139.0;0.0
2023-07-19;RS;8911;-30333.721563593634;8911;30.0;331.0;105.0;937.0;4.0
2023-07-19;TW;665;-240.30400276574565;665;3.0;9.0;3.0;15.0;0.0
2023-07-19;UP;8343;-26964.827430314806;8343;8.0;250.0;146.0;1047.0;3.0
2023-07-19;US;60819;-130814.36521529776;60819;298.0;3723.0;850.0;3472.0;15.0
2023-07-20;GM;2795;-1952.901191622798;2795;7.0;80.0;28.0;105.0;2.0
2023-07-20;IS;5788;-10061.915372090718;5788;122.0;209.0;68.0;411.0;14.0
2023-07-20;NI;4208;-4900.778409741517;4208;35.0;227.0;54.0;181.0;0.0
2023-07-20;PK;2672;-5506.740724505759;2672;26.0;112.0;77.0;183.0;0.0
2023-07-20;RS;10564;-30058.364181915345;10564;52.0;388.0;195.0;776.0;4.0
2023-07-20;TW;896;-640.4457411755776;896;2.0;24.0;6.0;37.0;0.0
2023-07-20;UP;9868;-24408.2092260503;9868;26.0;273.0;222.0;907.0;2.0
2023-07-20;US;65599;-106725.62835147172;65599;363.0;3762.0;960.0;3408.0;20.0
2023-07-21;GM;1949;-2378.8301316300913;1949;6.0;47.0;12.0;68.0;0.0
2023-07-21;IS;3639;-10375.08962278425;3639;140.0;112.0;56.0;394.0;6.0
2023-07-21;NI;3813;-5569.76599801976;3813;13.0;245.0;60.0;138.0;0.0
2023-07-21;PK;2572;-6598.577269413014;2572;16.0;138.0;54.0;162.0;0.0
2023-07-21;RS;7893;-27762.91547659632;7893;24.0;464.0;145.0;769.0;9.0
2023-07-21;TW;680;-1142.5956194903486;680;4.0;25.0;1.0;45.0;0.0
2023-07-21;UP;6823;-21360.468880136053;6823;12.0;277.0;116.0;692.0;2.0
2023-07-21;US;51946;-113611.8375507702;51946;257.0;3419.0;836.0;3119.0;17.0
2023-07-22;GM;1021;-1321.9597588220834;1021;9.0;31.0;8.0;43.0;0.0
2023-07-22;IS;2195;-7891.905172450602;2195;109.0;77.0;46.0;326.0;6.0
2023-07-22;NI;3220;-6579.0429939985215;3220;26.0;198.0;68.0;190.0;0.0
2023-07-22;PK;1708;-3886.3183253495326;1708;13.0;108.0;51.0;98.0;1.0
2023-07-22;RS;5746;-22944.78793462858;5746;28.0;311.0;107.0;879.0;7.0
2023-07-22;TW;494;-726.7522924152933;494;0.0;10.0;1.0;35.0;0.0
2023-07-22;UP;4691;-18744.314761827853;4691;16.0;149.0;92.0;859.0;2.0
2023-07-22;US;29308;-62095.82689111764;29308;204.0;1813.0;465.0;1783.0;15.0
2023-07-23;GM;990;-889.1126554623324;990;23.0;19.0;4.0;33.0;0.0
2023-07-23;IS;3404;-10009.653997781994;3404;181.0;128.0;40.0;241.0;7.0
2023-07-23;NI;3329;-5939.666365050778;3329;30.0;199.0;51.0;194.0;1.0
2023-07-23;PK;1940;-3775.539821881672;1940;5.0;111.0;28.0;143.0;0.0
2023-07-23;RS;4510;-17551.43985893511;4510;9.0;154.0;53.0;601.0;4.0
2023-07-23;TW;483;-432.3060630536861;483;0.0;18.0;3.0;20.0;0.0
2023-07-23;UP;4070;-16425.649622878518;4070;15.0;83.0;52.0;719.0;1.0
2023-07-23;US;21883;-40495.799409675;21883;141.0;1174.0;359.0;1649.0;6.0
2023-07-24;GM;1775;-2011.8986294583176;1775;19.0;80.0;14.0;98.0;0.0
2023-07-24;IS;4843;-17740.108971305355;4843;263.0;214.0;76.0;308.0;3.0
2023-07-24;NI;3958;-7205.316538741199;3958;44.0;177.0;111.0;250.0;10.0
2023-07-24;PK;2704;-4844.65315379819;2704;26.0;158.0;50.0;226.0;0.0
2023-07-24;RS;6491;-23509.20219780162;6491;34.0;248.0;119.0;956.0;6.0
2023-07-24;TW;761;-759.8219673632186;761;5.0;17.0;13.0;48.0;2.0
2023-07-24;UP;5783;-23957.679894815832;5783;26.0;187.0;119.0;1073.0;5.0
2023-07-24;US;43507;-83372.61825685171;43507;279.0;2478.0;621.0;2885.0;7.0
2023-07-25;GM;1702;-1727.8665632975303;1702;13.0;50.0;11.0;76.0;0.0
2023-07-25;IS;4770;-16596.825096216147;4770;242.0;153.0;76.0;432.0;4.0
2023-07-25;NI;4364;-11627.079784552912;4364;62.0;268.0;137.0;269.0;1.0
2023-07-25;PK;2632;-5357.292840760686;2632;18.0;142.0;44.0;168.0;0.0
2023-07-25;RS;7867;-25197.338328605576;7867;41.0;318.0;109.0;839.0;0.0
2023-07-25;TW;723;-638.0356217476295;723;7.0;4.0;10.0;30.0;0.0
2023-07-25;UP;5965;-21722.22179986427;5965;21.0;190.0;108.0;880.0;1.0
2023-07-25;US;53143;-111387.8932191038;53143;329.0;3220.0;989.0;3415.0;4.0
2023-07-26;GM;1935;-2337.390237696069;1935;13.0;85.0;13.0;86.0;0.0
2023-07-26;IS;4596;-13396.095141437563;4596;140.0;196.0;46.0;545.0;5.0
2023-07-26;NI;4588;-10019.817489680903;4588;46.0;263.0;84.0;225.0;0.0
2023-07-26;PK;2584;-4442.435765388469;2584;10.0;94.0;43.0;162.0;0.0
2023-07-26;RS;7922;-22752.72325555611;7922;24.0;389.0;103.0;745.0;3.0
2023-07-26;TW;756;-1014.0363007761252;756;5.0;10.0;11.0;38.0;0.0
2023-07-26;UP;5547;-19029.688842583433;5547;28.0;218.0;86.0;732.0;0.0
2023-07-26;US;54377;-124355.44067701696;54377;301.0;3490.0;1058.0;3092.0;9.0
2023-07-27;GM;1608;-1931.906277382654;1608;7.0;69.0;16.0;85.0;0.0
2023-07-27;IS;4946;-14478.387874178718;4946;131.0;154.0;77.0;539.0;5.0
2023-07-27;NI;4173;-7517.375750531767;4173;63.0;186.0;46.0;193.0;0.0
2023-07-27;PK;2159;-4222.2423681221735;2159;32.0;127.0;16.0;130.0;0.0
2023-07-27;RS;9218;-21534.103646426447;9218;41.0;383.0;139.0;834.0;0.0
2023-07-27;TW;884;-1071.4125750579317;884;8.0;31.0;11.0;27.0;0.0
2023-07-27;UP;6066;-18265.945713204223;6066;23.0;248.0;135.0;859.0;0.0
2023-07-27;US;54403;-116750.89184702182;54403;256.0;3479.0;876.0;3061.0;9.0
2023-07-28;GM;1342;-1517.598787874591;1342;12.0;41.0;18.0;61.0;0.0
2023-07-28;IS;3474;-10504.320570032254;3474;103.0;106.0;50.0;284.0;10.0
2023-07-28;NI;4777;-5755.124058032771;4777;47.0;233.0;60.0;209.0;0.0
2023-07-28;PK;2090;-5084.641469515957;2090;34.0;101.0;49.0;96.0;2.0
2023-07-28;RS;8074;-20240.928946294447;8074;44.0;334.0;107.0;832.0;0.0
2023-07-28;TW;740;-771.1958648778434;740;6.0;19.0;9.0;31.0;0.0
2023-07-28;UP;5222;-14437.013537927143;5222;17.0;170.0;113.0;786.0;2.0
2023-07-28;US;48560;-102439.1427221415;48560;242.0;2996.0;713.0;2866.0;3.0
2023-07-29;GM;954;-1818.048094170294;954;6.0;46.0;4.0;48.0;5.0
2023-07-29;IS;2160;-6671.325765239473;2160;62.0;80.0;58.0;145.0;3.0
2023-07-29;NI;3388;-3578.51640121232;3388;30.0;127.0;58.0;138.0;0.0
2023-07-29;PK;1705;-3728.961203658382;1705;11.0;80.0;19.0;105.0;0.0
2023-07-29;RS;5648;-14389.950977079994;5648;30.0;223.0;93.0;738.0;2.0
2023-07-29;TW;767;-593.3026083640945;767;11.0;14.0;1.0;25.0;2.0
2023-07-29;UP;3855;-10103.60722930947;3855;5.0;115.0;90.0;787.0;2.0
2023-07-29;US;29547;-62549.51707881281;29547;186.0;1806.0;424.0;1922.0;4.0
2023-07-30;GM;869;-1601.2282744078889;869;4.0;39.0;2.0;34.0;0.0
2023-07-30;IS;3384;-11497.61703495856;3384;90.0;71.0;92.0;322.0;3.0
2023-07-30;NI;3781;-5760.443670820367;3781;62.0;205.0;48.0;120.0;1.0
2023-07-30;PK;2461;-9033.099047137444;2461;13.0;74.0;139.0;221.0;0.0
2023-07-30;RS;5353;-18397.677169811;5353;38.0;149.0;114.0;777.0;5.0
2023-07-30;TW;596;-321.83750244600844;596;4.0;7.0;2.0;15.0;0.0
2023-07-30;UP;4167;-15681.914764430743;4167;21.0;86.0;100.0;778.0;0.0
2023-07-30;US;22098;-43337.773007073265;22098;166.0;1204.0;318.0;1495.0;6.0
2023-07-31;GM;1359;-1388.7703062240803;1359;17.0;45.0;17.0;35.0;1.0
2023-07-31;IS;4586;-14746.389717821825;4586;96.0;164.0;117.0;528.0;4.0
2023-07-31;NI;4463;-6176.879667199391;4463;91.0;238.0;48.0;139.0;0.0
2023-07-31;PK;4280;-16222.870218971386;4280;31.0;138.0;207.0;342.0;0.0
2023-07-31;RS;6877;-24441.341145471204;6877;61.0;223.0;132.0;917.0;7.0
2023-07-31;TW;584;-105.63482202956132;584;1.0;10.0;0.0;3.0;0.0
2023-07-31;UP;5730;-20261.655340080633;5730;21.0;129.0;115.0;885.0;4.0
2023-07-31;US;41793;-83124.82430271205;41793;206.0;2390.0;608.0;2731.0;5.0
2023-08-01;GM;1703;-2855.1186406810552;1703;15.0;105.0;24.0;66.0;0.0
2023-08-01;IS;4085;-12325.948537016538;4085;89.0;137.0;84.0;611.0;15.0
2023-08-01;NI;4539;-5478.200999879749;4539;81.0;193.0;67.0;109.0;0.0
2023-08-01;PK;3034;-9330.86457307146;3034;20.0;77.0;113.0;238.0;3.0
2023-08-01;RS;6542;-24003.818821742076;6542;44.0;240.0;127.0;857.0;1.0
2023-08-01;TW;705;-1123.2074225509466;705;2.0;29.0;0.0;33.0;0.0
2023-08-01;UP;5659;-20028.94005914954;5659;14.0;145.0;134.0;776.0;0.0
2023-08-01;US;51306;-108859.77943556412;51306;226.0;3176.0;776.0;3027.0;2.0
2023-08-02;GM;1822;-3583.7663850760778;1822;10.0;90.0;22.0;77.0;0.0
2023-08-02;IS;4297;-14628.83554413906;4297;57.0;175.0;161.0;626.0;15.0
2023-08-02;NI;5802;-9115.33159535407;5802;292.0;254.0;76.0;117.0;0.0
2023-08-02;PK;2624;-6772.687811348376;2624;19.0;88.0;63.0;182.0;0.0
2023-08-02;RS;6485;-23796.433310874923;6485;35.0;298.0;199.0;831.0;2.0
2023-08-02;TW;651;-691.28773145863;651;6.0;22.0;0.0;18.0;0.0
2023-08-02;UP;5196;-19030.071791329938;5196;12.0;229.0;170.0;751.0;0.0
2023-08-02;US;56251;-145434.2836509623;56251;272.0;4513.0;905.0;3252.0;11.0
2023-08-03;GM;1620;-3040.694863855031;1620;6.0;96.0;22.0;67.0;1.0
2023-08-03;IS;3867;-10392.885815921663;3867;77.0;186.0;87.0;403.0;6.0
2023-08-03;NI;5998;-8683.5498100451;5998;125.0;240.0;56.0;138.0;0.0
2023-08-03;PK;3022;-4429.227996804345;3022;25.0;116.0;72.0;160.0;0.0
2023-08-03;RS;6710;-24060.349730510323;6710;39.0;363.0;131.0;858.0;3.0
2023-08-03;TW;687;-1095.4462817332687;687;6.0;17.0;4.0;28.0;0.0
2023-08-03;UP;5476;-17894.895996633833;5476;7.0;184.0;117.0;830.0;2.0
2023-08-03;US;53890;-131352.52480854883;53890;279.0;4064.0;891.0;3091.0;11.0
2023-08-04;GM;1663;-3666.450203883755;1663;6.0;98.0;16.0;86.0;2.0
2023-08-04;IS;2527;-9409.361497593562;2527;44.0;102.0;45.0;489.0;5.0
2023-08-04;NI;5831;-6841.90635285884;5831;58.0;187.0;62.0;143.0;0.0
2023-08-04;PK;2867;-3883.799657410146;2867;32.0;128.0;46.0;132.0;1.0
2023-08-04;RS;7390;-31675.642348663845;7390;68.0;566.0;125.0;912.0;4.0
2023-08-04;TW;668;-1018.6757005172366;668;2.0;22.0;1.0;33.0;0.0
2023-08-04;UP;5806;-20247.4344813078;5806;17.0;231.0;113.0;911.0;3.0
2023-08-04;US;51308;-125746.10389893226;51308;248.0;3707.0;825.0;3307.0;15.0
2023-08-05;GM;978;-1522.19027826386;978;3.0;35.0;4.0;52.0;0.0
2023-08-05;IS;2099;-11092.652701213872;2099;64.0;105.0;50.0;610.0;4.0
2023-08-05;NI;4397;-5674.413467240216;4397;30.0;225.0;23.0;146.0;0.0
2023-08-05;PK;2852;-8276.587902363934;2852;81.0;419.0;39.0;117.0;0.0
2023-08-05;RS;5680;-20605.052818766264;5680;31.0;313.0;103.0;824.0;1.0
2023-08-05;TW;416;-590.1935622621932;416;3.0;11.0;1.0;12.0;0.0
2023-08-05;UP;4709;-14245.286116642288;4709;14.0;150.0;98.0;763.0;2.0
2023-08-05;US;30445;-73721.77867304419;30445;132.0;2160.0;443.0;1989.0;5.0
2023-08-06;GM;910;-1655.3892770573864;910;2.0;44.0;16.0;100.0;0.0
2023-08-06;IS;3092;-16089.91414523909;3092;65.0;154.0;89.0;720.0;8.0
2023-08-06;NI;4190;-6657.267594669985;4190;24.0;134.0;35.0;150.0;0.0
2023-08-06;PK;2767;-10240.546258638156;2767;110.0;366.0;51.0;178.0;0.0
2023-08-06;RS;5042;-18187.052703192192;5042;33.0;172.0;97.0;871.0;1.0
2023-08-06;TW;359;-659.4349940892116;359;1.0;10.0;0.0;23.0;0.0
2023-08-06;UP;4323;-14359.449854401766;4323;19.0;121.0;80.0;965.0;1.0
2023-08-06;US;23362;-55515.34578335786;23362;112.0;1571.0;370.0;1737.0;4.0
2023-08-07;GM;1792;-2212.2275827553517;1792;13.0;80.0;15.0;83.0;0.0
2023-08-07;IS;3882;-13870.92903417536;3882;80.0;154.0;89.0;756.0;3.0
2023-08-07;NI;5463;-9270.724525824176;5463;41.0;217.0;69.0;163.0;0.0
2023-08-07;PK;2926;-9629.688998818168;2926;60.0;261.0;61.0;205.0;0.0
2023-08-07;RS;6318;-21019.738737089185;6318;32.0;267.0;200.0;883.0;5.0
2023-08-07;TW;490;-312.452009534375;490;3.0;9.0;0.0;26.0;0.0
2023-08-07;UP;5648;-17907.540158327003;5648;33.0;219.0;223.0;956.0;2.0
2023-08-07;US;41853;-93691.17986367377;41853;217.0;2761.0;569.0;2748.0;4.0
2023-08-08;GM;1493;-2047.4758883668965;1493;13.0;66.0;26.0;55.0;0.0
2023-08-08;IS;3854;-13267.232048766293;3854;110.0;220.0;74.0;530.0;12.0
2023-08-08;NI;4944;-8430.192799006089;4944;39.0;186.0;103.0;122.0;0.0
2023-08-08;PK;2800;-8266.644697007243;2800;47.0;303.0;38.0;169.0;0.0
2023-08-08;RS;6311;-21312.524051271685;6311;29.0;338.0;150.0;686.0;5.0
2023-08-08;TW;647;-426.4932850771209;647;7.0;9.0;0.0;11.0;0.0
2023-08-08;UP;5197;-15450.905773788663;5197;8.0;219.0;166.0;756.0;0.0
2023-08-08;US;49543;-106130.58538670697;49543;296.0;3179.0;776.0;3241.0;13.0
2023-08-09;GM;1757;-2872.081867623672;1757;13.0;115.0;18.0;79.0;0.0
2023-08-09;IS;3616;-10735.091293176549;3616;86.0;162.0;58.0;371.0;7.0
2023-08-09;NI;5220;-9388.598750102125;5220;29.0;194.0;58.0;134.0;0.0
2023-08-09;PK;2853;-8609.372153901642;2853;23.0;312.0;30.0;144.0;1.0
2023-08-09;RS;5343;-19297.867012576015;5343;34.0;277.0;112.0;673.0;5.0
2023-08-09;TW;612;-782.1386209503631;612;7.0;6.0;3.0;32.0;0.0
2023-08-09;UP;4241;-13640.16740975692;4241;23.0;150.0;91.0;611.0;0.0
2023-08-09;US;52797;-113474.13848548588;52797;223.0;3364.0;826.0;3441.0;8.0
2023-08-10;GM;1708;-2482.2069053414466;1708;14.0;128.0;10.0;72.0;0.0
2023-08-10;IS;3691;-10824.933599018766;3691;57.0;185.0;66.0;394.0;6.0
2023-08-10;NI;5062;-7223.306059844679;5062;20.0;162.0;60.0;161.0;0.0
2023-08-10;PK;3167;-8518.995652423198;3167;33.0;211.0;62.0;163.0;0.0
2023-08-10;RS;6222;-23734.553363488165;6222;32.0;280.0;156.0;855.0;4.0
2023-08-10;TW;501;-859.0238364665418;501;0.0;8.0;0.0;21.0;0.0
2023-08-10;UP;5176;-18282.90441865991;5176;24.0;144.0;140.0;806.0;0.0
2023-08-10;US;53370;-117125.658479095;53370;250.0;3509.0;718.0;3261.0;5.0
2023-08-11;GM;1390;-1349.6354033418145;1390;3.0;48.0;19.0;55.0;1.0
2023-08-11;IS;2937;-9705.968732451014;2937;60.0;114.0;74.0;370.0;16.0
2023-08-11;NI;4581;-7738.25588639294;4581;26.0;210.0;69.0;234.0;0.0
2023-08-11;PK;2180;-5233.033146837334;2180;40.0;178.0;52.0;134.0;0.0
2023-08-11;RS;4916;-17588.710615367672;4916;21.0;210.0;104.0;799.0;3.0
2023-08-11;TW;672;-747.9430406881702;672;3.0;34.0;1.0;18.0;0.0
2023-08-11;UP;4746;-16452.149388980284;4746;11.0;138.0;93.0;818.0;0.0
2023-08-11;US;50413;-116112.075371146;50413;210.0;3274.0;768.0;3146.0;3.0
2023-08-12;GM;724;-1218.457913018121;724;1.0;29.0;18.0;37.0;0.0
2023-08-12;IS;1562;-3085.56432109869;1562;43.0;69.0;41.0;169.0;1.0
2023-08-12;NI;4035;-6482.206725364441;4035;50.0;149.0;71.0;196.0;0.0
2023-08-12;PK;2274;-4531.573055087412;2274;24.0;145.0;27.0;109.0;0.0
2023-08-12;RS;3562;-13550.908876321382;3562;24.0;105.0;71.0;727.0;3.0
2023-08-12;TW;836;-599.068032234635;836;3.0;6.0;0.0;20.0;0.0
2023-08-12;UP;3367;-11286.613875907962;3367;14.0;82.0;67.0;767.0;1.0
2023-08-12;US;30720;-70320.6735187077;30720;150.0;1993.0;431.0;1990.0;1.0
2023-08-13;GM;791;-1312.2598961885485;791;5.0;26.0;10.0;50.0;0.0
2023-08-13;IS;2663;-6626.0215656673745;2663;90.0;94.0;57.0;225.0;3.0
2023-08-13;NI;4137;-7517.689326859541;4137;33.0;232.0;68.0;137.0;0.0
2023-08-13;PK;2753;-8253.734404503208;2753;21.0;143.0;71.0;443.0;1.0
2023-08-13;RS;3570;-13826.180308721718;3570;20.0;108.0;71.0;759.0;1.0
2023-08-13;TW;1161;-1487.6314839756467;1161;6.0;13.0;8.0;18.0;0.0
2023-08-13;UP;2987;-11509.328907238672;2987;9.0;73.0;66.0;728.0;0.0
2023-08-13;US;23775;-50156.63852900512;23775;141.0;1287.0;321.0;1571.0;4.0
2023-08-14;GM;1677;-2342.877260333594;1677;8.0;62.0;13.0;61.0;0.0
2023-08-14;IS;3252;-7816.772446945973;3252;85.0;119.0;43.0;225.0;15.0
2023-08-14;NI;4795;-10973.419047358131;4795;35.0;279.0;64.0;178.0;0.0
2023-08-14;PK;3393;-4324.321621019293;3393;19.0;178.0;77.0;370.0;0.0
2023-08-14;RS;5805;-18588.270118407578;5805;35.0;232.0;99.0;953.0;0.0
2023-08-14;TW;1434;-1487.390310102444;1434;5.0;26.0;2.0;17.0;0.0
2023-08-14;UP;4672;-16299.64983690905;4672;10.0;123.0;89.0;938.0;0.0
2023-08-14;US;43864;-90734.4653018504;43864;207.0;2644.0;697.0;2690.0;5.0
2023-08-15;GM;1568;-2621.090905471523;1568;2.0;60.0;15.0;43.0;4.0
2023-08-15;IS;3592;-12051.098996761872;3592;75.0;163.0;67.0;494.0;15.0
2023-08-15;NI;4743;-10119.04632620269;4743;32.0;270.0;65.0;214.0;0.0
2023-08-15;PK;2617;-6151.1716420821995;2617;36.0;181.0;46.0;259.0;0.0
2023-08-15;RS;5559;-19382.6588066926;5559;30.0;312.0;110.0;859.0;6.0
2023-08-15;TW;814;-470.2352951953697;814;3.0;7.0;6.0;11.0;0.0
2023-08-15;UP;3910;-13516.79165132558;3910;20.0;133.0;91.0;823.0;0.0
2023-08-15;US;53914;-140885.69259226593;53914;309.0;4168.0;720.0;3199.0;13.0
2023-08-16;GM;1613;-2121.6346794676065;1613;17.0;77.0;18.0;57.0;0.0
2023-08-16;IS;3207;-7743.79970994882;3207;47.0;132.0;42.0;319.0;5.0
2023-08-16;NI;4728;-6834.4577828310385;4728;34.0;202.0;104.0;175.0;0.0
2023-08-16;PK;2682;-8793.361909475045;2682;42.0;209.0;88.0;150.0;0.0
2023-08-16;RS;5754;-18957.33076441838;5754;32.0;341.0;68.0;730.0;2.0
2023-08-16;TW;658;-1056.1267777782516;658;4.0;23.0;2.0;16.0;0.0
2023-08-16;UP;3694;-12181.54340722452;3694;12.0;106.0;71.0;691.0;0.0
2023-08-16;US;53021;-125088.73459646516;53021;240.0;4021.0;661.0;3146.0;10.0
2023-08-17;GM;1910;-1180.4995663721606;1910;7.0;64.0;39.0;100.0;4.0
2023-08-17;IS;4478;-7205.091331572858;4478;85.0;139.0;63.0;477.0;12.0
2023-08-17;NI;4839;-8919.302158742663;4839;30.0;183.0;108.0;200.0;0.0
2023-08-17;PK;2839;-11513.682616122527;2839;43.0;265.0;103.0;215.0;1.0
2023-08-17;RS;5519;-16377.946671736188;5519;15.0;343.0;71.0;523.0;1.0
2023-08-17;TW;810;-564.2358408507512;810;6.0;11.0;3.0;16.0;0.0
2023-08-17;UP;4482;-11273.463391882722;4482;9.0;143.0;65.0;556.0;7.0
2023-08-17;US;53758;-122257.95214482814;53758;247.0;3935.0;703.0;3142.0;10.0
2023-08-18;GM;1466;-1795.830233379245;1466;9.0;39.0;24.0;86.0;0.0
2023-08-18;IS;2874;-6031.7039851803165;2874;71.0;97.0;42.0;280.0;3.0
2023-08-18;NI;4284;-6022.7443381320745;4284;40.0;169.0;76.0;158.0;0.0
2023-08-18;PK;3201;-10475.42246101147;3201;47.0;321.0;72.0;239.0;3.0
2023-08-18;RS;6561;-22477.839923157226;6561;33.0;385.0;118.0;870.0;0.0
2023-08-18;TW;860;-739.106008837813;860;10.0;25.0;2.0;20.0;0.0
2023-08-18;UP;5945;-16665.37462349968;5945;16.0;163.0;101.0;890.0;0.0
2023-08-18;US;51076;-119977.96194945843;51076;230.0;3733.0;643.0;3065.0;12.0
2023-08-19;GM;799;-1412.737624055929;799;2.0;47.0;12.0;49.0;0.0
2023-08-19;IS;1997;-10198.898807245758;1997;51.0;110.0;48.0;474.0;5.0
2023-08-19;NI;3414;-3073.542706545267;3414;39.0;143.0;45.0;118.0;6.0
2023-08-19;PK;2528;-7897.335002915282;2528;34.0;346.0;45.0;191.0;0.0
2023-08-19;RS;4380;-15900.484931905994;4380;13.0;153.0;74.0;873.0;1.0
2023-08-19;TW;1487;-3762.519864897246;1487;2.0;18.0;1.0;60.0;0.0
2023-08-19;UP;4476;-14333.90561468783;4476;7.0;91.0;72.0;923.0;0.0
2023-08-19;US;30880;-70275.00086284336;30880;157.0;2096.0;355.0;2022.0;0.0
2023-08-20;GM;814;-864.4120804971906;814;15.0;27.0;11.0;53.0;0.0
2023-08-20;IS;2765;-11011.910400716311;2765;55.0;137.0;84.0;537.0;1.0
2023-08-20;NI;2933;-3283.27803365881;2933;28.0;112.0;13.0;119.0;6.0
2023-08-20;PK;2710;-9251.436641524528;2710;62.0;219.0;65.0;201.0;0.0
2023-08-20;RS;4170;-15633.371403729318;4170;28.0;110.0;92.0;807.0;1.0
2023-08-20;TW;716;-1605.3228566109478;716;0.0;4.0;0.0;15.0;0.0
2023-08-20;UP;4681;-13849.564630479495;4681;10.0;79.0;73.0;771.0;0.0
2023-08-20;US;22767;-48525.88633765785;22767;103.0;1393.0;262.0;1543.0;0.0
2023-08-21;GM;1392;-2677.7407206006687;1392;14.0;86.0;16.0;85.0;0.0
2023-08-21;IS;4563;-18810.799070708777;4563;82.0;175.0;90.0;956.0;4.0
2023-08-21;NI;3976;-3539.340717275907;3976;48.0;189.0;59.0;111.0;0.0
2023-08-21;PK;2992;-9626.56569516431;2992;44.0;292.0;100.0;234.0;0.0
2023-08-21;RS;6286;-16637.70418818948;6286;48.0;208.0;132.0;798.0;9.0
2023-08-21;TW;856;-1678.996910092528;856;0.0;40.0;8.0;35.0;0.0
2023-08-21;UP;6919;-12646.53126722658;6919;18.0;147.0;119.0;695.0;6.0
2023-08-21;US;44017;-94718.8635539966;44017;230.0;2713.0;579.0;2820.0;3.0
2023-08-22;GM;1504;-1754.1718315758733;1504;12.0;47.0;21.0;102.0;0.0
2023-08-22;IS;4181;-16128.229983506251;4181;64.0;194.0;62.0;772.0;5.0
2023-08-22;NI;4490;-5732.143355198474;4490;41.0;327.0;94.0;215.0;0.0
2023-08-22;PK;3519;-9719.93848836449;3519;58.0;224.0;56.0;282.0;0.0
2023-08-22;RS;7367;-20114.06610126192;7367;39.0;252.0;89.0;1018.0;0.0
2023-08-22;TW;732;-1148.932199142139;732;1.0;28.0;2.0;29.0;0.0
2023-08-22;UP;7260;-15025.602221135285;7260;35.0;166.0;78.0;867.0;0.0
2023-08-22;US;52753;-117444.7606305708;52753;263.0;3377.0;648.0;3251.0;6.0
2023-08-23;GM;1539;-1940.8003114006283;1539;17.0;58.0;26.0;60.0;0.0
2023-08-23;IS;2981;-9580.201933211214;2981;64.0;135.0;54.0;449.0;6.0
2023-08-23;NI;4702;-3862.042868172225;4702;15.0;259.0;107.0;233.0;0.0
2023-08-23;PK;2944;-8229.588128117544;2944;49.0;178.0;85.0;266.0;0.0
2023-08-23;RS;8818;-31587.874513661784;8818;22.0;268.0;145.0;1202.0;0.0
2023-08-23;TW;958;-1078.2272541812283;958;1.0;25.0;7.0;57.0;0.0
2023-08-23;UP;6586;-18369.541332991957;6586;14.0;173.0;122.0;852.0;0.0
2023-08-23;US;54148;-122697.79676272074;54148;247.0;3425.0;761.0;3443.0;8.0
2023-08-24;GM;1708;-2800.886957238327;1708;6.0;62.0;13.0;94.0;0.0
2023-08-24;IS;4009;-15872.14541092856;4009;77.0;239.0;106.0;567.0;0.0
2023-08-24;NI;4364;-6302.9079446275555;4364;43.0;224.0;92.0;222.0;0.0
2023-08-24;PK;2682;-4615.057711490497;2682;32.0;190.0;23.0;111.0;6.0
2023-08-24;RS;11935;-47599.25853161719;11935;59.0;475.0;224.0;1469.0;2.0
2023-08-24;TW;845;-862.5859054974926;845;3.0;25.0;6.0;31.0;0.0
2023-08-24;UP;8239;-22823.760509140033;8239;43.0;260.0;141.0;1026.0;2.0
2023-08-24;US;58176;-146553.09820327323;58176;274.0;4226.0;859.0;3746.0;1.0
2023-08-25;GM;1599;-2866.218804915321;1599;5.0;75.0;32.0;137.0;0.0
2023-08-25;IS;2446;-7157.9488732772425;2446;48.0;122.0;85.0;295.0;0.0
2023-08-25;NI;4267;-5256.555521773177;4267;15.0;126.0;89.0;298.0;0.0
2023-08-25;PK;2645;-5986.283675560612;2645;55.0;212.0;23.0;126.0;0.0
2023-08-25;RS;8157;-30220.60062833819;8157;39.0;308.0;157.0;995.0;2.0
2023-08-25;TW;637;-704.4613960008429;637;2.0;15.0;7.0;19.0;0.0
2023-08-25;UP;6620;-16839.586007698075;6620;27.0;182.0;105.0;803.0;3.0
2023-08-25;US;53476;-145054.93383584384;53476;277.0;3922.0;762.0;3650.0;1.0
2023-08-26;GM;1139;-1788.4804495223063;1139;2.0;56.0;9.0;102.0;0.0
2023-08-26;IS;1742;-8069.304739740866;1742;53.0;129.0;50.0;309.0;4.0
2023-08-26;NI;3862;-5713.225084365506;3862;17.0;193.0;109.0;180.0;0.0
2023-08-26;PK;2208;-6918.617691145016;2208;64.0;222.0;29.0;114.0;0.0
2023-08-26;RS;4989;-20372.752555438314;4989;26.0;271.0;100.0;800.0;0.0
2023-08-26;TW;480;-637.08289424779;480;2.0;7.0;0.0;19.0;0.0
2023-08-26;UP;3749;-12914.525516201502;3749;28.0;126.0;64.0;650.0;0.0
2023-08-26;US;31006;-75027.0386848831;31006;154.0;2186.0;474.0;2432.0;0.0
2023-08-27;GM;985;-1394.5947838556;985;6.0;50.0;17.0;65.0;0.0
2023-08-27;IS;2487;-6971.566787708674;2487;60.0;92.0;48.0;303.0;0.0
2023-08-27;NI;3975;-4526.839740869101;3975;18.0;189.0;62.0;152.0;0.0
2023-08-27;PK;1872;-5685.286703585416;1872;66.0;162.0;29.0;108.0;0.0
2023-08-27;RS;4560;-18165.54705340432;4560;15.0;181.0;109.0;794.0;2.0
2023-08-27;TW;309;-301.4417899032587;309;0.0;3.0;1.0;16.0;0.0
2023-08-27;UP;3538;-12087.88620016478;3538;13.0;102.0;67.0;686.0;0.0
2023-08-27;US;23363;-52032.43845319525;23363;151.0;1295.0;453.0;2003.0;2.0
2023-08-28;GM;1290;-1637.295337118578;1290;7.0;57.0;20.0;79.0;0.0
2023-08-28;IS;4175;-10477.23634828847;4175;96.0;104.0;69.0;360.0;2.0
2023-08-28;NI;4540;-5955.056660861986;4540;44.0;247.0;63.0;164.0;2.0
2023-08-28;PK;2421;-9443.512200955834;2421;99.0;244.0;57.0;196.0;0.0
2023-08-28;RS;6095;-19898.13705082596;6095;50.0;311.0;121.0;776.0;1.0
2023-08-28;TW;626;-720.3324768336655;626;3.0;12.0;1.0;10.0;0.0
2023-08-28;UP;4715;-13228.76668944478;4715;19.0;139.0;82.0;763.0;1.0
2023-08-28;US;45085;-100152.4355330753;45085;336.0;2665.0;723.0;3495.0;3.0
2023-08-29;GM;1664;-3459.44634192685;1664;4.0;98.0;17.0;79.0;6.0
2023-08-29;IS;3899;-10199.518999868704;3899;79.0;136.0;82.0;292.0;10.0
2023-08-29;NI;4134;-7031.199678649592;4134;52.0;253.0;43.0;109.0;0.0
2023-08-29;PK;2485;-7314.841598771248;2485;61.0;272.0;57.0;138.0;1.0
2023-08-29;RS;6521;-22799.989247087407;6521;43.0;338.0;86.0;783.0;9.0
2023-08-29;TW;694;-925.1206250059532;694;5.0;12.0;5.0;22.0;0.0
2023-08-29;UP;5035;-13652.614179451544;5035;2.0;130.0;64.0;724.0;5.0
2023-08-29;US;52479;-125728.0177471094;52479;355.0;3311.0;777.0;3806.0;3.0
2023-08-30;GM;1638;-3349.341223955944;1638;14.0;106.0;24.0;82.0;3.0
2023-08-30;IS;4166;-14650.743883025489;4166;91.0;193.0;155.0;601.0;5.0
2023-08-30;NI;4544;-5613.008011785345;4544;17.0;256.0;55.0;154.0;1.0
2023-08-30;PK;2283;-6937.812782673503;2283;60.0;220.0;37.0;190.0;0.0
2023-08-30;RS;7662;-27593.02989660581;7662;21.0;321.0;152.0;1188.0;5.0
2023-08-30;TW;851;-629.7104192350906;851;7.0;18.0;0.0;33.0;0.0
2023-08-30;UP;5481;-18317.98903724705;5481;11.0;193.0;101.0;994.0;0.0
2023-08-30;US;54631;-130190.60610967116;54631;361.0;3505.0;884.0;3370.0;2.0
2023-08-31;GM;1585;-2422.7265755040557;1585;13.0;69.0;13.0;142.0;0.0
2023-08-31;IS;4230;-13598.68672884758;4230;53.0;177.0;123.0;553.0;2.0
2023-08-31;NI;4063;-6536.840917931044;4063;14.0;214.0;59.0;146.0;2.0
2023-08-31;PK;2140;-6972.728388672162;2140;27.0;203.0;80.0;152.0;0.0
2023-08-31;RS;6729;-21359.869170226186;6729;35.0;276.0;115.0;818.0;2.0
2023-08-31;TW;1142;-163.19554617617317;1142;6.0;28.0;0.0;38.0;0.0
2023-08-31;UP;5124;-13281.650061985009;5124;15.0;153.0;106.0;703.0;1.0
2023-08-31;US;54032;-128896.15791002604;54032;360.0;3439.0;832.0;3352.0;3.0
2023-09-01;GM;1908;-3923.59839106092;1908;15.0;110.0;14.0;109.0;0.0
2023-09-01;IS;2756;-8718.391426121154;2756;62.0;105.0;44.0;346.0;1.0
2023-09-01;NI;3933;-4114.47346149372;3933;34.0;209.0;33.0;101.0;0.0
2023-09-01;PK;2308;-7080.293986487348;2308;32.0;166.0;63.0;174.0;0.0
2023-09-01;RS;6837;-18558.451781966614;6837;32.0;256.0;120.0;851.0;0.0
2023-09-01;TW;959;-887.7830579375086;959;9.0;15.0;4.0;21.0;0.0
2023-09-01;UP;5080;-12819.387781137508;5080;18.0;133.0;119.0;694.0;2.0
2023-09-01;US;49501;-108811.68354313416;49501;312.0;3051.0;697.0;2978.0;3.0
2023-09-02;GM;849;-1246.1656378590596;849;9.0;60.0;5.0;50.0;0.0
2023-09-02;IS;1897;-11085.813758296335;1897;153.0;111.0;79.0;323.0;0.0
2023-09-02;NI;3172;-2405.885781415238;3172;36.0;104.0;37.0;173.0;0.0
2023-09-02;PK;1555;-6207.267977915609;1555;23.0;143.0;33.0;187.0;0.0
2023-09-02;RS;4362;-7133.39464067714;4362;35.0;160.0;61.0;652.0;0.0
2023-09-02;TW;581;-1120.6235162851365;581;8.0;24.0;6.0;21.0;0.0
2023-09-02;UP;3419;-9316.082142040854;3419;24.0;94.0;56.0;570.0;0.0
2023-09-02;US;28269;-63575.973067642786;28269;254.0;1714.0;413.0;1874.0;3.0
2023-09-03;GM;890;-1476.5588303163;890;9.0;49.0;16.0;63.0;1.0
2023-09-03;IS;3396;-13795.832683651524;3396;121.0;139.0;89.0;436.0;9.0
2023-09-03;NI;3364;-3465.9944449134814;3364;19.0;186.0;40.0;145.0;0.0
2023-09-03;PK;1615;-5100.676333385821;1615;31.0;138.0;39.0;124.0;3.0
2023-09-03;RS;4020;-10282.695342460718;4020;23.0;97.0;60.0;594.0;4.0
2023-09-03;TW;484;-640.7062534399646;484;4.0;7.0;3.0;23.0;0.0
2023-09-03;UP;3309;-9579.192761706045;3309;21.0;80.0;43.0;597.0;0.0
2023-09-03;US;20261;-40217.935438291854;20261;117.0;1045.0;254.0;1394.0;4.0
2023-09-04;GM;1758;-1602.299504621533;1758;20.0;58.0;21.0;101.0;0.0
2023-09-04;IS;4554;-10663.331735606502;4554;102.0;238.0;118.0;418.0;5.0
2023-09-04;NI;4106;-3832.821612778792;4106;54.0;214.0;50.0;101.0;0.0
2023-09-04;PK;2432;-6686.762163186536;2432;46.0;173.0;64.0;146.0;0.0
2023-09-04;RS;7661;-18854.432656763845;7661;17.0;251.0;77.0;880.0;0.0
2023-09-04;TW;630;-614.9026132597647;630;2.0;17.0;6.0;23.0;0.0
2023-09-04;UP;6273;-18542.77007156263;6273;9.0;220.0;89.0;887.0;0.0
2023-09-04;US;26382;-47917.62192863994;26382;203.0;1398.0;322.0;1759.0;8.0
2023-09-05;GM;1738;-1713.8433785583784;1738;16.0;98.0;15.0;88.0;0.0
2023-09-05;IS;5048;-13801.34174668577;5048;98.0;216.0;101.0;580.0;3.0
2023-09-05;NI;4288;-5304.527452610325;4288;58.0;222.0;43.0;125.0;0.0
2023-09-05;PK;2677;-5440.398272369272;2677;30.0;211.0;88.0;171.0;1.0
2023-09-05;RS;8555;-22526.67516930066;8555;37.0;254.0;99.0;856.0;1.0
2023-09-05;TW;672;-186.0509731796491;672;9.0;20.0;5.0;11.0;0.0
2023-09-05;UP;5839;-17473.652336294213;5839;12.0;179.0;91.0;751.0;1.0
2023-09-05;US;44767;-92107.380026346;44767;365.0;2650.0;604.0;2731.0;3.0
2023-09-06;GM;1851;-1642.5221485435063;1851;9.0;68.0;10.0;90.0;0.0
2023-09-06;IS;4430;-10284.964300573496;4430;53.0;175.0;91.0;440.0;8.0
2023-09-06;NI;4392;-3148.4455878167787;4392;79.0;221.0;44.0;108.0;0.0
2023-09-06;PK;2695;-7233.923012804267;2695;22.0;163.0;58.0;309.0;8.0
2023-09-06;RS;8839;-26728.756628033418;8839;46.0;331.0;124.0;1093.0;0.0
2023-09-06;TW;656;-435.8259837187742;656;7.0;15.0;6.0;16.0;0.0
2023-09-06;UP;8070;-24174.086777608343;8070;43.0;266.0;115.0;1151.0;0.0
2023-09-06;US;55361;-115665.94705989744;55361;349.0;3534.0;712.0;3020.0;2.0
2023-09-07;GM;1950;-1780.6854670901266;1950;17.0;72.0;18.0;92.0;0.0
2023-09-07;IS;4322;-10873.343016312754;4322;37.0;145.0;67.0;358.0;1.0
2023-09-07;NI;4849;159.86853427182595;4849;21.0;223.0;31.0;114.0;0.0
2023-09-07;PK;2554;-7611.398295778039;2554;28.0;207.0;89.0;350.0;1.0
2023-09-07;RS;7974;-23454.255181959932;7974;48.0;263.0;134.0;816.0;1.0
2023-09-07;TW;629;-264.3719203499055;629;16.0;23.0;6.0;6.0;0.0
2023-09-07;UP;6963;-20723.951722173977;6963;38.0;159.0;111.0;784.0;3.0
2023-09-07;US;56555;-118584.2614090926;56555;276.0;3647.0;900.0;3005.0;3.0
2023-09-08;GM;2212;-1549.2357841537432;2212;6.0;61.0;34.0;111.0;0.0
2023-09-08;IS;3320;-9383.157260758506;3320;45.0;103.0;59.0;290.0;1.0
2023-09-08;NI;4711;-1692.1199647980063;4711;16.0;199.0;86.0;166.0;0.0
2023-09-08;PK;2316;-5179.336651811885;2316;12.0;126.0;57.0;267.0;2.0
2023-09-08;RS;7630;-23081.129335320788;7630;32.0;337.0;137.0;757.0;3.0
2023-09-08;TW;591;-652.8752402617522;591;5.0;17.0;7.0;9.0;0.0
2023-09-08;UP;6707;-20677.413208409635;6707;26.0;258.0;126.0;752.0;4.0
2023-09-08;US;53975;-111708.69186832212;53975;232.0;3312.0;847.0;2909.0;0.0
2023-09-09;GM;1397;-698.5144972518802;1397;6.0;25.0;18.0;37.0;0.0
2023-09-09;IS;2359;-8576.418793032;2359;30.0;69.0;56.0;311.0;5.0
2023-09-09;NI;3439;-1805.7143151583352;3439;18.0;96.0;66.0;115.0;0.0
2023-09-09;PK;2054;-6798.580428823771;2054;14.0;164.0;29.0;207.0;0.0
2023-09-09;RS;5899;-14780.31132297402;5899;41.0;173.0;84.0;503.0;5.0
2023-09-09;TW;328;-389.4177890483948;328;1.0;3.0;0.0;11.0;0.0
2023-09-09;UP;5285;-13337.734975860183;5285;19.0;113.0;73.0;499.0;6.0
2023-09-09;US;30078;-59873.083951597975;30078;135.0;1878.0;439.0;1748.0;0.0
2023-09-10;GM;1602;-830.7276309281598;1602;4.0;46.0;11.0;69.0;0.0
2023-09-10;IS;3146;-9927.793182052796;3146;67.0;90.0;34.0;390.0;3.0
2023-09-10;NI;3922;-2738.4832952467546;3922;6.0;140.0;49.0;177.0;0.0
2023-09-10;PK;1958;-5978.750705412209;1958;12.0;138.0;29.0;249.0;0.0
2023-09-10;RS;5498;-13711.991861097058;5498;30.0;115.0;85.0;534.0;3.0
2023-09-10;TW;295;-68.85876750205831;295;4.0;2.0;1.0;8.0;0.0
2023-09-10;UP;4542;-12068.73347039714;4542;16.0;108.0;93.0;578.0;1.0
2023-09-10;US;22456;-41092.20607255399;22456;126.0;1216.0;423.0;1434.0;3.0
2023-09-11;GM;2583;-1427.509013540433;2583;26.0;62.0;29.0;88.0;0.0
2023-09-11;IS;4458;-12643.6882597009;4458;98.0;131.0;51.0;420.0;6.0
2023-09-11;NI;4972;-2666.52659606408;4972;32.0;294.0;51.0;220.0;2.0
2023-09-11;PK;2507;-8619.772422176953;2507;7.0;150.0;58.0;313.0;0.0
2023-09-11;RS;7335;-16476.53410241317;7335;20.0;214.0;112.0;555.0;5.0
2023-09-11;TW;631;-446.8243797157331;631;1.0;10.0;2.0;19.0;0.0
2023-09-11;UP;5428;-13652.93576377339;5428;28.0;156.0;108.0;643.0;0.0
2023-09-11;US;45687;-83322.79282385501;45687;234.0;2468.0;784.0;2735.0;5.0
2023-09-12;GM;2440;-1971.729090576104;2440;18.0;83.0;12.0;95.0;0.0
2023-09-12;IS;4143;-11270.303159255947;4143;77.0;142.0;68.0;413.0;1.0
2023-09-12;NI;4705;-2180.2213136078067;4705;44.0;294.0;33.0;141.0;0.0
2023-09-12;PK;2908;-7525.415373754408;2908;16.0;235.0;69.0;202.0;0.0
2023-09-12;RS;9507;-19016.702409367703;9507;33.0;273.0;111.0;761.0;4.0
2023-09-12;TW;704;8.082922615019125;704;1.0;11.0;0.0;3.0;0.0
2023-09-12;UP;6460;-16763.578411868086;6460;26.0;208.0;123.0;711.0;2.0
2023-09-12;US;54779;-106665.28343089572;54779;284.0;3309.0;682.0;3025.0;3.0
2023-09-13;GM;2393;-1499.5869388817964;2393;14.0;68.0;12.0;71.0;0.0
2023-09-13;IS;4179;-14478.629755240843;4179;88.0;137.0;56.0;529.0;4.0
2023-09-13;NI;4463;-3155.44595192687;4463;43.0;217.0;64.0;161.0;0.0
2023-09-13;PK;3064;-6136.50933408993;3064;25.0;211.0;56.0;230.0;1.0
2023-09-13;RS;10144;-20760.408159837258;10144;40.0;314.0;118.0;1144.0;1.0
2023-09-13;TW;1110;76.22392093032275;1110;2.0;16.0;2.0;22.0;0.0
2023-09-13;UP;6503;-18398.885230882657;6503;24.0;220.0;134.0;906.0;2.0
2023-09-13;US;57053;-116702.49722082024;57053;329.0;3707.0;807.0;3210.0;5.0
2023-09-14;GM;2226;-3264.2929422156817;2226;7.0;103.0;30.0;106.0;0.0
2023-09-14;IS;4076;-10037.090444718358;4076;70.0;134.0;67.0;406.0;12.0
2023-09-14;NI;4231;-4613.757227023769;4231;47.0;232.0;104.0;153.0;0.0
2023-09-14;PK;3132;-8784.880271926964;3132;40.0;183.0;68.0;300.0;0.0
2023-09-14;RS;8782;-20313.111226095065;8782;38.0;382.0;82.0;989.0;1.0
2023-09-14;TW;1622;-685.9622691885326;1622;6.0;35.0;9.0;38.0;0.0
2023-09-14;UP;6352;-18437.62326842473;6352;20.0;239.0;98.0;898.0;0.0
2023-09-14;US;57036;-120806.06851616217;57036;373.0;3824.0;767.0;3072.0;8.0
2023-09-15;GM;2375;-1441.321081186989;2375;24.0;52.0;28.0;114.0;2.0
2023-09-15;IS;2707;-5940.759471453702;2707;72.0;111.0;27.0;194.0;12.0
2023-09-15;NI;4479;-710.5360116750097;4479;28.0;238.0;48.0;156.0;0.0
2023-09-15;PK;2954;-9073.703860909558;2954;40.0;227.0;33.0;302.0;0.0
2023-09-15;RS;8668;-20599.86701745337;8668;34.0;337.0;71.0;722.0;4.0
2023-09-15;TW;1152;-405.7784240423176;1152;4.0;19.0;4.0;24.0;0.0
2023-09-15;UP;6848;-15823.315538395082;6848;34.0;262.0;108.0;689.0;0.0
2023-09-15;US;54862;-115618.56601866892;54862;448.0;3565.0;673.0;2968.0;11.0
2023-09-16;GM;1388;-1838.621565025313;1388;12.0;38.0;5.0;70.0;0.0
2023-09-16;IS;1774;-6570.148616988104;1774;30.0;68.0;91.0;238.0;12.0
2023-09-16;NI;3399;-1449.6519478170085;3399;20.0;120.0;37.0;79.0;0.0
2023-09-16;PK;2140;-6097.579127959924;2140;36.0;167.0;30.0;178.0;0.0
2023-09-16;RS;5801;-12922.50941643571;5801;29.0;247.0;59.0;557.0;0.0
2023-09-16;TW;592;-107.33226142821827;592;1.0;3.0;2.0;5.0;0.0
2023-09-16;UP;4100;-10242.54617959239;4100;9.0;189.0;126.0;536.0;1.0
2023-09-16;US;32132;-68930.04250763704;32132;250.0;2064.0;478.0;1658.0;5.0
2023-09-17;GM;1685;-3065.116211615453;1685;13.0;42.0;31.0;62.0;0.0
2023-09-17;IS;2179;-6472.646229677401;2179;49.0;54.0;64.0;166.0;10.0
2023-09-17;NI;3169;-4157.60778105911;3169;15.0;165.0;60.0;125.0;5.0
2023-09-17;PK;2177;-4789.609018056983;2177;41.0;224.0;36.0;180.0;0.0
2023-09-17;RS;5460;-11274.363425312797;5460;20.0;163.0;79.0;724.0;0.0
2023-09-17;TW;622;-535.6836096593095;622;0.0;12.0;2.0;18.0;0.0
2023-09-17;UP;4775;-12052.593941494944;4775;14.0;143.0;83.0;732.0;0.0
2023-09-17;US;24345;-42520.16190793791;24345;225.0;1193.0;355.0;1471.0;10.0
2023-09-18;GM;2705;-4125.506047518227;2705;41.0;97.0;24.0;108.0;0.0
2023-09-18;IS;4646;-11855.719590446151;4646;143.0;133.0;60.0;297.0;17.0
2023-09-18;NI;4199;-4051.728297484452;4199;22.0;225.0;112.0;239.0;4.0
2023-09-18;PK;2523;-4666.695248566489;2523;12.0;224.0;21.0;158.0;0.0
2023-09-18;RS;7814;-18843.22042066044;7814;22.0;234.0;108.0;789.0;2.0
2023-09-18;TW;1164;-857.3404833472373;1164;8.0;3.0;0.0;40.0;0.0
2023-09-18;UP;7672;-21359.810410117043;7672;25.0;265.0;127.0;804.0;1.0
2023-09-18;US;50198;-88775.28779092256;50198;377.0;2967.0;729.0;2490.0;12.0
2023-09-19;GM;2851;-3529.052387338391;2851;21.0;114.0;21.0;96.0;0.0
2023-09-19;IS;4641;-12545.467198469203;4641;122.0;136.0;82.0;439.0;1.0
2023-09-19;NI;4587;-4847.516415398442;4587;21.0;219.0;102.0;254.0;0.0
2023-09-19;PK;2348;-6309.151619617196;2348;17.0;161.0;33.0;167.0;0.0
2023-09-19;RS;9658;-30745.93716610482;9658;27.0;267.0;135.0;983.0;22.0
2023-09-19;TW;989;-326.0429095420855;989;3.0;7.0;9.0;19.0;0.0
2023-09-19;UP;9616;-26911.93674462857;9616;34.0;193.0;140.0;909.0;2.0
2023-09-19;US;57105;-112263.42193091668;57105;389.0;3388.0;853.0;2781.0;10.0
2023-09-20;GM;2448;-3539.866170056098;2448;34.0;76.0;29.0;81.0;4.0
2023-09-20;IS;6365;-16008.276188634;6365;198.0;183.0;91.0;621.0;8.0
2023-09-20;NI;4559;-5620.513657146668;4559;23.0;224.0;71.0;214.0;1.0
2023-09-20;PK;2386;-4481.353161821714;2386;18.0;114.0;51.0;191.0;1.0
2023-09-20;RS;11179;-38327.188248852675;11179;55.0;265.0;126.0;870.0;35.0
2023-09-20;TW;785;-105.74019901069222;785;5.0;14.0;1.0;16.0;0.0
2023-09-20;UP;8921;-27049.19276265808;8921;37.0;214.0;137.0;609.0;4.0
2023-09-20;US;60498;-114026.86984978836;60498;457.0;3498.0;857.0;3079.0;12.0
2023-09-21;GM;1948;-1701.221435015212;1948;10.0;56.0;9.0;71.0;5.0
2023-09-21;IS;5047;-11495.394266161968;5047;80.0;132.0;58.0;558.0;5.0
2023-09-21;NI;4533;-2523.2246636103832;4533;19.0;184.0;65.0;201.0;0.0
2023-09-21;PK;2608;-6023.180449092684;2608;31.0;141.0;26.0;213.0;1.0
2023-09-21;RS;11068;-34352.558987717595;11068;50.0;303.0;124.0;1158.0;23.0
2023-09-21;TW;857;21.88149818484372;857;5.0;19.0;1.0;17.0;0.0
2023-09-21;UP;10484;-26798.81613683774;10484;48.0;234.0;150.0;1111.0;3.0
2023-09-21;US;62070;-113406.7553545374;62070;357.0;3493.0;895.0;3287.0;13.0
2023-09-22;GM;2111;-2094.6418058453423;2111;25.0;57.0;12.0;58.0;4.0
2023-09-22;IS;4757;-8233.644373215257;4757;120.0;131.0;47.0;513.0;0.0
2023-09-22;NI;4211;-5205.461925451833;4211;29.0;167.0;200.0;199.0;0.0
2023-09-22;PK;2676;-4990.23493091614;2676;37.0;163.0;24.0;157.0;3.0
2023-09-22;RS;8699;-23487.60905130869;8699;69.0;246.0;109.0;1082.0;13.0
2023-09-22;TW;642;-565.733319358564;642;2.0;14.0;4.0;11.0;2.0
2023-09-22;UP;10813;-17028.85802146348;10813;41.0;176.0;122.0;1038.0;7.0
2023-09-22;US;58138;-101645.84277667168;58138;332.0;3424.0;715.0;2987.0;13.0
2023-09-23;GM;1335;-2694.9986932253414;1335;9.0;38.0;5.0;73.0;0.0
2023-09-23;IS;2358;-5841.678151958571;2358;68.0;59.0;37.0;305.0;5.0
2023-09-23;NI;2960;-3793.488700983662;2960;20.0;146.0;125.0;163.0;0.0
2023-09-23;PK;1987;-4809.77601032413;1987;22.0;172.0;23.0;134.0;0.0
2023-09-23;RS;5641;-17531.304297615516;5641;27.0;161.0;91.0;789.0;9.0
2023-09-23;TW;461;-778.3135822790123;461;2.0;0.0;2.0;41.0;0.0
2023-09-23;UP;6301;-13600.731722052748;6301;20.0;97.0;96.0;776.0;0.0
2023-09-23;US;32557;-58789.51250249123;32557;162.0;1983.0;365.0;2004.0;10.0
2023-09-24;GM;1101;-1376.0581729055557;1101;7.0;29.0;4.0;32.0;0.0
2023-09-24;IS;3151;-10530.117318023264;3151;68.0;74.0;58.0;628.0;7.0
2023-09-24;NI;3477;-3554.560852544406;3477;28.0;115.0;115.0;153.0;0.0
2023-09-24;PK;1791;-3910.434127704176;1791;22.0;111.0;15.0;144.0;0.0
2023-09-24;RS;4846;-17301.798266791455;4846;37.0;175.0;69.0;677.0;28.0
2023-09-24;TW;297;-210.57131563729996;297;1.0;23.0;15.0;6.0;0.0
2023-09-24;UP;4676;-14159.941962963005;4676;11.0;124.0;94.0;656.0;2.0
2023-09-24;US;24222;-39359.0604880632;24222;102.0;1191.0;319.0;1470.0;2.0
2023-09-25;GM;1930;-2175.447641176411;1930;13.0;51.0;24.0;55.0;4.0
2023-09-25;IS;2953;-7402.235121174092;2953;43.0;103.0;46.0;281.0;5.0
2023-09-25;NI;4556;-5662.509365677874;4556;24.0;202.0;214.0;149.0;0.0
2023-09-25;PK;2599;-5790.255571472938;2599;21.0;226.0;57.0;190.0;0.0
2023-09-25;RS;7218;-23861.51978759307;7218;57.0;182.0;141.0;939.0;24.0
2023-09-25;TW;547;-210.0304274954852;547;4.0;4.0;15.0;27.0;0.0
2023-09-25;UP;6518;-21111.62058691224;6518;13.0;145.0;171.0;954.0;5.0
2023-09-25;US;43194;-73351.24366432926;43194;249.0;2399.0;562.0;2413.0;11.0
2023-09-26;GM;2517;-4532.194217972969;2517;21.0;98.0;17.0;118.0;4.0
2023-09-26;IS;4387;-5748.879837603317;4387;77.0;132.0;56.0;270.0;16.0
2023-09-26;NI;4638;-5196.018355695656;4638;65.0;172.0;133.0;130.0;0.0
2023-09-26;PK;3116;-7604.768308416694;3116;30.0;286.0;70.0;171.0;0.0
2023-09-26;RS;8354;-29649.988503742985;8354;47.0;244.0;147.0;1131.0;47.0
2023-09-26;TW;646;-450.4040487326498;646;1.0;15.0;6.0;27.0;0.0
2023-09-26;UP;7210;-24386.54032410169;7210;19.0;208.0;135.0;1121.0;11.0
2023-09-26;US;54487;-101269.3890943546;54487;313.0;3133.0;721.0;2968.0;19.0
2023-09-27;GM;2077;-3715.344789103849;2077;8.0;110.0;12.0;97.0;3.0
2023-09-27;IS;4785;-7403.869703727966;4785;75.0;194.0;90.0;328.0;2.0
2023-09-27;NI;3927;-3400.0264835352536;3927;44.0;165.0;84.0;170.0;0.0
2023-09-27;PK;2414;-5662.516888365764;2414;33.0;191.0;40.0;163.0;1.0
2023-09-27;RS;6536;-20431.62286350968;6536;35.0;261.0;84.0;651.0;35.0
2023-09-27;TW;612;-1029.6801928219502;612;0.0;21.0;0.0;52.0;0.0
2023-09-27;UP;6246;-19227.74198358321;6246;18.0;147.0;98.0;650.0;7.0
2023-09-27;US;58288;-121090.18523977582;58288;415.0;3730.0;832.0;3374.0;10.0
2023-09-28;GM;2711;-2400.9030938175056;2711;19.0;101.0;27.0;116.0;3.0
2023-09-28;IS;4784;-12774.97945416643;4784;74.0;210.0;109.0;430.0;7.0
2023-09-28;NI;4226;-3112.1856957729274;4226;45.0;176.0;71.0;188.0;2.0
2023-09-28;PK;2562;-6108.343853214636;2562;37.0;176.0;60.0;175.0;0.0
2023-09-28;RS;6921;-21428.895855978855;6921;28.0;193.0;84.0;733.0;31.0
2023-09-28;TW;898;-103.4951360630182;898;4.0;17.0;6.0;48.0;0.0
2023-09-28;UP;6154;-17190.714608559127;6154;20.0;122.0;96.0;707.0;5.0
2023-09-28;US;57785;-117876.03416822304;57785;407.0;3552.0;802.0;3217.0;7.0
2023-09-29;GM;2540;-2096.6194657740643;2540;10.0;65.0;27.0;120.0;9.0
2023-09-29;IS;3121;-8642.74807749271;3121;88.0;124.0;76.0;312.0;8.0
2023-09-29;NI;3925;-5346.63826138174;3925;54.0;272.0;43.0;151.0;4.0
2023-09-29;PK;3457;-17814.89484239373;3457;37.0;166.0;124.0;477.0;2.0
2023-09-29;RS;6369;-18051.10705929418;6369;48.0;263.0;96.0;660.0;13.0
2023-09-29;TW;760;-312.29058615346185;760;2.0;9.0;2.0;28.0;0.0
2023-09-29;UP;5822;-15143.75688709112;5822;27.0;139.0;87.0;672.0;9.0
2023-09-29;US;56014;-118582.57586674222;56014;329.0;3382.0;913.0;3435.0;23.0
2023-09-30;GM;1514;-1302.9088090716216;1514;5.0;46.0;6.0;52.0;0.0
2023-09-30;IS;1827;-5288.989217272264;1827;36.0;53.0;47.0;255.0;2.0
2023-09-30;NI;3645;-3661.4654568300857;3645;22.0;186.0;55.0;109.0;0.0
2023-09-30;PK;2189;-10471.045061285124;2189;14.0;107.0;64.0;260.0;3.0
2023-09-30;RS;4444;-11920.253734045851;4444;43.0;142.0;35.0;543.0;16.0
2023-09-30;TW;287;-180.2964704580209;287;4.0;5.0;1.0;11.0;0.0
2023-09-30;UP;3684;-10094.500023854804;3684;27.0;95.0;32.0;532.0;2.0
2023-09-30;US;32002;-67209.53801273108;32002;190.0;1969.0;520.0;2072.0;4.0
2023-10-01;GM;1171;-1827.220679199336;1171;8.0;23.0;5.0;57.0;0.0
2023-10-01;IS;2049;-6228.616471845308;2049;49.0;81.0;41.0;261.0;2.0
2023-10-01;NI;3866;-1079.561439741917;3866;19.0;221.0;53.0;107.0;0.0
2023-10-01;PK;2500;-12390.627119082812;2500;9.0;147.0;79.0;322.0;0.0
2023-10-01;RS;3857;-10083.904201103913;3857;26.0;105.0;37.0;495.0;11.0
2023-10-01;TW;251;-22.14126089697222;251;2.0;4.0;0.0;11.0;0.0
2023-10-01;UP;4487;-8787.57544518372;4487;26.0;59.0;53.0;512.0;5.0
2023-10-01;US;23660;-45161.164612734465;23660;166.0;1236.0;336.0;1517.0;5.0
2023-10-02;GM;2007;-1456.4348663103715;2007;30.0;62.0;12.0;86.0;0.0
2023-10-02;IS;3082;-8685.902658049923;3082;49.0;143.0;92.0;288.0;1.0
2023-10-02;NI;3793;-1778.7222489013304;3793;22.0;188.0;37.0;136.0;0.0
2023-10-02;PK;2614;-9776.333745403464;2614;19.0;212.0;95.0;254.0;0.0
2023-10-02;RS;5555;-14156.540310392067;5555;21.0;158.0;59.0;675.0;37.0
2023-10-02;TW;611;187.01400924505185;611;6.0;11.0;3.0;14.0;0.0
2023-10-02;UP;6755;-10700.934467627834;6755;17.0;117.0;76.0;692.0;5.0
2023-10-02;US;42859;-76257.07430908631;42859;240.0;2350.0;698.0;2519.0;3.0
2023-10-03;GM;1999;-1285.2769084859774;1999;13.0;70.0;13.0;68.0;0.0
2023-10-03;IS;3510;-8961.443857713528;3510;47.0;160.0;110.0;369.0;13.0
2023-10-03;NI;4019;-4788.959675975265;4019;30.0;210.0;53.0;148.0;1.0
2023-10-03;PK;2458;-8508.709352770346;2458;14.0;226.0;66.0;221.0;1.0
2023-10-03;RS;5816;-17593.630400096117;5816;32.0;253.0;61.0;717.0;28.0
2023-10-03;TW;691;-219.3675999126692;691;2.0;3.0;3.0;22.0;0.0
2023-10-03;UP;5861;-12459.630440961024;5861;23.0;150.0;73.0;617.0;7.0
2023-10-03;US;52593;-105131.4943713018;52593;286.0;3281.0;820.0;3236.0;11.0
2023-10-04;GM;2013;-2290.19408610843;2013;24.0;73.0;17.0;68.0;0.0
2023-10-04;IS;3976;-10337.781437436272;3976;82.0;136.0;85.0;429.0;10.0
2023-10-04;NI;4383;-6285.999899568827;4383;13.0;221.0;135.0;149.0;0.0
2023-10-04;PK;2759;-12529.29829794068;2759;32.0;298.0;49.0;225.0;0.0
2023-10-04;RS;5745;-18701.84611184874;5745;85.0;335.0;73.0;557.0;12.0
2023-10-04;TW;504;-700.2328193619462;504;2.0;17.0;0.0;13.0;0.0
2023-10-04;UP;5916;-14633.605209846137;5916;69.0;186.0;60.0;617.0;0.0
2023-10-04;US;55183;-111308.313875273;55183;363.0;3549.0;1022.0;3254.0;8.0
2023-10-05;GM;2587;-3304.674722395072;2587;21.0;73.0;38.0;89.0;1.0
2023-10-05;IS;4860;-16783.36401055685;4860;102.0;211.0;201.0;777.0;11.0
2023-10-05;NI;5067;-6074.186781340876;5067;14.0;326.0;129.0;217.0;2.0
2023-10-05;PK;2800;-9451.881957839005;2800;17.0;284.0;43.0;173.0;3.0
2023-10-05;RS;7052;-24516.572642516185;7052;58.0;271.0;103.0;1054.0;11.0
2023-10-05;TW;575;-616.5518576688122;575;1.0;18.0;8.0;24.0;0.0
2023-10-05;UP;7814;-22592.839110537516;7814;31.0;175.0;117.0;1069.0;7.0
2023-10-05;US;55462;-114108.91948269538;55462;311.0;3408.0;1009.0;3257.0;4.0
2023-10-06;GM;2318;-3369.4669529675593;2318;9.0;69.0;17.0;91.0;0.0
2023-10-06;IS;4343;-18308.014959253713;4343;89.0;195.0;188.0;850.0;9.0
2023-10-06;NI;3994;-3363.078866678343;3994;11.0;275.0;78.0;154.0;0.0
2023-10-06;PK;2290;-7905.636848225801;2290;20.0;192.0;26.0;129.0;2.0
2023-10-06;RS;7156;-25506.249209647765;7156;57.0;250.0;104.0;934.0;5.0
2023-10-06;TW;706;-708.9657043393288;706;5.0;24.0;6.0;14.0;0.0
2023-10-06;UP;6391;-22141.154654795093;6391;42.0;142.0;86.0;906.0;8.0
2023-10-06;US;52500;-104661.1869164956;52500;277.0;3213.0;771.0;3105.0;10.0
2023-10-07;GM;1498;-3600.0561513276475;1498;9.0;31.0;13.0;80.0;0.0
2023-10-07;IS;19637;-118340.41992852544;19637;150.0;421.0;775.0;4046.0;16.0
2023-10-07;NI;3310;-6521.983589699411;3310;9.0;218.0;98.0;183.0;0.0
2023-10-07;PK;1963;-7102.08318138998;1963;25.0;145.0;28.0;159.0;0.0
2023-10-07;RS;3916;-15314.742118070097;3916;20.0;192.0;59.0;654.0;3.0
2023-10-07;TW;255;28.05763926260359;255;1.0;3.0;1.0;6.0;0.0
2023-10-07;UP;3557;-13848.063393102022;3557;15.0;90.0;67.0;703.0;1.0
2023-10-07;US;31752;-73788.30223297252;31752;218.0;1735.0;458.0;2113.0;3.0
2023-10-08;GM;1819;-4596.925189820193;1819;19.0;44.0;75.0;114.0;0.0
2023-10-08;IS;30282;-170618.5179862393;30282;294.0;794.0;1503.0;5996.0;68.0
2023-10-08;NI;3616;-5135.498143172042;3616;6.0;175.0;88.0;214.0;0.0
2023-10-08;PK;1614;-6825.402267823391;1614;33.0;93.0;24.0;157.0;1.0
2023-10-08;RS;2488;-10304.381353744864;2488;15.0;86.0;59.0;446.0;0.0
2023-10-08;TW;330;-479.59187582006984;330;0.0;5.0;1.0;20.0;0.0
2023-10-08;UP;2832;-10913.991888871007;2832;15.0;34.0;87.0;512.0;6.0
2023-10-08;US;25058;-59780.27025848395;25058;216.0;1076.0;528.0;1978.0;5.0
2023-10-09;GM;3085;-8612.388773412622;3085;15.0;63.0;120.0;188.0;6.0
2023-10-09;IS;42956;-219308.42883113463;42956;583.0;990.0;1913.0;7121.0;120.0
2023-10-09;NI;3939;-6001.562941717298;3939;18.0;269.0;81.0;184.0;3.0
2023-10-09;PK;2164;-5706.059678875786;2164;27.0;138.0;28.0;193.0;0.0
2023-10-09;RS;4792;-16354.229677741972;4792;15.0;164.0;94.0;515.0;9.0
2023-10-09;TW;582;-85.60265388421969;582;1.0;2.0;2.0;25.0;0.0
2023-10-09;UP;4050;-13129.00211037537;4050;12.0;91.0;113.0;571.0;5.0
2023-10-09;US;46107;-98094.72222781889;46107;397.0;1915.0;1038.0;3619.0;13.0
2023-10-10;GM;3071;-7323.498999226872;3071;14.0;85.0;69.0;197.0;4.0
2023-10-10;IS;45491;-217619.52982402977;45491;575.0;1011.0;1950.0;7036.0;139.0
2023-10-10;NI;4103;-5440.502738570761;4103;15.0;273.0;95.0;183.0;0.0
2023-10-10;PK;1994;-5329.803211491553;1994;17.0;115.0;43.0;153.0;0.0
2023-10-10;RS;5792;-20489.831170801073;5792;25.0;176.0;107.0;622.0;0.0
2023-10-10;TW;847;-398.0082037607487;847;1.0;15.0;2.0;33.0;0.0
2023-10-10;UP;4703;-14763.560278100278;4703;10.0;98.0;100.0;654.0;2.0
2023-10-10;US;54996;-122070.80316750809;54996;378.0;2492.0;1209.0;3934.0;29.0
2023-10-11;GM;2605;-5514.4159392950705;2605;21.0;100.0;86.0;144.0;4.0
2023-10-11;IS;43469;-197109.2427385474;43469;488.0;878.0;1774.0;6414.0;139.0
2023-10-11;NI;4645;-6614.425021077781;4645;7.0;264.0;128.0;223.0;0.0
2023-10-11;PK;2427;-7088.3647944783215;2427;25.0;118.0;40.0;270.0;0.0
2023-10-11;RS;5950;-17789.79442835144;5950;13.0;235.0;82.0;584.0;7.0
2023-10-11;TW;836;-1132.7245815941883;836;2.0;19.0;2.0;36.0;0.0
2023-10-11;UP;5771;-13157.063207017349;5771;20.0;118.0;88.0;572.0;12.0
2023-10-11;US;58145;-125784.35502790991;58145;388.0;2853.0;1210.0;3868.0;28.0
2023-10-12;GM;2883;-6253.020066189059;2883;20.0;131.0;42.0;142.0;8.0
2023-10-12;IS;43387;-196965.4571061291;43387;582.0;1070.0;1553.0;5564.0;158.0
2023-10-12;NI;4165;-6313.07175009026;4165;23.0;292.0;98.0;225.0;0.0
2023-10-12;PK;2250;-4665.456637890984;2250;30.0;160.0;28.0;153.0;0.0
2023-10-12;RS;5729;-16038.327495452286;5729;28.0;191.0;106.0;598.0;9.0
2023-10-12;TW;650;-996.822165411696;650;2.0;18.0;8.0;22.0;1.0
2023-10-12;UP;4733;-13009.062801174328;4733;12.0;92.0;88.0;593.0;7.0
2023-10-12;US;58136;-130565.30351086082;58136;375.0;3109.0;1150.0;3846.0;33.0
2023-10-13;GM;2380;-4803.397973961093;2380;46.0;133.0;36.0;97.0;0.0
2023-10-13;IS;44467;-204959.8477207581;44467;993.0;1376.0;1558.0;4964.0;176.0
2023-10-13;NI;3596;-1562.8679005144968;3596;15.0;141.0;66.0;127.0;0.0
2023-10-13;PK;2420;-5062.308724926312;2420;136.0;129.0;17.0;195.0;2.0
2023-10-13;RS;5933;-18334.97416999118;5933;40.0;217.0;117.0;649.0;5.0
2023-10-13;TW;514;-310.2853310140293;514;0.0;10.0;7.0;16.0;0.0
2023-10-13;UP;4239;-12450.041145147186;4239;19.0;93.0;115.0;602.0;1.0
2023-10-13;US;54510;-127407.95253785758;54510;441.0;2943.0;1098.0;3449.0;49.0
2023-10-14;GM;1311;-3603.7106108423154;1311;17.0;67.0;31.0;66.0;1.0
2023-10-14;IS;30016;-143661.16963996322;30016;683.0;883.0;1017.0;3712.0;99.0
2023-10-14;NI;2897;-1047.2242718137193;2897;14.0;101.0;48.0;92.0;0.0
2023-10-14;PK;1648;-4047.4000124169606;1648;28.0;67.0;21.0;140.0;0.0
2023-10-14;RS;3557;-12866.785260179504;3557;8.0;110.0;139.0;466.0;1.0
2023-10-14;TW;237;-332.0414269026283;237;0.0;10.0;1.0;9.0;0.0
2023-10-14;UP;2355;-8219.09356522896;2355;3.0;43.0;105.0;421.0;0.0
2023-10-14;US;31081;-70146.8385288187;31081;382.0;1622.0;622.0;2162.0;14.0
2023-10-15;GM;1277;-3578.3839551604037;1277;13.0;46.0;18.0;61.0;1.0
2023-10-15;IS;29960;-136489.3452692893;29960;578.0;797.0;925.0;3795.0;106.0
2023-10-15;NI;3258;-1778.8019571438529;3258;39.0;115.0;152.0;127.0;0.0
2023-10-15;PK;1539;-4079.869130890759;1539;29.0;89.0;15.0;118.0;2.0
2023-10-15;RS;3206;-10264.088048601405;3206;6.0;91.0;93.0;503.0;7.0
2023-10-15;TW;342;-324.78009320768274;342;1.0;9.0;2.0;11.0;0.0
2023-10-15;UP;2651;-7938.77553573123;2651;17.0;84.0;86.0;528.0;2.0
2023-10-15;US;24744;-56271.13100557199;24744;265.0;1054.0;496.0;1687.0;15.0
2023-10-16;GM;2066;-4046.89981659451;2066;24.0;93.0;40.0;81.0;4.0
2023-10-16;IS;37283;-171156.77505103036;37283;439.0;994.0;1342.0;4423.0;132.0
2023-10-16;NI;3937;-3266.71847301818;3937;64.0;222.0;64.0;157.0;0.0
2023-10-16;PK;2060;-5079.956015491454;2060;36.0;86.0;20.0;145.0;0.0
2023-10-16;RS;6663;-18876.536162312434;6663;22.0;183.0;126.0;561.0;12.0
2023-10-16;TW;448;-334.1563455225602;448;5.0;15.0;3.0;10.0;0.0
2023-10-16;UP;4271;-11606.335072812692;4271;19.0;93.0;109.0;533.0;0.0
2023-10-16;US;47029;-107876.94496164173;47029;299.0;2462.0;873.0;3032.0;27.0
2023-10-17;GM;2749;-6367.9458322406335;2749;28.0;92.0;48.0;104.0;2.0
2023-10-17;IS;39054;-179473.27288674476;39054;478.0;964.0;1201.0;4686.0;158.0
2023-10-17;NI;4162;-5521.014877647021;4162;44.0;268.0;62.0;184.0;1.0
2023-10-17;PK;2005;-4166.900857429056;2005;13.0;91.0;29.0;149.0;0.0
2023-10-17;RS;7694;-20733.3297366694;7694;27.0;183.0;103.0;608.0;3.0
2023-10-17;TW;528;-118.25756772965283;528;0.0;7.0;6.0;13.0;0.0
2023-10-17;UP;4578;-11989.045067689836;4578;24.0;88.0;99.0;619.0;0.0
2023-10-17;US;53760;-129817.68655242542;53760;389.0;3099.0;1021.0;3508.0;36.0
2023-10-18;GM;2748;-7551.111048200058;2748;42.0;130.0;51.0;155.0;10.0
2023-10-18;IS;45717;-251342.05656833408;45717;1413.0;938.0;1124.0;5245.0;231.0
2023-10-18;NI;4533;-2889.4699465933113;4533;21.0;201.0;64.0;178.0;2.0
2023-10-18;PK;2241;-4913.597179610595;2241;43.0;118.0;33.0;130.0;0.0
2023-10-18;RS;7343;-19435.542794349327;7343;24.0;166.0;98.0;622.0;16.0
2023-10-18;TW;628;-391.9819248454643;628;2.0;15.0;3.0;20.0;0.0
2023-10-18;UP;4523;-12409.389610933296;4523;8.0;98.0;83.0;611.0;5.0
2023-10-18;US;57602;-141137.1437840218;57602;477.0;3184.0;994.0;3541.0;45.0
2023-10-19;GM;2496;-6343.681957597789;2496;27.0;104.0;59.0;149.0;2.0
2023-10-19;IS;41023;-197182.91152181703;41023;1035.0;1066.0;1120.0;4704.0;210.0
2023-10-19;NI;4568;-5759.914472183885;4568;17.0;197.0;107.0;222.0;0.0
2023-10-19;PK;2536;-6317.255128530899;2536;29.0;161.0;37.0;182.0;2.0
2023-10-19;RS;6561;-17849.450644642275;6561;19.0;426.0;86.0;573.0;9.0
2023-10-19;TW;555;-200.68999322742656;555;3.0;8.0;0.0;36.0;0.0
2023-10-19;UP;4246;-9731.21962561055;4246;13.0;101.0;71.0;547.0;0.0
2023-10-19;US;58588;-138588.70210662537;58588;473.0;3288.0;957.0;3595.0;38.0
2023-10-20;GM;2056;-4159.684471372211;2056;28.0;94.0;30.0;75.0;0.0
2023-10-20;IS;34536;-144372.9009033397;34536;736.0;962.0;1164.0;4120.0;93.0
2023-10-20;NI;4288;-6207.31809114781;4288;55.0;264.0;106.0;202.0;0.0
2023-10-20;PK;2702;-3202.4826933707996;2702;25.0;109.0;19.0;112.0;2.0
2023-10-20;RS;5552;-15349.403030584635;5552;40.0;232.0;99.0;453.0;0.0
2023-10-20;TW;692;-504.3028514317781;692;3.0;14.0;2.0;19.0;0.0
2023-10-20;UP;5619;-14749.246354612264;5619;24.0;117.0;115.0;594.0;1.0
2023-10-20;US;57536;-142304.915548049;57536;469.0;3251.0;1113.0;3871.0;23.0
2023-10-21;GM;1224;-3149.827567482467;1224;27.0;66.0;21.0;65.0;1.0
2023-10-21;IS;23538;-94457.90067968078;23538;646.0;643.0;829.0;2829.0;90.0
2023-10-21;NI;3478;-4203.693276285081;3478;26.0;197.0;62.0;199.0;0.0
2023-10-21;PK;2434;-3286.6540962589306;2434;28.0;128.0;18.0;142.0;3.0
2023-10-21;RS;3112;-9343.698534948586;3112;17.0;135.0;46.0;410.0;2.0
2023-10-21;TW;347;-1.2500353879182584;347;5.0;2.0;1.0;8.0;0.0
2023-10-21;UP;2814;-7699.768884738154;2814;8.0;60.0;70.0;444.0;2.0
2023-10-21;US;32106;-75060.18897214612;32106;355.0;1642.0;784.0;2208.0;16.0
2023-10-22;GM;1214;-3263.0955343111514;1214;27.0;87.0;29.0;78.0;0.0
2023-10-22;IS;21597;-94761.8260013024;21597;528.0;579.0;749.0;3048.0;102.0
2023-10-22;NI;3667;-4457.510803846104;3667;29.0;232.0;61.0;182.0;0.0
2023-10-22;PK;1747;-4207.924967899978;1747;27.0;94.0;22.0;115.0;0.0
2023-10-22;RS;2719;-8655.612674338441;2719;7.0;83.0;91.0;436.0;2.0
2023-10-22;TW;396;-497.9884304160023;396;2.0;18.0;1.0;17.0;0.0
2023-10-22;UP;2367;-7347.368937604023;2367;5.0;51.0;86.0;475.0;0.0
2023-10-22;US;23078;-54289.733906460715;23078;231.0;1221.0;605.0;1785.0;4.0
2023-10-23;GM;2390;-4921.721039093841;2390;34.0;86.0;33.0;105.0;2.0
2023-10-23;IS;30001;-130213.2534003218;30001;604.0;745.0;995.0;3816.0;131.0
2023-10-23;NI;4463;-5397.852073815176;4463;20.0;214.0;66.0;300.0;0.0
2023-10-23;PK;2355;-6300.6249122322;2355;23.0;251.0;23.0;88.0;0.0
2023-10-23;RS;4723;-15542.356299647345;4723;19.0;241.0;122.0;562.0;4.0
2023-10-23;TW;715;-370.5820184421145;715;0.0;10.0;3.0;25.0;0.0
2023-10-23;UP;4011;-11307.259298449871;4011;11.0;113.0;106.0;663.0;0.0
2023-10-23;US;45493;-99946.04171234676;45493;368.0;2336.0;929.0;2958.0;25.0
2023-10-24;GM;2362;-4478.091020057831;2362;13.0;67.0;28.0;97.0;0.0
2023-10-24;IS;29722;-130289.15204178072;29722;456.0;732.0;1061.0;3657.0;125.0
2023-10-24;NI;4712;-6403.565611973779;4712;44.0;237.0;113.0;276.0;1.0
2023-10-24;PK;2335;-6281.620183163051;2335;20.0;185.0;30.0;131.0;0.0
2023-10-24;RS;5458;-14146.743286307132;5458;36.0;217.0;106.0;431.0;5.0
2023-10-24;TW;661;-447.23251187177266;661;0.0;25.0;1.0;9.0;0.0
2023-10-24;UP;3723;-9109.932665502998;3723;17.0;133.0;81.0;395.0;1.0
2023-10-24;US;54741;-128768.72321483344;54741;334.0;2981.0;1005.0;3505.0;26.0
2023-10-25;GM;2193;-3539.5771602282193;2193;30.0;83.0;18.0;91.0;3.0
2023-10-25;IS;29333;-136295.06373902998;29333;462.0;677.0;988.0;3586.0;140.0
2023-10-25;NI;4558;-4956.24697119474;4558;27.0;216.0;76.0;185.0;0.0
2023-10-25;PK;2540;-5749.062668674325;2540;12.0;151.0;32.0;87.0;0.0
2023-10-25;RS;4837;-15400.37805491363;4837;15.0;217.0;119.0;528.0;5.0
2023-10-25;TW;701;-771.4223548686625;701;0.0;13.0;1.0;6.0;0.0
2023-10-25;UP;4232;-10119.465035152856;4232;27.0;132.0;104.0;528.0;1.0
2023-10-25;US;56270;-120686.19053739088;56270;426.0;3059.0;896.0;3347.0;19.0
2023-10-26;GM;2213;-4371.355757557924;2213;24.0;97.0;24.0;129.0;7.0
2023-10-26;IS;27042;-125885.84816713966;27042;366.0;631.0;838.0;3363.0;129.0
2023-10-26;NI;4250;259.0103492500637;4250;23.0;163.0;59.0;122.0;0.0
2023-10-26;PK;2890;-8378.737226886276;2890;33.0;234.0;26.0;157.0;1.0
2023-10-26;RS;6426;-22510.564819308587;6426;18.0;178.0;141.0;492.0;4.0
2023-10-26;TW;692;-674.8015586233925;692;13.0;20.0;4.0;20.0;0.0
2023-10-26;UP;4218;-10504.357552637308;4218;13.0;71.0;121.0;470.0;2.0
2023-10-26;US;58290;-137723.04656638775;58290;388.0;3224.0;1016.0;4338.0;44.0
2023-10-27;GM;1875;-3450.200418915175;1875;19.0;92.0;34.0;93.0;3.0
2023-10-27;IS;25489;-118090.36852390046;25489;372.0;650.0;782.0;3822.0;123.0
2023-10-27;NI;4419;934.91741493422;4419;24.0;148.0;60.0;122.0;0.0
2023-10-27;PK;2759;-7306.599298190064;2759;41.0;149.0;36.0;180.0;0.0
2023-10-27;RS;5982;-22069.469945223696;5982;41.0;279.0;138.0;563.0;1.0
2023-10-27;TW;736;-1423.8565683375869;736;0.0;7.0;0.0;65.0;0.0
2023-10-27;UP;4297;-11676.494138646882;4297;23.0;96.0;131.0;531.0;4.0
2023-10-27;US;53858;-123115.7308197302;53858;361.0;3033.0;852.0;4184.0;47.0
2023-10-28;GM;1184;-1807.3976051058685;1184;13.0;48.0;16.0;86.0;0.0
2023-10-28;IS;21459;-105094.29571491524;21459;558.0;493.0;616.0;2654.0;89.0
2023-10-28;NI;3341;683.4360622860477;3341;25.0;96.0;63.0;109.0;0.0
2023-10-28;PK;1880;-4460.935510733268;1880;26.0;119.0;26.0;116.0;1.0
2023-10-28;RS;3317;-11245.822787724315;3317;14.0;149.0;118.0;423.0;0.0
2023-10-28;TW;485;-181.2295913494216;485;3.0;13.0;0.0;7.0;0.0
2023-10-28;UP;3090;-7935.134721223478;3090;12.0;64.0;110.0;482.0;0.0
2023-10-28;US;31117;-71165.06209005779;31117;277.0;1651.0;557.0;2304.0;9.0
2023-10-29;GM;1211;-703.9918934242899;1211;26.0;27.0;7.0;49.0;3.0
2023-10-29;IS;20591;-99313.13647226342;20591;601.0;754.0;634.0;2861.0;89.0
2023-10-29;NI;3730;-1084.1619736125017;3730;13.0;176.0;48.0;144.0;0.0
2023-10-29;PK;1766;-4847.086491663443;1766;46.0;121.0;19.0;169.0;4.0
2023-10-29;RS;3063;-11394.731827693362;3063;44.0;165.0;109.0;391.0;4.0
2023-10-29;TW;414;-217.64199238327075;414;2.0;5.0;2.0;8.0;0.0
2023-10-29;UP;2680;-7400.831958902642;2680;17.0;55.0;93.0;356.0;8.0
2023-10-29;US;23447;-45759.93783506199;23447;254.0;974.0;461.0;1930.0;12.0
2023-10-30;GM;2867;-6182.322356434585;2867;20.0;137.0;126.0;215.0;1.0
2023-10-30;IS;25719;-121257.76645617274;25719;603.0;825.0;983.0;3656.0;104.0
2023-10-30;NI;4838;-4665.6022568127055;4838;45.0;171.0;89.0;212.0;2.0
2023-10-30;PK;2192;-6330.695905938444;2192;26.0;100.0;29.0;164.0;0.0
2023-10-30;RS;6502;-27779.987257805333;6502;124.0;369.0;172.0;638.0;5.0
2023-10-30;TW;624;-507.84373313688025;624;5.0;4.0;2.0;24.0;0.0
2023-10-30;UP;4033;-12965.593828525152;4033;32.0;148.0;74.0;533.0;3.0
2023-10-30;US;45119;-97078.89715149216;45119;300.0;2367.0;827.0;3144.0;34.0
2023-10-31;GM;2402;-5103.9581733434625;2402;17.0;114.0;92.0;167.0;3.0
2023-10-31;IS;26153;-126508.13273062267;26153;458.0;751.0;961.0;3535.0;161.0
2023-10-31;NI;5233;-5996.048174471292;5233;36.0;227.0;88.0;250.0;0.0
2023-10-31;PK;2432;-9756.112045977943;2432;16.0;171.0;38.0;175.0;0.0
2023-10-31;RS;6346;-25737.393487110712;6346;76.0;414.0;150.0;683.0;0.0
2023-10-31;TW;654;-11.946977557879489;654;1.0;12.0;4.0;31.0;0.0
2023-10-31;UP;4927;-16132.212958963237;4927;21.0;177.0;124.0;654.0;4.0
2023-10-31;US;53190;-120483.2475239104;53190;316.0;3088.0;871.0;3543.0;31.0
2023-11-01;GM;2312;-3242.684358349763;2312;19.0;69.0;32.0;132.0;2.0
2023-11-01;IS;27216;-129503.1728477234;27216;410.0;620.0;801.0;3708.0;173.0
2023-11-01;NI;5259;-7051.973407272421;5259;84.0;315.0;92.0;191.0;0.0
2023-11-01;PK;2835;-10213.750876406457;2835;24.0;188.0;31.0;156.0;2.0
2023-11-01;RS;5465;-19130.24225263976;5465;60.0;358.0;122.0;675.0;0.0
2023-11-01;TW;659;-63.57885417393125;659;0.0;10.0;0.0;28.0;1.0
2023-11-01;UP;4459;-14313.80309412127;4459;28.0;142.0;105.0;700.0;6.0
2023-11-01;US;53133;-115097.76653675378;53133;324.0;3020.0;855.0;3373.0;33.0
2023-11-02;GM;2342;-3691.3857895551937;2342;17.0;127.0;30.0;119.0;5.0
2023-11-02;IS;25889;-114214.32039114102;25889;380.0;711.0;783.0;3784.0;117.0
2023-11-02;NI;4904;-7216.982284355533;4904;65.0;187.0;108.0;191.0;2.0
2023-11-02;PK;2844;-9842.085746974795;2844;19.0;223.0;9.0;158.0;1.0
2023-11-02;RS;5108;-16282.51821368432;5108;28.0;226.0;103.0;609.0;1.0
2023-11-02;TW;581;-272.65751197960526;581;0.0;10.0;0.0;19.0;0.0
2023-11-02;UP;3863;-12633.906149873506;3863;11.0;85.0;101.0;687.0;4.0
2023-11-02;US;56306;-122290.0419710041;56306;315.0;2996.0;855.0;3437.0;22.0
2023-11-03;GM;2487;-3737.452739829953;2487;23.0;81.0;32.0;111.0;7.0
2023-11-03;IS;26248;-110244.05555624222;26248;358.0;601.0;793.0;3631.0;92.0
2023-11-03;NI;4078;-2490.6847506900217;4078;70.0;121.0;135.0;142.0;0.0
2023-11-03;PK;2746;-9429.08786282564;2746;22.0;208.0;68.0;231.0;0.0
2023-11-03;RS;5054;-16902.6310809924;5054;23.0;193.0;117.0;491.0;1.0
2023-11-03;TW;630;-403.3595872022627;630;1.0;19.0;1.0;18.0;1.0
2023-11-03;UP;3758;-11583.242056169129;3758;19.0;92.0;91.0;536.0;2.0
2023-11-03;US;53528;-124546.15587076936;53528;314.0;3146.0;932.0;3490.0;31.0
2023-11-04;GM;1575;-2960.6299437843904;1575;31.0;71.0;31.0;77.0;2.0
2023-11-04;IS;19959;-88793.8261711199;19959;499.0;483.0;606.0;2309.0;96.0
2023-11-04;NI;3540;-1205.1410356961376;3540;44.0;123.0;71.0;129.0;0.0
2023-11-04;PK;2417;-11792.454163195527;2417;25.0;201.0;68.0;344.0;5.0
2023-11-04;RS;3189;-11115.158053296627;3189;8.0;74.0;136.0;436.0;1.0
2023-11-04;TW;405;120.49433604925174;405;1.0;6.0;0.0;8.0;0.0
2023-11-04;UP;3108;-9433.817301661826;3108;13.0;48.0;138.0;462.0;4.0
2023-11-04;US;31698;-72201.8674070147;31698;242.0;1709.0;561.0;1992.0;24.0
2023-11-05;GM;1475;-4176.138273637964;1475;60.0;77.0;33.0;80.0;2.0
2023-11-05;IS;22393;-103714.60245862068;22393;908.0;579.0;695.0;2846.0;98.0
2023-11-05;NI;3714;-2875.9585124869895;3714;22.0;161.0;80.0;151.0;0.0
2023-11-05;PK;2025;-7713.166077866481;2025;15.0;156.0;28.0;195.0;5.0
2023-11-05;RS;2667;-9313.05452302206;2667;5.0;72.0;97.0;469.0;3.0
2023-11-05;TW;280;-114.87650066201172;280;2.0;4.0;1.0;24.0;0.0
2023-11-05;UP;2621;-9585.743327887794;2621;16.0;31.0;99.0;503.0;1.0
2023-11-05;US;23441;-51443.88373881069;23441;461.0;1069.0;342.0;1659.0;21.0
2023-11-06;GM;2025;-3404.65814966476;2025;40.0;79.0;23.0;109.0;4.0
2023-11-06;IS;26648;-120891.72332896698;26648;596.0;840.0;720.0;3208.0;96.0
2023-11-06;NI;4303;-3634.086652835326;4303;32.0;174.0;55.0;239.0;0.0
2023-11-06;PK;2369;-7183.301706420793;2369;18.0;114.0;60.0;220.0;14.0
2023-11-06;RS;4004;-13684.944196603808;4004;23.0;124.0;128.0;613.0;0.0
2023-11-06;TW;543;-247.7560671274287;543;1.0;11.0;1.0;24.0;0.0
2023-11-06;UP;3807;-12498.800303411588;3807;21.0;66.0;135.0;630.0;1.0
2023-11-06;US;42520;-90965.03382719812;42520;381.0;2245.0;612.0;2879.0;19.0
2023-11-07;GM;2416;-3759.17248391731;2416;24.0;60.0;21.0;99.0;1.0
2023-11-07;IS;24980;-115186.51516170445;24980;533.0;774.0;790.0;3021.0;137.0
2023-11-07;NI;4275;-9186.480769176063;4275;41.0;237.0;90.0;304.0;0.0
2023-11-07;PK;2420;-6508.043220377519;2420;27.0;135.0;42.0;214.0;12.0
2023-11-07;RS;4528;-14815.977849384031;4528;15.0;170.0;96.0;530.0;5.0
2023-11-07;TW;466;-244.3346588635655;466;2.0;5.0;0.0;28.0;0.0
2023-11-07;UP;4015;-12493.147540059275;4015;22.0;95.0;114.0;546.0;2.0
2023-11-07;US;53000;-119408.1060747023;53000;524.0;2983.0;889.0;3557.0;28.0
2023-11-08;GM;2053;-3138.233230801193;2053;21.0;80.0;16.0;96.0;6.0
2023-11-08;IS;23038;-101595.9898850864;23038;424.0;663.0;713.0;2842.0;116.0
2023-11-08;NI;4289;-3897.5382546970422;4289;46.0;164.0;73.0;174.0;0.0
2023-11-08;PK;2413;-6310.59088900157;2413;21.0;131.0;38.0;172.0;1.0
2023-11-08;RS;5464;-16027.553084111994;5464;34.0;194.0;153.0;553.0;4.0
2023-11-08;TW;528;-151.6218950802649;528;5.0;19.0;2.0;9.0;0.0
2023-11-08;UP;5042;-14693.398713624409;5042;43.0;110.0;172.0;648.0;10.0
2023-11-08;US;58149;-111034.28244185794;58149;388.0;3122.0;893.0;3520.0;12.0
2023-11-09;GM;2650;-5207.186138451171;2650;24.0;123.0;51.0;164.0;7.0
2023-11-09;IS;24592;-106857.3930138001;24592;421.0;844.0;764.0;3388.0;117.0
2023-11-09;NI;4554;-4885.612604055823;4554;70.0;182.0;60.0;146.0;0.0
2023-11-09;PK;2499;-7163.822018709163;2499;26.0;112.0;40.0;252.0;4.0
2023-11-09;RS;5755;-17008.211288856917;5755;45.0;196.0;186.0;649.0;2.0
2023-11-09;TW;791;-1.7538412043088965;791;6.0;7.0;5.0;16.0;0.0
2023-11-09;UP;5226;-16643.007550194878;5226;47.0;143.0;198.0;677.0;3.0
2023-11-09;US;59489;-124059.84773368374;59489;454.0;3457.0;955.0;3789.0;34.0
2023-11-10;GM;2524;-4209.642401245014;2524;27.0;79.0;37.0;174.0;7.0
2023-11-10;IS;22634;-98475.04733202666;22634;519.0;777.0;618.0;2963.0;116.0
2023-11-10;NI;4450;-3284.2626114734467;4450;50.0;182.0;68.0;143.0;0.0
2023-11-10;PK;2734;-6941.205752744862;2734;13.0;165.0;31.0;218.0;3.0
2023-11-10;RS;4704;-10672.307156149767;4704;40.0;166.0;156.0;523.0;5.0
2023-11-10;TW;757;-519.0883298831219;757;0.0;7.0;0.0;25.0;0.0
2023-11-10;UP;4189;-9583.48572273443;4189;27.0;104.0;122.0;541.0;2.0
2023-11-10;US;53280;-102226.79623621477;53280;510.0;2896.0;1000.0;3423.0;35.0
2023-11-11;GM;1298;-1708.799473822889;1298;11.0;65.0;20.0;113.0;6.0
2023-11-11;IS;17684;-79915.27939493125;17684;656.0;573.0;407.0;2194.0;78.0
2023-11-11;NI;2895;213.00141231428503;2895;18.0;121.0;76.0;81.0;0.0
2023-11-11;PK;1976;-6486.45581262534;1976;21.0;167.0;11.0;85.0;2.0
2023-11-11;RS;3411;-11678.58222957755;3411;8.0;138.0;127.0;499.0;3.0
2023-11-11;TW;375;-507.0397700343781;375;1.0;10.0;0.0;10.0;0.0
2023-11-11;UP;3267;-9143.873888627486;3267;8.0;73.0;122.0;543.0;0.0
2023-11-11;US;30145;-55897.935245493536;30145;313.0;1506.0;537.0;1843.0;22.0
2023-11-12;GM;1036;-1823.3346148304324;1036;14.0;53.0;15.0;91.0;0.0
2023-11-12;IS;17536;-83611.72900524831;17536;527.0;556.0;473.0;2400.0;94.0
2023-11-12;NI;3077;-2536.3733595289555;3077;43.0;174.0;59.0;154.0;1.0
2023-11-12;PK;1977;-4593.549949461412;1977;6.0;119.0;25.0;100.0;0.0
2023-11-12;RS;2863;-10031.304486838944;2863;8.0;113.0;106.0;472.0;1.0
2023-11-12;TW;404;-536.7597734747671;404;4.0;5.0;4.0;19.0;0.0
2023-11-12;UP;2902;-10427.328662857692;2902;12.0;57.0;98.0;562.0;0.0
2023-11-12;US;22224;-43994.43006045851;22224;198.0;1092.0;330.0;1537.0;15.0
2023-11-13;GM;1829;-1977.468861998833;1829;32.0;71.0;8.0;79.0;5.0
2023-11-13;IS;19840;-85940.70044033852;19840;601.0;660.0;606.0;2514.0;100.0
2023-11-13;NI;3841;-2080.5450977813516;3841;49.0;184.0;84.0;136.0;1.0
2023-11-13;PK;2456;-6625.777183138746;2456;26.0;200.0;33.0;217.0;0.0
2023-11-13;RS;4401;-13880.175763181587;4401;34.0;181.0;129.0;565.0;0.0
2023-11-13;TW;622;-453.6972692158437;622;7.0;13.0;0.0;18.0;0.0
2023-11-13;UP;4134;-10925.19462955361;4134;30.0;101.0;118.0;597.0;1.0
2023-11-13;US;40903;-72383.3536957285;40903;400.0;1990.0;617.0;2894.0;44.0
2023-11-14;GM;1974;-1155.518822268378;1974;12.0;61.0;7.0;102.0;1.0
2023-11-14;IS;21005;-88517.3793812777;21005;453.0;627.0;714.0;2577.0;117.0
2023-11-14;NI;4861;-5445.111411001617;4861;80.0;235.0;94.0;162.0;0.0
2023-11-14;PK;2747;-7387.577914668573;2747;6.0;226.0;22.0;204.0;0.0
2023-11-14;RS;5168;-17648.36778445981;5168;22.0;266.0;117.0;604.0;4.0
2023-11-14;TW;826;-421.5218666455605;826;7.0;19.0;0.0;15.0;0.0
2023-11-14;UP;4714;-13803.738895931116;4714;21.0;146.0;116.0;603.0;4.0
2023-11-14;US;52287;-99130.3045981349;52287;421.0;2799.0;806.0;3337.0;26.0
2023-11-15;GM;2074;-3277.033133709913;2074;17.0;62.0;9.0;99.0;1.0
2023-11-15;IS;22638;-98344.91359697453;22638;413.0;575.0;699.0;2626.0;113.0
2023-11-15;NI;4898;-7775.340201572877;4898;67.0;274.0;78.0;162.0;0.0
2023-11-15;PK;2257;-4459.688085578508;2257;15.0;119.0;20.0;91.0;0.0
2023-11-15;RS;5226;-16762.68517123908;5226;34.0;253.0;120.0;494.0;0.0
2023-11-15;TW;925;-578.964051907389;925;7.0;8.0;6.0;19.0;0.0
2023-11-15;UP;5061;-14218.89570012811;5061;24.0;167.0;103.0;523.0;4.0
2023-11-15;US;55769;-109433.83879945365;55769;452.0;3100.0;877.0;3495.0;29.0
2023-11-16;GM;1976;-4356.793976311804;1976;12.0;106.0;22.0;175.0;1.0
2023-11-16;IS;23247;-106048.96590628831;23247;605.0;843.0;761.0;2684.0;129.0
2023-11-16;NI;4220;-3869.109533012924;4220;54.0;181.0;116.0;135.0;1.0
2023-11-16;PK;2207;-5538.021146241542;2207;11.0;129.0;29.0;179.0;1.0
2023-11-16;RS;5323;-18393.93055562067;5323;43.0;300.0;91.0;504.0;2.0
2023-11-16;TW;970;-1135.48808652124;970;11.0;26.0;2.0;19.0;0.0
2023-11-16;UP;4876;-11487.499646341048;4876;21.0;180.0;98.0;483.0;1.0
2023-11-16;US;56660;-121479.61615659345;56660;591.0;3498.0;891.0;3322.0;25.0
2023-11-17;GM;2451;-4359.3125964470755;2451;13.0;58.0;27.0;108.0;3.0
2023-11-17;IS;20692;-96885.73850604489;20692;455.0;824.0;766.0;2669.0;119.0
2023-11-17;NI;3891;-2387.0817248510352;3891;64.0;188.0;48.0;177.0;0.0
2023-11-17;PK;2229;-6509.811221487507;2229;15.0;142.0;17.0;217.0;3.0
2023-11-17;RS;4874;-14850.253455243035;4874;21.0;279.0;97.0;526.0;2.0
2023-11-17;TW;823;-11.153669567746238;823;12.0;19.0;2.0;12.0;0.0
2023-11-17;UP;4528;-11039.948057925045;4528;28.0;127.0;66.0;549.0;1.0
2023-11-17;US;53264;-115039.40976880689;53264;525.0;3241.0;897.0;3224.0;14.0
2023-11-18;GM;1511;-2029.5234933975848;1511;7.0;22.0;8.0;71.0;0.0
2023-11-18;IS;14081;-65815.37329598675;14081;335.0;475.0;460.0;1858.0;61.0
2023-11-18;NI;3055;-1210.613356356556;3055;28.0;175.0;48.0;139.0;0.0
2023-11-18;PK;2135;-5671.340603729901;2135;17.0;109.0;28.0;155.0;1.0
2023-11-18;RS;3000;-9956.488226179035;3000;11.0;173.0;41.0;396.0;5.0
2023-11-18;TW;639;-271.44960913873547;639;3.0;4.0;0.0;20.0;0.0
2023-11-18;UP;2790;-8437.011123466948;2790;10.0;103.0;50.0;399.0;0.0
2023-11-18;US;32884;-70457.369251032;32884;230.0;2115.0;547.0;2310.0;12.0
2023-11-19;GM;1132;-615.2583130617056;1132;4.0;31.0;15.0;32.0;2.0
2023-11-19;IS;14234;-69460.00305975789;14234;262.0;404.0;474.0;1964.0;61.0
2023-11-19;NI;3833;-2755.7654239821845;3833;36.0;202.0;68.0;283.0;5.0
2023-11-19;PK;1810;-3626.978769071513;1810;29.0;130.0;29.0;131.0;0.0
2023-11-19;RS;2768;-10790.308410605989;2768;17.0;154.0;90.0;441.0;0.0
2023-11-19;TW;448;-608.7850609756895;448;1.0;6.0;3.0;38.0;0.0
2023-11-19;UP;2580;-8998.29858068138;2580;12.0;87.0;85.0;458.0;1.0
2023-11-19;US;23578;-45080.81913541556;23578;175.0;1249.0;364.0;1640.0;6.0
2023-11-20;GM;1994;-1922.7473101989517;1994;15.0;103.0;41.0;98.0;3.0
2023-11-20;IS;18466;-82468.99771260623;18466;263.0;558.0;587.0;2190.0;70.0
2023-11-20;NI;4515;-2669.297033146668;4515;57.0;208.0;93.0;204.0;2.0
2023-11-20;PK;2101;-4840.207438025204;2101;26.0;134.0;19.0;73.0;0.0
2023-11-20;RS;4323;-13301.559456893452;4323;31.0;207.0;88.0;431.0;1.0
2023-11-20;TW;559;-298.66921328637136;559;4.0;8.0;0.0;28.0;0.0
2023-11-20;UP;4361;-10662.7452374625;4361;42.0;81.0;89.0;438.0;3.0
2023-11-20;US;40926;-67363.15153988409;40926;248.0;2155.0;636.0;2573.0;8.0
2023-11-21;GM;2529;-2661.9746907347294;2529;20.0;108.0;27.0;98.0;3.0
2023-11-21;IS;20886;-91839.98122937218;20886;317.0;632.0;665.0;2518.0;109.0
2023-11-21;NI;4599;-4568.544337747161;4599;47.0;240.0;82.0;155.0;0.0
2023-11-21;PK;2382;-5761.369765772046;2382;22.0;173.0;37.0;200.0;0.0
2023-11-21;RS;5178;-13876.220176052871;5178;74.0;240.0;92.0;517.0;3.0
2023-11-21;TW;504;-624.723212204827;504;0.0;7.0;6.0;16.0;0.0
2023-11-21;UP;5178;-11015.010823581788;5178;83.0;116.0;110.0;561.0;2.0
2023-11-21;US;48329;-95732.42594486028;48329;360.0;3035.0;792.0;3024.0;18.0
2023-11-22;GM;2792;-2386.2146445531707;2792;16.0;74.0;22.0;100.0;3.0
2023-11-22;IS;21913;-88679.57306400308;21913;257.0;695.0;665.0;2230.0;90.0
2023-11-22;NI;4513;-3791.236616438814;4513;56.0;161.0;73.0;171.0;0.0
2023-11-22;PK;2527;-4609.976148175392;2527;24.0;191.0;34.0;147.0;0.0
2023-11-22;RS;5306;-14910.6028973435;5306;29.0;199.0;114.0;552.0;0.0
2023-11-22;TW;616;-1043.409809245053;616;1.0;44.0;0.0;33.0;0.0
2023-11-22;UP;4298;-10263.266669014238;4298;19.0;67.0;116.0;516.0;0.0
2023-11-22;US;48195;-94179.58084974416;48195;234.0;2606.0;1006.0;3187.0;9.0
2023-11-23;GM;2138;-2324.950652429461;2138;15.0;106.0;29.0;124.0;1.0
2023-11-23;IS;17768;-74512.65670181299;17768;238.0;720.0;615.0;2020.0;75.0
2023-11-23;NI;4237;-1963.5329374545795;4237;67.0;192.0;46.0;110.0;0.0
2023-11-23;PK;2163;-5650.736149757136;2163;9.0;119.0;26.0;264.0;2.0
2023-11-23;RS;5058;-15774.024926007352;5058;31.0;187.0;132.0;598.0;1.0
2023-11-23;TW;451;-456.6437077581422;451;4.0;12.0;4.0;25.0;0.0
2023-11-23;UP;3891;-11206.16189908;3891;18.0;91.0;116.0;568.0;1.0
2023-11-23;US;29355;-59701.52591821534;29355;172.0;1538.0;613.0;2015.0;10.0
2023-11-24;GM;2018;-1759.9245132480753;2018;29.0;84.0;22.0;115.0;1.0
2023-11-24;IS;17979;-76829.7783985077;17979;272.0;731.0;665.0;1785.0;62.0
2023-11-24;NI;4534;-2248.687626366229;4534;57.0;199.0;55.0;90.0;0.0
2023-11-24;PK;2719;-5416.841204803919;2719;13.0;119.0;49.0;229.0;2.0
2023-11-24;RS;3893;-11154.914539524096;3893;16.0;173.0;68.0;462.0;4.0
2023-11-24;TW;594;-816.5766235451449;594;3.0;13.0;2.0;5.0;0.0
2023-11-24;UP;3584;-9662.896957065464;3584;30.0;111.0;78.0;456.0;2.0
2023-11-24;US;25591;-44135.96735163871;25591;191.0;1247.0;461.0;1664.0;9.0
2023-11-25;GM;1142;-2238.5486348591658;1142;23.0;52.0;41.0;59.0;2.0
2023-11-25;IS;14963;-64071.559345961345;14963;259.0;704.0;513.0;1384.0;45.0
2023-11-25;NI;3050;-1717.0410323299234;3050;23.0;116.0;52.0;124.0;0.0
2023-11-25;PK;2200;-4828.057726701915;2200;18.0;136.0;18.0;132.0;0.0
2023-11-25;RS;2784;-9655.96725596938;2784;21.0;101.0;76.0;405.0;3.0
2023-11-25;TW;349;-71.25111721241242;349;1.0;9.0;0.0;1.0;0.0
2023-11-25;UP;3235;-10331.972107639116;3235;21.0;67.0;117.0;486.0;1.0
2023-11-25;US;19384;-42347.87113281879;19384;182.0;1186.0;416.0;1447.0;5.0
2023-11-26;GM;832;-1482.7619937974064;832;25.0;37.0;21.0;51.0;0.0
2023-11-26;IS;18201;-80642.07058749824;18201;295.0;654.0;684.0;1912.0;46.0
2023-11-26;NI;2927;-2230.883125022702;2927;28.0;110.0;67.0;154.0;3.0
2023-11-26;PK;1732;-3977.8779498640206;1732;16.0;129.0;18.0;120.0;0.0
2023-11-26;RS;3065;-11038.38889249056;3065;8.0;101.0;98.0;458.0;2.0
2023-11-26;TW;267;-255.31303350719;267;5.0;7.0;0.0;16.0;0.0
2023-11-26;UP;2795;-10522.5259237461;2795;29.0;40.0;84.0;480.0;4.0
2023-11-26;US;19166;-43260.56492440968;19166;135.0;901.0;404.0;1775.0;12.0
2023-11-27;GM;1772;-1921.3553861834032;1772;21.0;41.0;45.0;64.0;0.0
2023-11-27;IS;22219;-93764.08259761096;22219;240.0;828.0;779.0;2250.0;67.0
2023-11-27;NI;3909;-2623.384188131703;3909;32.0;131.0;44.0;178.0;0.0
2023-11-27;PK;2191;-5813.504272147012;2191;19.0;149.0;43.0;235.0;0.0
2023-11-27;RS;4119;-12845.858455699808;4119;16.0;153.0;82.0;521.0;10.0
2023-11-27;TW;440;-660.535924259366;440;1.0;15.0;0.0;21.0;0.0
2023-11-27;UP;3579;-9038.901416114666;3579;15.0;67.0;62.0;417.0;4.0
2023-11-27;US;38500;-87707.57148514148;38500;222.0;2125.0;704.0;3100.0;12.0
2023-11-28;GM;2565;-4324.985728538158;2565;18.0;101.0;30.0;144.0;0.0
2023-11-28;IS;18788;-76528.23516566858;18788;311.0;676.0;641.0;1660.0;71.0
2023-11-28;NI;4520;-4797.862090293273;4520;35.0;208.0;37.0;217.0;3.0
2023-11-28;PK;2388;-5292.260204613469;2388;13.0;142.0;24.0;190.0;0.0
2023-11-28;RS;5109;-17390.316493575512;5109;22.0;316.0;113.0;451.0;0.0
2023-11-28;TW;490;-426.02834358102854;490;2.0;23.0;1.0;8.0;0.0
2023-11-28;UP;4347;-11004.650530390603;4347;17.0;111.0;109.0;384.0;0.0
2023-11-28;US;48660;-102741.90092780392;48660;318.0;2851.0;817.0;3364.0;17.0
2023-11-29;GM;2092;-3401.462664345499;2092;13.0;60.0;29.0;86.0;0.0
2023-11-29;IS;19712;-80266.80413373494;19712;302.0;612.0;728.0;1809.0;61.0
2023-11-29;NI;4606;-4210.373697402819;4606;51.0;202.0;43.0;247.0;0.0
2023-11-29;PK;2215;-3952.702305069258;2215;21.0;151.0;31.0;170.0;0.0
2023-11-29;RS;5576;-18625.08852720846;5576;15.0;292.0;150.0;541.0;1.0
2023-11-29;TW;476;-392.4984058135716;476;3.0;19.0;2.0;5.0;0.0
2023-11-29;UP;4879;-12332.016291070477;4879;22.0;121.0;116.0;441.0;4.0
2023-11-29;US;49796;-105788.2609284375;49796;293.0;2978.0;945.0;3330.0;13.0
2023-11-30;GM;2099;-4165.584270615846;2099;17.0;112.0;49.0;70.0;0.0
2023-11-30;IS;20134;-87678.81999594643;20134;276.0;682.0;685.0;2229.0;60.0
2023-11-30;NI;4440;-5193.5689578529755;4440;34.0;224.0;57.0;225.0;0.0
2023-11-30;PK;1916;-4314.15694416503;1916;23.0;123.0;38.0;141.0;0.0
2023-11-30;RS;5483;-16824.88817367365;5483;14.0;310.0;151.0;526.0;5.0
2023-11-30;TW;607;-829.0686217350016;607;0.0;30.0;2.0;19.0;0.0
2023-11-30;UP;4294;-10719.140165013954;4294;18.0;96.0;136.0;509.0;3.0
2023-11-30;US;49984;-111629.52994266484;49984;311.0;3053.0;1029.0;3395.0;17.0
2023-12-01;GM;2170;-2540.88596289882;2170;16.0;87.0;26.0;89.0;4.0
2023-12-01;IS;17375;-82593.94699364521;17375;247.0;472.0;578.0;1978.0;77.0
2023-12-01;NI;3932;-3038.3780830715928;3932;37.0;204.0;59.0;184.0;0.0
2023-12-01;PK;1794;-4782.6306715946075;1794;32.0;75.0;24.0;113.0;0.0
2023-12-01;RS;4392;-15557.85264579579;4392;17.0;320.0;118.0;439.0;6.0
2023-12-01;TW;502;-433.29703750811063;502;2.0;13.0;0.0;11.0;0.0
2023-12-01;UP;4061;-11472.577568165356;4061;23.0;127.0;107.0;492.0;5.0
2023-12-01;US;49837;-117878.1932262996;49837;295.0;3254.0;876.0;3182.0;19.0
2023-12-02;GM;1070;-1010.8973503804476;1070;1.0;36.0;18.0;39.0;2.0
2023-12-02;IS;11422;-54012.56621273099;11422;167.0;382.0;466.0;1621.0;48.0
2023-12-02;NI;2541;-2884.049307567796;2541;29.0;122.0;40.0;104.0;0.0
2023-12-02;PK;1862;-4463.142136568808;1862;10.0;107.0;21.0;104.0;0.0
2023-12-02;RS;2521;-9407.166809596816;2521;20.0;150.0;81.0;348.0;0.0
2023-12-02;TW;209;-12.706517716411431;209;2.0;2.0;0.0;6.0;0.0
2023-12-02;UP;2494;-7856.607438670928;2494;22.0;63.0;71.0;350.0;0.0
2023-12-02;US;30438;-75539.24711492196;30438;169.0;2146.0;585.0;2122.0;12.0
2023-12-03;GM;1243;-4399.314040742369;1243;12.0;50.0;54.0;139.0;0.0
2023-12-03;IS;12516;-62271.44903116586;12516;195.0;485.0;478.0;2237.0;46.0
2023-12-03;NI;2691;-2320.0713712773527;2691;25.0;171.0;39.0;106.0;0.0
2023-12-03;PK;1736;-3858.006084723025;1736;19.0;97.0;63.0;135.0;0.0
2023-12-03;RS;2607;-10357.420822780714;2607;9.0;115.0;119.0;423.0;1.0
2023-12-03;TW;238;-84.08458295119647;238;1.0;1.0;0.0;5.0;0.0
2023-12-03;UP;2353;-9405.675633168596;2353;11.0;45.0;111.0;445.0;0.0
2023-12-03;US;20966;-49325.21407623207;20966;133.0;1196.0;358.0;1712.0;4.0
2023-12-04;GM;1815;-3859.799778539322;1815;12.0;89.0;39.0;125.0;0.0
2023-12-04;IS;14116;-68738.3459696591;14116;200.0;549.0;570.0;2331.0;54.0
2023-12-04;NI;3819;-6705.360965674696;3819;28.0;146.0;72.0;263.0;0.0
2023-12-04;PK;2099;-2728.1057484436938;2099;28.0;158.0;12.0;102.0;1.0
2023-12-04;RS;3821;-12215.786303661767;3821;19.0;137.0;90.0;505.0;0.0
2023-12-04;TW;400;-345.4579888360535;400;0.0;12.0;0.0;11.0;0.0
2023-12-04;UP;4372;-13765.10072055916;4372;24.0;98.0;77.0;608.0;0.0
2023-12-04;US;39248;-82869.33441321841;39248;267.0;2316.0;667.0;2801.0;9.0
2023-12-05;GM;2142;-4222.548932728319;2142;12.0;59.0;16.0;106.0;2.0
2023-12-05;IS;15748;-73893.799986052;15748;189.0;598.0;689.0;2218.0;61.0
2023-12-05;NI;5017;-17611.94395499914;5017;31.0;146.0;85.0;514.0;0.0
2023-12-05;PK;2359;-7832.8032405973745;2359;17.0;203.0;63.0;227.0;1.0
2023-12-05;RS;4958;-14060.640447785565;4958;15.0;190.0;83.0;459.0;2.0
2023-12-05;TW;673;-423.8709761995441;673;3.0;11.0;3.0;23.0;0.0
2023-12-05;UP;4700;-11633.593242579862;4700;14.0;111.0;78.0;521.0;3.0
2023-12-05;US;49004;-111480.1075077623;49004;299.0;2947.0;783.0;3265.0;18.0
2023-12-06;GM;2030;-3700.000654981528;2030;16.0;78.0;18.0;72.0;5.0
2023-12-06;IS;15333;-74939.37881728186;15333;218.0;578.0;594.0;2220.0;88.0
2023-12-06;NI;4368;-11419.870636607924;4368;50.0;180.0;87.0;389.0;0.0
2023-12-06;PK;2604;-6988.862489878969;2604;30.0;132.0;53.0;188.0;2.0
2023-12-06;RS;6916;-21786.17947867605;6916;37.0;389.0;194.0;503.0;2.0
2023-12-06;TW;602;-162.933206111136;602;3.0;14.0;2.0;13.0;0.0
2023-12-06;UP;6262;-18726.908679034415;6262;24.0;215.0;171.0;574.0;2.0
2023-12-06;US;53174;-122629.1900939601;53174;355.0;3348.0;868.0;3563.0;20.0
2023-12-07;GM;1958;-2289.689499662123;1958;6.0;77.0;27.0;78.0;0.0
2023-12-07;IS;16659;-71795.76996649943;16659;236.0;478.0;511.0;2445.0;65.0
2023-12-07;NI;4501;-8733.481754708631;4501;41.0;164.0;83.0;314.0;0.0
2023-12-07;PK;2018;-5001.574012824428;2018;22.0;142.0;25.0;94.0;1.0
2023-12-07;RS;6310;-18368.22140230824;6310;29.0;266.0;136.0;548.0;2.0
2023-12-07;TW;613;-517.5526691865601;613;3.0;24.0;3.0;19.0;0.0
2023-12-07;UP;5815;-16105.582286243896;5815;23.0;159.0;102.0;584.0;3.0
2023-12-07;US;57190;-140972.62158941143;57190;336.0;3367.0;1003.0;4466.0;26.0
2023-12-08;GM;1621;-1993.4726768539615;1621;12.0;56.0;8.0;85.0;1.0
2023-12-08;IS;14427;-62938.51228669934;14427;179.0;511.0;391.0;2136.0;78.0
2023-12-08;NI;4121;-6363.690043452833;4121;19.0;193.0;45.0;250.0;8.0
2023-12-08;PK;2078;-2969.9002525180094;2078;21.0;129.0;24.0;61.0;0.0
2023-12-08;RS;4971;-13825.61934046176;4971;39.0;240.0;82.0;434.0;6.0
2023-12-08;TW;729;-655.0432604015441;729;1.0;25.0;0.0;35.0;0.0
2023-12-08;UP;4179;-11791.41033463447;4179;26.0;144.0;83.0;429.0;0.0
2023-12-08;US;52094;-131596.07299431195;52094;251.0;3254.0;779.0;3833.0;22.0
2023-12-09;GM;1220;-2275.923377902113;1220;13.0;44.0;16.0;61.0;0.0
2023-12-09;IS;12318;-63066.621651872265;12318;224.0;409.0;286.0;1597.0;51.0
2023-12-09;NI;2975;-5602.48628168918;2975;15.0;106.0;58.0;181.0;0.0
2023-12-09;PK;1786;-5338.723622665094;1786;28.0;111.0;33.0;120.0;8.0
2023-12-09;RS;3395;-9868.093078022204;3395;26.0;148.0;60.0;408.0;0.0
2023-12-09;TW;464;-314.68071935206615;464;5.0;11.0;1.0;12.0;0.0
2023-12-09;UP;3173;-8584.20962723416;3173;24.0;105.0;69.0;443.0;0.0
2023-12-09;US;32752;-78760.87401790702;32752;190.0;1970.0;494.0;2244.0;5.0
2023-12-10;GM;845;-2174.6771603931957;845;26.0;22.0;9.0;60.0;2.0
2023-12-10;IS;12277;-63766.77393287889;12277;176.0;393.0;378.0;1654.0;82.0
2023-12-10;NI;2948;-5061.959898463325;2948;9.0;128.0;44.0;204.0;2.0
2023-12-10;PK;1606;-4031.309567856797;1606;15.0;94.0;16.0;70.0;2.0
2023-12-10;RS;2978;-10609.579023866929;2978;10.0;105.0;67.0;309.0;4.0
2023-12-10;TW;361;-175.97190513960362;361;7.0;2.0;0.0;7.0;0.0
2023-12-10;UP;3195;-8415.230888796526;3195;14.0;81.0;80.0;355.0;0.0
2023-12-10;US;24766;-64367.51850916069;24766;155.0;1350.0;408.0;1683.0;14.0
2023-12-11;GM;1845;-3894.030766317186;1845;46.0;62.0;12.0;73.0;5.0
2023-12-11;IS;15047;-71557.91589658802;15047;212.0;449.0;445.0;2073.0;78.0
2023-12-11;NI;4440;-7098.871128180785;4440;41.0;177.0;92.0;258.0;8.0
2023-12-11;PK;2494;-6377.662582653926;2494;42.0;177.0;23.0;88.0;0.0
2023-12-11;RS;4921;-15525.030861894998;4921;36.0;204.0;69.0;383.0;4.0
2023-12-11;TW;554;-195.23099761771195;554;0.0;23.0;6.0;9.0;0.0
2023-12-11;UP;6021;-10275.548631682852;6021;39.0;120.0;66.0;458.0;2.0
2023-12-11;US;41597;-94912.58850758563;41597;260.0;2474.0;700.0;2525.0;13.0
2023-12-12;GM;1712;-2619.605836024977;1712;27.0;64.0;10.0;83.0;4.0
2023-12-12;IS;15335;-69446.83581535773;15335;227.0;529.0;404.0;2102.0;59.0
2023-12-12;NI;4334;-7140.139555822305;4334;34.0;235.0;90.0;288.0;5.0
2023-12-12;PK;3484;-13662.738964985056;3484;13.0;159.0;122.0;431.0;0.0
2023-12-12;RS;5420;-14766.575126090098;5420;10.0;245.0;74.0;382.0;2.0
2023-12-12;TW;617;-534.5312130843705;617;2.0;19.0;6.0;8.0;0.0
2023-12-12;UP;6494;-12518.357888709785;6494;26.0;106.0;68.0;430.0;5.0
2023-12-12;US;51214;-116590.57060192896;51214;291.0;3173.0;840.0;3013.0;15.0
2023-12-13;GM;1763;-2090.9898023961005;1763;4.0;45.0;18.0;85.0;0.0
2023-12-13;IS;16130;-74378.32578042833;16130;152.0;429.0;495.0;1945.0;62.0
2023-12-13;NI;4428;-7724.488181184009;4428;14.0;149.0;137.0;305.0;0.0
2023-12-13;PK;2882;-12270.42479235419;2882;36.0;166.0;76.0;302.0;3.0
2023-12-13;RS;5292;-14480.679127224072;5292;18.0;215.0;86.0;495.0;5.0
2023-12-13;TW;646;-368.3023733007227;646;4.0;19.0;2.0;11.0;0.0
2023-12-13;UP;7689;-13263.170138244926;7689;29.0;112.0;87.0;582.0;3.0
2023-12-13;US;51650;-104697.07236548208;51650;303.0;2943.0;822.0;2901.0;18.0
2023-12-14;GM;2284;-4044.786431712027;2284;10.0;178.0;15.0;94.0;4.0
2023-12-14;IS;15131;-68738.55292322385;15131;174.0;579.0;488.0;1857.0;63.0
2023-12-14;NI;4007;-3594.3237337837018;4007;33.0;194.0;71.0;139.0;0.0
2023-12-14;PK;2884;-10264.884767144706;2884;27.0;185.0;71.0;201.0;7.0
2023-12-14;RS;5118;-14143.78468462883;5118;17.0;295.0;91.0;452.0;5.0
2023-12-14;TW;700;-206.1436280813745;700;0.0;15.0;1.0;23.0;0.0
2023-12-14;UP;6106;-12243.235032640814;6106;20.0;104.0;77.0;448.0;1.0
2023-12-14;US;52682;-113409.9959548988;52682;308.0;3203.0;855.0;2831.0;27.0
2023-12-15;GM;2379;-5298.97921044267;2379;11.0;221.0;9.0;154.0;5.0
2023-12-15;IS;14684;-65305.26776414923;14684;192.0;563.0;507.0;1896.0;57.0
2023-12-15;NI;4333;-4005.0085774697386;4333;18.0;210.0;68.0;144.0;1.0
2023-12-15;PK;2655;-8771.574404005436;2655;19.0;135.0;75.0;230.0;0.0
2023-12-15;RS;4633;-12463.73941392893;4633;31.0;286.0;72.0;361.0;8.0
2023-12-15;TW;511;-495.94128448612713;511;0.0;12.0;1.0;13.0;0.0
2023-12-15;UP;5168;-7839.89544696448;5168;16.0;70.0;67.0;322.0;5.0
2023-12-15;US;49594;-110563.16499321484;49594;289.0;3164.0;767.0;2957.0;27.0
2023-12-16;GM;1145;-2745.803778403817;1145;7.0;54.0;8.0;81.0;0.0
2023-12-16;IS;10341;-53495.515848532785;10341;176.0;338.0;365.0;1558.0;53.0
2023-12-16;NI;2879;-2341.4322033417734;2879;12.0;127.0;60.0;69.0;0.0
2023-12-16;PK;2439;-5926.04628403526;2439;27.0;135.0;46.0;203.0;1.0
2023-12-16;RS;2799;-9173.318228615382;2799;15.0;113.0;41.0;329.0;1.0
2023-12-16;TW;291;-299.75071265274687;291;0.0;3.0;1.0;14.0;0.0
2023-12-16;UP;2722;-6922.247413344826;2722;20.0;49.0;37.0;341.0;0.0
2023-12-16;US;29676;-69899.9769709547;29676;236.0;1820.0;406.0;1830.0;11.0
2023-12-17;GM;1257;-3574.3986582875855;1257;7.0;60.0;3.0;72.0;3.0
2023-12-17;IS;11059;-61103.57643887185;11059;146.0;374.0;372.0;1895.0;64.0
2023-12-17;NI;2813;-77.21438057013772;2813;24.0;117.0;33.0;76.0;2.0
2023-12-17;PK;1460;-4210.929203561817;1460;33.0;126.0;23.0;133.0;1.0
2023-12-17;RS;2688;-9123.447071152328;2688;11.0;76.0;48.0;416.0;0.0
2023-12-17;TW;302;-532.0360970184777;302;1.0;5.0;2.0;15.0;0.0
2023-12-17;UP;2502;-8203.55528843462;2502;11.0;71.0;47.0;405.0;0.0
2023-12-17;US;21311;-45646.48063952141;21311;163.0;1018.0;298.0;1413.0;18.0
2023-12-18;GM;1955;-4209.375359563959;1955;23.0;82.0;16.0;140.0;0.0
2023-12-18;IS;15056;-76546.01383781176;15056;227.0;397.0;458.0;2347.0;72.0
2023-12-18;NI;3661;-4184.727429543904;3661;30.0;204.0;125.0;156.0;2.0
2023-12-18;PK;2302;-6227.567932756272;2302;43.0;121.0;27.0;148.0;3.0
2023-12-18;RS;4189;-13028.877601404343;4189;22.0;127.0;100.0;573.0;1.0
2023-12-18;TW;516;-855.621188280599;516;3.0;34.0;2.0;19.0;0.0
2023-12-18;UP;4029;-10559.425895556826;4029;18.0;88.0;89.0;536.0;2.0
2023-12-18;US;38122;-80070.27259929232;38122;204.0;2299.0;572.0;2263.0;14.0
2023-12-19;GM;1888;-2526.2515874408946;1888;21.0;70.0;24.0;96.0;0.0
2023-12-19;IS;13525;-63694.13840383136;13525;155.0;440.0;469.0;1940.0;79.0
2023-12-19;NI;4140;-4966.3428998921945;4140;28.0;181.0;110.0;160.0;2.0
2023-12-19;PK;2269;-6091.642663448407;2269;68.0;166.0;35.0;144.0;1.0
2023-12-19;RS;4299;-12117.061374737808;4299;16.0;189.0;89.0;422.0;1.0
2023-12-19;TW;502;-688.9802465668686;502;1.0;5.0;1.0;15.0;0.0
2023-12-19;UP;3817;-9597.863470876766;3817;18.0;127.0;64.0;402.0;1.0
2023-12-19;US;47132;-106969.83571132577;47132;271.0;3174.0;725.0;2679.0;10.0
2023-12-20;GM;1870;-2623.1829918072876;1870;26.0;77.0;16.0;86.0;0.0
2023-12-20;IS;12849;-58314.364703519896;12849;182.0;460.0;352.0;1662.0;55.0
2023-12-20;NI;3680;-3945.578377876227;3680;48.0;167.0;96.0;168.0;0.0
2023-12-20;PK;2457;-6439.6562615249795;2457;37.0;247.0;38.0;177.0;2.0
2023-12-20;RS;4619;-13665.805359752609;4619;18.0;239.0;84.0;411.0;0.0
2023-12-20;TW;613;-318.56594977397737;613;0.0;15.0;4.0;20.0;0.0
2023-12-20;UP;3798;-10035.130325805278;3798;13.0;128.0;94.0;409.0;1.0
2023-12-20;US;49909;-114670.32954820628;49909;254.0;3707.0;925.0;2878.0;12.0
2023-12-21;GM;1752;-2564.5377174410555;1752;19.0;50.0;11.0;71.0;1.0
2023-12-21;IS;12552;-57792.52393044194;12552;134.0;432.0;367.0;1603.0;68.0
2023-12-21;NI;3684;-127.16849014685988;3684;31.0;168.0;49.0;99.0;0.0
2023-12-21;PK;2796;-11589.178222581204;2796;101.0;289.0;66.0;246.0;2.0
2023-12-21;RS;4616;-13059.537023996158;4616;18.0;220.0;80.0;515.0;2.0
2023-12-21;TW;611;-819.7433941915519;611;3.0;7.0;0.0;20.0;0.0
2023-12-21;UP;3853;-9461.711450811596;3853;11.0;121.0;80.0;449.0;5.0
2023-12-21;US;48672;-117163.58360020728;48672;278.0;3584.0;801.0;2795.0;12.0
2023-12-22;GM;1622;-2911.7299250620613;1622;9.0;71.0;14.0;107.0;2.0
2023-12-22;IS;11657;-53265.83993773602;11657;154.0;340.0;388.0;1642.0;63.0
2023-12-22;NI;3190;-2102.6148284829424;3190;19.0;151.0;45.0;84.0;0.0
2023-12-22;PK;2700;-10605.08083863379;2700;83.0;254.0;75.0;173.0;1.0
2023-12-22;RS;4484;-14222.82336995566;4484;36.0;254.0;114.0;557.0;1.0
2023-12-22;TW;526;-589.8886659308602;526;1.0;14.0;0.0;32.0;0.0
2023-12-22;UP;3537;-9003.829078409184;3537;13.0;93.0;83.0;522.0;0.0
2023-12-22;US;42314;-102719.368490582;42314;212.0;3003.0;744.0;2606.0;7.0
2023-12-23;GM;1085;-1606.5521661925309;1085;6.0;32.0;12.0;81.0;0.0
2023-12-23;IS;8187;-39481.404005987075;8187;102.0;322.0;358.0;1402.0;30.0
2023-12-23;NI;2527;-3154.547143441559;2527;21.0;178.0;58.0;95.0;0.0
2023-12-23;PK;1783;-5223.773847446775;1783;53.0;129.0;39.0;129.0;1.0
2023-12-23;RS;2994;-9577.799640027224;2994;24.0;169.0;68.0;368.0;2.0
2023-12-23;TW;339;-437.936592554624;339;0.0;4.0;3.0;9.0;0.0
2023-12-23;UP;2951;-7491.42135916342;2951;10.0;80.0;46.0;396.0;1.0
2023-12-23;US;26242;-63371.15515868638;26242;129.0;1775.0;515.0;1663.0;3.0
2023-12-24;GM;1005;-1933.095753053727;1005;8.0;60.0;10.0;66.0;0.0
2023-12-24;IS;7936;-36364.96623540978;7936;111.0;248.0;248.0;1210.0;50.0
2023-12-24;NI;2723;-1173.239910799107;2723;14.0;106.0;30.0;202.0;0.0
2023-12-24;PK;1823;-6201.161168830124;1823;59.0;134.0;33.0;148.0;0.0
2023-12-24;RS;2247;-5613.649695433574;2247;12.0;103.0;51.0;319.0;1.0
2023-12-24;TW;388;-258.61695479043806;388;4.0;11.0;0.0;13.0;0.0
2023-12-24;UP;2149;-4028.883210593621;2149;9.0;61.0;31.0;316.0;1.0
2023-12-24;US;17377;-38780.82928341138;17377;110.0;987.0;257.0;1347.0;2.0
2023-12-25;GM;743;-1547.9576835318542;743;11.0;62.0;4.0;43.0;2.0
2023-12-25;IS;9059;-44705.322989646746;9059;151.0;252.0;310.0;1569.0;52.0
2023-12-25;NI;2983;-1870.5979762584095;2983;28.0;104.0;57.0;199.0;4.0
2023-12-25;PK;1550;-3216.656637354162;1550;25.0;103.0;34.0;108.0;0.0
2023-12-25;RS;3513;-9422.676630410282;3513;43.0;184.0;43.0;544.0;0.0
2023-12-25;TW;333;-594.2301924570252;333;2.0;22.0;0.0;10.0;0.0
2023-12-25;UP;2629;-6019.98262007641;2629;6.0;84.0;36.0;526.0;0.0
2023-12-25;US;15599;-26098.261649848613;15599;95.0;751.0;181.0;1117.0;16.0
2023-12-26;GM;793;-1811.51261766577;793;13.0;64.0;7.0;47.0;1.0
2023-12-26;IS;11664;-59974.34171839418;11664;197.0;402.0;385.0;2159.0;73.0
2023-12-26;NI;3178;-6218.731308722792;3178;17.0;138.0;57.0;360.0;13.0
2023-12-26;PK;2031;-4597.653403738238;2031;29.0;126.0;36.0;128.0;0.0
2023-12-26;RS;5210;-17314.618191963338;5210;38.0;236.0;96.0;1021.0;0.0
2023-12-26;TW;531;-611.5092487758274;531;1.0;12.0;0.0;9.0;0.0
2023-12-26;UP;4093;-14858.4745999562;4093;38.0;127.0;76.0;1119.0;2.0
2023-12-26;US;26111;-53067.89394303853;26111;232.0;1541.0;335.0;1788.0;16.0
2023-12-27;GM;1707;-2910.460263985703;1707;7.0;81.0;10.0;102.0;1.0
2023-12-27;IS;11309;-58836.283096890416;11309;155.0;373.0;393.0;2007.0;67.0
2023-12-27;NI;4481;-8513.43111116327;4481;26.0;144.0;72.0;477.0;9.0
2023-12-27;PK;2114;-6750.229993668072;2114;42.0;187.0;35.0;157.0;0.0
2023-12-27;RS;4935;-12887.68074101565;4935;33.0;200.0;103.0;723.0;0.0
2023-12-27;TW;517;-933.1644525542392;517;2.0;14.0;2.0;27.0;0.0
2023-12-27;UP;3598;-12269.550110052362;3598;31.0;102.0;88.0;782.0;0.0
2023-12-27;US;34065;-78391.34540550056;34065;204.0;2252.0;540.0;2455.0;9.0
2023-12-28;GM;1384;-1885.9189276973907;1384;7.0;52.0;15.0;85.0;0.0
2023-12-28;IS;10888;-58901.15034865046;10888;158.0;438.0;487.0;2196.0;55.0
2023-12-28;NI;4075;-8917.34489855797;4075;18.0;221.0;114.0;323.0;12.0
2023-12-28;PK;2227;-6827.495935406012;2227;42.0;234.0;38.0;81.0;0.0
2023-12-28;RS;4909;-14104.357695667386;4909;25.0;257.0;136.0;516.0;7.0
2023-12-28;TW;487;-988.9531983471376;487;0.0;15.0;1.0;19.0;0.0
2023-12-28;UP;4063;-11474.776259888204;4063;21.0;115.0;109.0;541.0;2.0
2023-12-28;US;36993;-91421.20058379484;36993;265.0;2579.0;728.0;2701.0;19.0
2023-12-29;GM;1282;-2050.236314203453;1282;19.0;53.0;13.0;104.0;2.0
2023-12-29;IS;10285;-55752.921817770904;10285;220.0;459.0;421.0;1846.0;39.0
2023-12-29;NI;4094;-8226.840099374658;4094;8.0;182.0;105.0;330.0;14.0
2023-12-29;PK;2255;-6643.416952065135;2255;25.0;239.0;26.0;86.0;2.0
2023-12-29;RS;5063;-21671.441929589106;5063;21.0;272.0;215.0;1182.0;0.0
2023-12-29;TW;394;-475.3913079290696;394;3.0;16.0;2.0;21.0;0.0
2023-12-29;UP;5208;-22567.836951411024;5208;22.0;131.0;248.0;1493.0;1.0
2023-12-29;US;36579;-91652.66795007892;36579;235.0;2569.0;685.0;2677.0;13.0
2023-12-30;GM;811;-1395.095855716234;811;3.0;36.0;9.0;46.0;0.0
2023-12-30;IS;7190;-39694.42880723761;7190;91.0;289.0;236.0;1468.0;25.0
2023-12-30;NI;3163;-5002.695437418398;3163;13.0;105.0;129.0;207.0;12.0
2023-12-30;PK;1839;-5694.301935121312;1839;22.0;185.0;33.0;118.0;0.0
2023-12-30;RS;4109;-20076.862622311943;4109;25.0;103.0;159.0;939.0;1.0
2023-12-30;TW;413;-478.4776088656372;413;2.0;4.0;0.0;11.0;0.0
2023-12-30;UP;3773;-19300.52783967603;3773;9.0;68.0;150.0;1017.0;0.0
2023-12-30;US;23618;-58595.72529826306;23618;129.0;1603.0;441.0;1819.0;3.0
2023-12-31;GM;990;-2761.05432179815;990;10.0;91.0;22.0;71.0;0.0
2023-12-31;IS;8163;-42556.34151869435;8163;108.0;334.0;318.0;1788.0;33.0
2023-12-31;NI;3350;-5377.630878485426;3350;17.0;198.0;87.0;198.0;8.0
2023-12-31;PK;1665;-6509.705472302648;1665;28.0;142.0;34.0;259.0;1.0
2023-12-31;RS;3534;-17652.286974770363;3534;24.0;146.0;122.0;745.0;1.0
2023-12-31;TW;551;-850.1032832487067;551;0.0;2.0;0.0;23.0;0.0
2023-12-31;UP;2989;-15347.03262450938;2989;8.0;96.0;118.0;761.0;2.0
2023-12-31;US;18123;-39999.41594356845;18123;103.0;1095.0;279.0;1445.0;4.0
2024-01-01;GM;935;-1618.6644100214542;935;2.0;83.0;14.0;55.0;0.0
2024-01-01;IS;7220;-35716.766360319176;7220;121.0;253.0;261.0;1539.0;50.0
2024-01-01;NI;2921;-1605.0224743816236;2921;9.0;153.0;26.0;167.0;2.0
2024-01-01;PK;1811;-5060.222983851517;1811;28.0;136.0;14.0;155.0;0.0
2024-01-01;RS;2686;-10669.420392591368;2686;14.0;63.0;75.0;632.0;6.0
2024-01-01;TW;639;-373.69264371555334;639;1.0;4.0;0.0;28.0;0.0
2024-01-01;UP;2462;-10695.234887137238;2462;10.0;68.0;73.0;737.0;7.0
2024-01-01;US;18279;-41416.23331494305;18279;94.0;1180.0;291.0;1521.0;6.0
2024-01-02;GM;1143;-1633.08017942598;1143;8.0;59.0;18.0;72.0;0.0
2024-01-02;IS;11217;-62268.486047464736;11217;139.0;453.0;476.0;2416.0;48.0
2024-01-02;NI;3476;-4432.56077031534;3476;18.0;169.0;69.0;171.0;3.0
2024-01-02;PK;2034;-5026.35383367615;2034;36.0;123.0;60.0;179.0;3.0
2024-01-02;RS;4247;-18466.46606116924;4247;16.0;87.0;164.0;1080.0;3.0
2024-01-02;TW;662;-757.6693269930191;662;0.0;16.0;3.0;35.0;0.0
2024-01-02;UP;3816;-18157.58200171652;3816;6.0;54.0;166.0;1111.0;5.0
2024-01-02;US;33498;-72401.1753346198;33498;217.0;1979.0;517.0;2467.0;4.0
2024-01-03;GM;1431;-3514.313018404514;1431;8.0;43.0;32.0;88.0;0.0
2024-01-03;IS;12375;-70475.00327035975;12375;203.0;379.0;512.0;1984.0;78.0
2024-01-03;NI;3587;-5923.918386866501;3587;28.0;160.0;85.0;241.0;12.0
2024-01-03;PK;2225;-6846.529314969095;2225;52.0;171.0;67.0;146.0;0.0
2024-01-03;RS;3890;-17745.464136270406;3890;15.0;104.0;104.0;904.0;1.0
2024-01-03;TW;509;-699.1794786551474;509;3.0;21.0;4.0;11.0;0.0
2024-01-03;UP;3932;-16654.194611626393;3932;7.0;83.0;112.0;928.0;3.0
2024-01-03;US;42363;-109790.31904639116;42363;190.0;2650.0;772.0;3188.0;9.0
2024-01-04;GM;1857;-4427.884031899764;1857;7.0;46.0;23.0;111.0;0.0
2024-01-04;IS;13051;-73082.02058802861;13051;228.0;385.0;517.0;1839.0;67.0
2024-01-04;NI;3524;-7227.87412878128;3524;14.0;212.0;89.0;279.0;2.0
2024-01-04;PK;1949;-5175.074147576502;1949;27.0;172.0;34.0;98.0;0.0
2024-01-04;RS;3842;-13756.071042809042;3842;18.0;152.0;135.0;744.0;6.0
2024-01-04;TW;476;-737.650779332921;476;2.0;13.0;3.0;8.0;0.0
2024-01-04;UP;3901;-13361.613073183196;3901;23.0;99.0;128.0;734.0;5.0
2024-01-04;US;50769;-135074.0260243106;50769;346.0;3083.0;909.0;3923.0;4.0
2024-01-05;GM;1839;-5305.06290032435;1839;14.0;85.0;16.0;92.0;0.0
2024-01-05;IS;11209;-56754.227347413915;11209;122.0;299.0;362.0;1644.0;60.0
2024-01-05;NI;3541;-6267.304058073721;3541;22.0;186.0;103.0;282.0;0.0
2024-01-05;PK;2213;-5302.848011864203;2213;46.0;166.0;33.0;163.0;0.0
2024-01-05;RS;4147;-14126.964919446536;4147;18.0;211.0;75.0;837.0;1.0
2024-01-05;TW;707;-856.5672262731599;707;0.0;16.0;0.0;26.0;0.0
2024-01-05;UP;4014;-12801.330329778437;4014;17.0;146.0;86.0;817.0;0.0
2024-01-05;US;49108;-130086.5739786879;49108;257.0;3203.0;865.0;3740.0;14.0
2024-01-06;GM;1077;-2430.351266494968;1077;7.0;29.0;13.0;80.0;0.0
2024-01-06;IS;9100;-46114.07385424714;9100;175.0;285.0;295.0;1477.0;55.0
2024-01-06;NI;2848;-5357.124008458267;2848;16.0;117.0;68.0;232.0;5.0
2024-01-06;PK;1601;-3319.444169960574;1601;20.0;78.0;21.0;91.0;2.0
2024-01-06;RS;2742;-10423.601699983925;2742;10.0;142.0;68.0;563.0;0.0
2024-01-06;TW;379;-564.1493900218236;379;3.0;5.0;1.0;8.0;0.0
2024-01-06;UP;2683;-9134.389931116975;2683;8.0;50.0;49.0;558.0;0.0
2024-01-06;US;32614;-81828.80845766926;32614;233.0;2068.0;587.0;2196.0;16.0
2024-01-07;GM;913;-2067.1320433476208;913;13.0;26.0;11.0;56.0;2.0
2024-01-07;IS;9944;-50198.96240373138;9944;136.0;174.0;295.0;1767.0;28.0
2024-01-07;NI;3026;-3123.253882707432;3026;42.0;133.0;38.0;136.0;0.0
2024-01-07;PK;1583;-3100.9904256904833;1583;29.0;75.0;17.0;78.0;0.0
2024-01-07;RS;1939;-6910.349697492378;1939;7.0;93.0;39.0;452.0;1.0
2024-01-07;TW;504;-850.9214072816038;504;7.0;7.0;6.0;13.0;0.0
2024-01-07;UP;2317;-7065.0457808028;2317;15.0;50.0;37.0;500.0;1.0
2024-01-07;US;22334;-53250.17159943255;22334;122.0;1292.0;425.0;1450.0;6.0
2024-01-08;GM;1823;-4523.095881386083;1823;59.0;86.0;16.0;90.0;0.0
2024-01-08;IS;13703;-69615.2731175806;13703;194.0;341.0;416.0;2306.0;58.0
2024-01-08;NI;4051;-6599.213577304529;4051;45.0;238.0;93.0;190.0;2.0
2024-01-08;PK;2222;-4638.728496570788;2222;55.0;91.0;34.0;125.0;0.0
2024-01-08;RS;3278;-10702.14804335707;3278;11.0;133.0;93.0;759.0;3.0
2024-01-08;TW;707;-919.4585191208216;707;16.0;17.0;3.0;23.0;0.0
2024-01-08;UP;3424;-11198.963302524517;3424;7.0;83.0;95.0;828.0;1.0
2024-01-08;US;39814;-85382.41685151479;39814;314.0;2239.0;613.0;2403.0;11.0
2024-01-09;GM;1981;-2291.1288285903615;1981;27.0;58.0;12.0;81.0;1.0
2024-01-09;IS;13954;-68375.95945733876;13954;229.0;408.0;456.0;2243.0;58.0
2024-01-09;NI;3750;-6199.148643609998;3750;22.0;184.0;58.0;169.0;1.0
2024-01-09;PK;2196;-3391.532380681314;2196;7.0;143.0;23.0;151.0;0.0
2024-01-09;RS;4004;-14578.409637875558;4004;35.0;224.0;95.0;686.0;0.0
2024-01-09;TW;1213;-1582.226197641706;1213;3.0;29.0;9.0;30.0;0.0
2024-01-09;UP;3750;-11910.570839456384;3750;22.0;76.0;89.0;623.0;0.0
2024-01-09;US;49464;-109091.09489923184;49464;392.0;3003.0;785.0;2894.0;13.0
2024-01-10;GM;1691;-3573.4076458290992;1691;20.0;59.0;11.0;96.0;0.0
2024-01-10;IS;13826;-65019.97202843229;13826;153.0;395.0;407.0;1786.0;44.0
2024-01-10;NI;4096;-6179.097093662324;4096;32.0;221.0;64.0;184.0;3.0
2024-01-10;PK;2320;-5719.4281505726185;2320;32.0;137.0;24.0;196.0;1.0
2024-01-10;RS;4073;-13441.626967553768;4073;17.0;150.0;67.0;526.0;0.0
2024-01-10;TW;1360;-1503.4750224827856;1360;11.0;26.0;5.0;28.0;0.0
2024-01-10;UP;4274;-9574.30529776685;4274;28.0;79.0;59.0;488.0;1.0
2024-01-10;US;49812;-115377.05038319074;49812;272.0;3081.0;840.0;2962.0;11.0
2024-01-11;GM;1840;-2913.308719447162;1840;19.0;53.0;14.0;67.0;0.0
2024-01-11;IS;14230;-69096.04304915208;14230;188.0;402.0;492.0;1541.0;70.0
2024-01-11;NI;4294;-8099.981389289032;4294;20.0;290.0;84.0;196.0;3.0
2024-01-11;PK;2373;-5194.501864468838;2373;16.0;148.0;25.0;228.0;0.0
2024-01-11;RS;4539;-14759.35420500416;4539;26.0;187.0;87.0;524.0;2.0
2024-01-11;TW;2088;-2780.880384601702;2088;15.0;36.0;13.0;38.0;0.0
2024-01-11;UP;5059;-11840.060348497558;5059;24.0;87.0;97.0;510.0;0.0
2024-01-11;US;52551;-123390.77940308096;52551;271.0;3199.0;784.0;2997.0;22.0
2024-01-12;GM;1898;-4182.6925801451525;1898;14.0;52.0;19.0;93.0;2.0
2024-01-12;IS;12506;-63600.731490137994;12506;190.0;284.0;394.0;1571.0;89.0
2024-01-12;NI;4169;-1561.5851144363733;4169;19.0;180.0;88.0;197.0;0.0
2024-01-12;PK;2275;-4149.142322053138;2275;22.0;137.0;33.0;195.0;1.0
2024-01-12;RS;4639;-14603.591339031846;4639;32.0;205.0;62.0;406.0;7.0
2024-01-12;TW;1718;-2558.5255167978653;1718;18.0;56.0;3.0;51.0;0.0
2024-01-12;UP;5414;-10861.34724191291;5414;24.0;121.0;66.0;432.0;2.0
2024-01-12;US;50232;-123889.6774970004;50232;333.0;2819.0;683.0;3379.0;37.0
2024-01-13;GM;1086;-2674.3824857347736;1086;16.0;46.0;18.0;65.0;0.0
2024-01-13;IS;8492;-43683.70746166094;8492;261.0;229.0;254.0;1154.0;35.0
2024-01-13;NI;3066;81.22259822609809;3066;15.0;145.0;59.0;101.0;1.0
2024-01-13;PK;2031;-3263.1037145097293;2031;27.0;80.0;6.0;183.0;0.0
2024-01-13;RS;2651;-8968.691394794172;2651;24.0;91.0;69.0;500.0;0.0
2024-01-13;TW;2469;-1212.4763523063675;2469;10.0;62.0;3.0;51.0;0.0
2024-01-13;UP;3410;-7592.271551073385;3410;13.0;75.0;66.0;477.0;0.0
2024-01-13;US;30594;-68861.89200622708;30594;274.0;1698.0;424.0;2011.0;9.0
2024-01-14;GM;1168;-3648.653855060475;1168;34.0;43.0;16.0;45.0;0.0
2024-01-14;IS;10029;-55331.82173237276;10029;351.0;367.0;414.0;1558.0;35.0
2024-01-14;NI;2826;-1074.2177206000042;2826;26.0;94.0;54.0;136.0;0.0
2024-01-14;PK;1858;-4230.840446399676;1858;41.0;88.0;20.0;187.0;0.0
2024-01-14;RS;2366;-6770.777321568386;2366;29.0;89.0;50.0;365.0;0.0
2024-01-14;TW;2115;-823.4873670646458;2115;9.0;30.0;5.0;31.0;0.0
2024-01-14;UP;2782;-5481.935890776219;2782;30.0;54.0;31.0;329.0;0.0
2024-01-14;US;23047;-45888.87564381748;23047;269.0;1177.0;396.0;1673.0;6.0
2024-01-15;GM;1596;-4319.924031313133;1596;61.0;32.0;18.0;71.0;8.0
2024-01-15;IS;11467;-55900.86707149031;11467;255.0;430.0;399.0;1760.0;65.0
2024-01-15;NI;3772;-3039.272044225581;3772;35.0;108.0;111.0;249.0;0.0
2024-01-15;PK;1965;-3787.91426177852;1965;36.0;99.0;30.0;121.0;0.0
2024-01-15;RS;4287;-11039.252210940744;4287;28.0;151.0;76.0;556.0;3.0
2024-01-15;TW;2272;-430.4185158522911;2272;13.0;34.0;12.0;40.0;0.0
2024-01-15;UP;4815;-9248.419320464003;4815;41.0;128.0;69.0;511.0;0.0
2024-01-15;US;34064;-53985.23427632891;34064;335.0;1577.0;547.0;2578.0;10.0
2024-01-16;GM;1737;-2980.5526890540905;1737;31.0;72.0;30.0;76.0;3.0
2024-01-16;IS;11928;-56061.500832302634;11928;171.0;380.0;400.0;1721.0;67.0
2024-01-16;NI;3952;-6763.312612873403;3952;18.0;146.0;155.0;272.0;1.0
2024-01-16;PK;2013;-4824.242100977596;2013;12.0;149.0;33.0;177.0;2.0
2024-01-16;RS;4435;-12799.865448482597;4435;29.0;228.0;87.0;504.0;1.0
2024-01-16;TW;1759;-67.35604976881788;1759;4.0;33.0;11.0;52.0;0.0
2024-01-16;UP;5087;-9503.928044115071;5087;24.0;136.0;65.0;422.0;0.0
2024-01-16;US;44974;-70972.43706196077;44974;323.0;2336.0;681.0;2742.0;5.0
2024-01-17;GM;2162;-3508.9091633283456;2162;44.0;97.0;26.0;79.0;0.0
2024-01-17;IS;12476;-54322.56394277201;12476;177.0;371.0;360.0;1836.0;71.0
2024-01-17;NI;4277;-10117.731909113198;4277;25.0;174.0;125.0;253.0;0.0
2024-01-17;PK;4084;-17579.280030277634;4084;44.0;183.0;103.0;620.0;3.0
2024-01-17;RS;4860;-15578.93723577146;4860;89.0;244.0;67.0;549.0;7.0
2024-01-17;TW;1227;-769.544963532934;1227;8.0;17.0;4.0;31.0;0.0
2024-01-17;UP;5481;-11687.477328297016;5481;45.0;92.0;65.0;569.0;2.0
2024-01-17;US;49896;-100717.69585622563;49896;323.0;2833.0;839.0;2894.0;6.0
2024-01-18;GM;2121;-2751.1452428187386;2121;24.0;92.0;16.0;92.0;2.0
2024-01-18;IS;12462;-54322.321470770425;12462;152.0;418.0;415.0;1778.0;41.0
2024-01-18;NI;3864;-7739.045465073968;3864;11.0;222.0;119.0;143.0;1.0
2024-01-18;PK;6075;-27589.5832007754;6075;42.0;170.0;112.0;1333.0;3.0
2024-01-18;RS;5170;-15133.530372884485;5170;56.0;260.0;86.0;539.0;0.0
2024-01-18;TW;910;-163.43351882885767;910;2.0;15.0;0.0;7.0;0.0
2024-01-18;UP;4949;-12588.771751063154;4949;23.0;128.0;79.0;550.0;0.0
2024-01-18;US;52481;-113866.55359912278;52481;279.0;3267.0;939.0;3191.0;15.0
2024-01-19;GM;2326;-3708.772847563804;2326;20.0;70.0;15.0;93.0;0.0
2024-01-19;IS;11239;-52650.73680889494;11239;148.0;364.0;341.0;1503.0;58.0
2024-01-19;NI;3933;-8186.08937203075;3933;44.0;259.0;101.0;152.0;0.0
2024-01-19;PK;4693;-17872.599032452294;4693;30.0;131.0;67.0;708.0;2.0
2024-01-19;RS;5181;-15672.92869280376;5181;40.0;229.0;82.0;545.0;10.0
2024-01-19;TW;748;-387.7732021800843;748;2.0;9.0;1.0;26.0;0.0
2024-01-19;UP;4242;-12210.19647971412;4242;33.0;131.0;72.0;525.0;0.0
2024-01-19;US;49401;-112890.42558654264;49401;291.0;3229.0;914.0;3181.0;18.0
2024-01-20;GM;1182;-2397.2948944724526;1182;37.0;33.0;13.0;67.0;1.0
2024-01-20;IS;8925;-43629.66161200608;8925;162.0;210.0;287.0;1493.0;31.0
2024-01-20;NI;3442;-7467.301795148456;3442;38.0;263.0;117.0;143.0;0.0
2024-01-20;PK;2250;-6130.816621883263;2250;9.0;97.0;28.0;305.0;0.0
2024-01-20;RS;2846;-10363.558742485224;2846;37.0;129.0;71.0;324.0;3.0
2024-01-20;TW;379;-143.70254928741622;379;7.0;4.0;1.0;14.0;0.0
2024-01-20;UP;2143;-5842.845003238441;2143;14.0;48.0;55.0;235.0;0.0
2024-01-20;US;30803;-72819.793199141;30803;152.0;1986.0;635.0;1951.0;6.0
2024-01-21;GM;1079;-2151.450011119822;1079;43.0;39.0;16.0;58.0;3.0
2024-01-21;IS;9670;-51025.91424826227;9670;130.0;288.0;364.0;1731.0;40.0
2024-01-21;NI;3469;-8461.274011275756;3469;21.0;236.0;155.0;203.0;0.0
2024-01-21;PK;1714;-4132.371998037155;1714;13.0;79.0;34.0;206.0;4.0
2024-01-21;RS;3177;-11273.353556899783;3177;29.0;108.0;94.0;559.0;1.0
2024-01-21;TW;440;63.11484010024218;440;2.0;9.0;3.0;16.0;0.0
2024-01-21;UP;2395;-8906.224269122773;2395;20.0;53.0;84.0;465.0;0.0
2024-01-21;US;23099;-46572.64738544684;23099;182.0;1341.0;400.0;1687.0;5.0
2024-01-22;GM;2113;-3428.0214977297874;2113;41.0;91.0;19.0;96.0;0.0
2024-01-22;IS;11439;-53866.89318652626;11439;148.0;272.0;361.0;1470.0;44.0
2024-01-22;NI;4109;-7529.216524448266;4109;20.0;248.0;163.0;168.0;7.0
2024-01-22;PK;2845;-7021.0441398883895;2845;56.0;112.0;37.0;294.0;4.0
2024-01-22;RS;4792;-14344.861520868655;4792;26.0;174.0;111.0;562.0;2.0
2024-01-22;TW;617;-378.8671159883014;617;11.0;5.0;3.0;32.0;0.0
2024-01-22;UP;4538;-12444.789042216207;4538;12.0;119.0;82.0;527.0;2.0
2024-01-22;US;40055;-76967.4752828939;40055;284.0;2154.0;657.0;2571.0;18.0
2024-01-23;GM;2369;-2036.9992586024364;2369;44.0;65.0;13.0;104.0;0.0
2024-01-23;IS;12073;-56589.18999496455;12073;137.0;340.0;327.0;1805.0;58.0
2024-01-23;NI;4120;-5982.621393137283;4120;40.0;245.0;88.0;185.0;2.0
2024-01-23;PK;2421;-3465.4818019117733;2421;32.0;117.0;12.0;171.0;2.0
2024-01-23;RS;5206;-16571.697879062318;5206;22.0;205.0;59.0;696.0;0.0
2024-01-23;TW;685;-658.5050104760153;685;6.0;21.0;2.0;26.0;0.0
2024-01-23;UP;4827;-14229.691632816372;4827;21.0;124.0;76.0;748.0;0.0
2024-01-23;US;50663;-106381.52537742362;50663;332.0;2937.0;754.0;3309.0;12.0
2024-01-24;GM;2873;-2431.3796703968906;2873;49.0;72.0;7.0;137.0;0.0
2024-01-24;IS;11382;-52831.54486735627;11382;180.0;408.0;332.0;1546.0;41.0
2024-01-24;NI;4317;-7820.766196148416;4317;20.0;246.0;76.0;213.0;0.0
2024-01-24;PK;2222;-3646.414992574047;2222;28.0;85.0;18.0;139.0;0.0
2024-01-24;RS;5847;-20454.503959983092;5847;39.0;206.0;104.0;877.0;2.0
2024-01-24;TW;868;432.45690134816977;868;12.0;14.0;3.0;5.0;0.0
2024-01-24;UP;5680;-17295.59649835409;5680;31.0;101.0;90.0;891.0;0.0
2024-01-24;US;52605;-101322.04893175278;52605;330.0;3225.0;860.0;3223.0;9.0
2024-01-25;GM;2328;-3682.870603919899;2328;36.0;53.0;16.0;113.0;2.0
2024-01-25;IS;11648;-54282.82842587972;11648;156.0;329.0;249.0;1518.0;54.0
2024-01-25;NI;4760;-8883.341890167418;4760;32.0;250.0;97.0;237.0;1.0
2024-01-25;PK;2347;-5580.089984672731;2347;30.0;107.0;87.0;224.0;0.0
2024-01-25;RS;7155;-27940.93861353649;7155;14.0;418.0;107.0;860.0;3.0
2024-01-25;TW;1090;232.5600702402104;1090;17.0;16.0;3.0;28.0;0.0
2024-01-25;UP;5721;-22100.797788706783;5721;13.0;251.0;83.0;762.0;0.0
2024-01-25;US;52779;-108586.16464546532;52779;298.0;3337.0;910.0;3134.0;13.0
2024-01-26;GM;1879;-2500.1397672443622;1879;29.0;56.0;27.0;119.0;0.0
2024-01-26;IS;13114;-61266.453330240336;13114;141.0;322.0;358.0;1273.0;57.0
2024-01-26;NI;4468;-8405.51322234709;4468;25.0;297.0;203.0;228.0;0.0
2024-01-26;PK;2384;-3130.538440010242;2384;17.0;68.0;83.0;130.0;1.0
2024-01-26;RS;6121;-21881.244989232564;6121;30.0;372.0;123.0;586.0;4.0
2024-01-26;TW;742;-211.37096835773937;742;3.0;15.0;5.0;18.0;0.0
2024-01-26;UP;4835;-16144.092748414396;4835;18.0;149.0;94.0;535.0;0.0
2024-01-26;US;50858;-116001.60800669131;50858;303.0;3142.0;865.0;3066.0;11.0
2024-01-27;GM;1502;-3468.839460743041;1502;43.0;38.0;22.0;109.0;1.0
2024-01-27;IS;10028;-48691.71632661176;10028;153.0;213.0;246.0;1108.0;39.0
2024-01-27;NI;3346;-6043.380264834603;3346;19.0;214.0;154.0;234.0;0.0
2024-01-27;PK;2230;-5759.2898318151;2230;44.0;106.0;41.0;224.0;0.0
2024-01-27;RS;2941;-10460.318259189857;2941;27.0;122.0;51.0;363.0;0.0
2024-01-27;TW;611;-305.478255507207;611;0.0;5.0;0.0;16.0;0.0
2024-01-27;UP;2457;-7927.828361621515;2457;12.0;46.0;30.0;322.0;1.0
2024-01-27;US;32166;-75315.91082738283;32166;182.0;1796.0;548.0;1982.0;9.0
2024-01-28;GM;1603;-5168.706321664679;1603;30.0;40.0;12.0;76.0;0.0
2024-01-28;IS;10062;-51124.246269775584;10062;170.0;245.0;234.0;1305.0;42.0
2024-01-28;NI;3156;-6339.472688193772;3156;2.0;237.0;140.0;203.0;0.0
2024-01-28;PK;2323;-8182.611641822302;2323;47.0;120.0;59.0;297.0;0.0
2024-01-28;RS;2354;-8525.886365597524;2354;9.0;71.0;44.0;356.0;0.0
2024-01-28;TW;577;-353.258450493994;577;2.0;2.0;0.0;8.0;0.0
2024-01-28;UP;2161;-7849.361507190455;2161;7.0;66.0;40.0;370.0;1.0
2024-01-28;US;22941;-51881.149892172005;22941;165.0;1039.0;294.0;1629.0;5.0
2024-01-29;GM;2277;-4891.504835608918;2277;63.0;85.0;13.0;77.0;0.0
2024-01-29;IS;13675;-69602.91775321828;13675;212.0;354.0;450.0;1892.0;39.0
2024-01-29;NI;4203;-6878.829588254909;4203;17.0;214.0;173.0;265.0;2.0
2024-01-29;PK;3242;-8070.319359045129;3242;51.0;154.0;66.0;347.0;1.0
2024-01-29;RS;4465;-14388.359811685392;4465;26.0;174.0;57.0;530.0;2.0
2024-01-29;TW;453;-208.6450019890264;453;3.0;14.0;0.0;8.0;0.0
2024-01-29;UP;4130;-11640.141716087992;4130;37.0;115.0;47.0;458.0;1.0
2024-01-29;US;41726;-99241.81877531172;41726;258.0;2370.0;680.0;3121.0;12.0
2024-01-30;GM;2011;-4739.37371797005;2011;39.0;71.0;24.0;83.0;0.0
2024-01-30;IS;13873;-64595.52764152901;13873;160.0;362.0;378.0;2016.0;44.0
2024-01-30;NI;4585;-11193.095051324744;4585;14.0;228.0;198.0;285.0;4.0
2024-01-30;PK;2967;-10691.158959583145;2967;38.0;286.0;99.0;420.0;0.0
2024-01-30;RS;4245;-14199.710724439752;4245;20.0;196.0;83.0;442.0;0.0
2024-01-30;TW;547;-746.9097635347509;547;7.0;26.0;9.0;17.0;0.0
2024-01-30;UP;3917;-9781.711386446235;3917;24.0;93.0;56.0;423.0;1.0
2024-01-30;US;50728;-117399.0083145862;50728;290.0;3067.0;872.0;3671.0;7.0
2024-01-31;GM;2277;-4407.848194400246;2277;67.0;66.0;14.0;127.0;1.0
2024-01-31;IS;12403;-57757.34175461722;12403;151.0;348.0;385.0;1805.0;34.0
2024-01-31;NI;4577;-11561.328138058148;4577;15.0;302.0;148.0;253.0;2.0
2024-01-31;PK;2945;-8835.517596242831;2945;36.0;285.0;61.0;339.0;1.0
2024-01-31;RS;5109;-17831.16806601616;5109;38.0;219.0;69.0;544.0;9.0
2024-01-31;TW;682;-986.348259668304;682;17.0;11.0;1.0;34.0;0.0
2024-01-31;UP;5101;-15133.923978520532;5101;34.0;136.0;66.0;533.0;0.0
2024-01-31;US;54257;-129286.13988127768;54257;323.0;3347.0;888.0;3806.0;11.0
2024-02-01;GM;2020;-2191.141233851557;2020;59.0;54.0;15.0;76.0;0.0
2024-02-01;IS;12687;-56571.17363324813;12687;158.0;391.0;425.0;1496.0;46.0
2024-02-01;NI;4317;-7770.173781103032;4317;23.0;252.0;160.0;161.0;5.0
2024-02-01;PK;2499;-7653.802284048828;2499;28.0;194.0;46.0;305.0;0.0
2024-02-01;RS;5092;-16597.439798729833;5092;32.0;260.0;87.0;493.0;2.0
2024-02-01;TW;715;-544.9303948429457;715;2.0;15.0;5.0;32.0;0.0
2024-02-01;UP;4851;-11844.108752090027;4851;71.0;113.0;87.0;455.0;5.0
2024-02-01;US;56225;-127728.87962803229;56225;311.0;3383.0;991.0;3562.0;8.0
2024-02-02;GM;1665;-2597.5931133365516;1665;91.0;51.0;9.0;69.0;1.0
2024-02-02;IS;10868;-49545.61505730358;10868;200.0;352.0;329.0;1202.0;27.0
2024-02-02;NI;3457;-8435.851331806543;3457;22.0;220.0;114.0;201.0;1.0
2024-02-02;PK;2601;-6129.719210700631;2601;53.0;116.0;64.0;321.0;0.0
2024-02-02;RS;4250;-14265.13682632832;4250;31.0;177.0;108.0;570.0;4.0
2024-02-02;TW;569;-637.968613530996;569;5.0;15.0;2.0;25.0;0.0
2024-02-02;UP;4326;-12127.223905343964;4326;55.0;85.0;121.0;589.0;2.0
2024-02-02;US;51083;-122168.432393667;51083;299.0;3125.0;880.0;3294.0;5.0
2024-02-03;GM;990;-1645.5288250635142;990;43.0;31.0;12.0;46.0;0.0
2024-02-03;IS;6694;-32241.20897479631;6694;165.0;173.0;219.0;930.0;39.0
2024-02-03;NI;3215;-6275.119084608682;3215;33.0;217.0;91.0;169.0;0.0
2024-02-03;PK;1875;-4316.353302274188;1875;29.0;163.0;29.0;149.0;0.0
2024-02-03;RS;2615;-9182.736636418076;2615;43.0;120.0;71.0;373.0;0.0
2024-02-03;TW;226;-265.85712791623206;226;5.0;8.0;0.0;16.0;0.0
2024-02-03;UP;2732;-6804.792155173737;2732;42.0;50.0;65.0;381.0;1.0
2024-02-03;US;31699;-76251.06094607756;31699;215.0;1799.0;520.0;2326.0;16.0
2024-02-04;GM;1079;-1997.9027179892191;1079;40.0;38.0;3.0;61.0;0.0
2024-02-04;IS;7915;-35591.381381253545;7915;120.0;237.0;190.0;1170.0;28.0
2024-02-04;NI;2965;-5054.493703702929;2965;38.0;177.0;94.0;165.0;3.0
2024-02-04;PK;1863;-4288.903249764905;1863;46.0;221.0;25.0;128.0;1.0
2024-02-04;RS;2920;-10102.325866575364;2920;19.0;152.0;64.0;470.0;0.0
2024-02-04;TW;281;-223.36988802966223;281;6.0;11.0;0.0;21.0;0.0
2024-02-04;UP;2529;-8188.925310937913;2529;21.0;51.0;47.0;470.0;0.0
2024-02-04;US;23800;-52884.56395151513;23800;151.0;1267.0;391.0;2111.0;5.0
2024-02-05;GM;1549;-2113.1525689421064;1549;78.0;32.0;9.0;51.0;0.0
2024-02-05;IS;10994;-44626.81326281578;10994;177.0;247.0;234.0;1155.0;35.0
2024-02-05;NI;3257;-7612.04886008097;3257;58.0;216.0;111.0;209.0;4.0
2024-02-05;PK;2420;-5491.4474677598855;2420;35.0;139.0;39.0;210.0;0.0
2024-02-05;RS;4547;-13894.98775671659;4547;22.0;228.0;74.0;508.0;6.0
2024-02-05;TW;430;-403.0913810840047;430;4.0;8.0;1.0;18.0;0.0
2024-02-05;UP;4530;-11928.583450285962;4530;16.0;115.0;68.0;489.0;0.0
2024-02-05;US;40991;-78936.41199089683;40991;273.0;2236.0;564.0;2711.0;5.0
2024-02-06;GM;1783;-2632.9523542520556;1783;17.0;56.0;21.0;65.0;1.0
2024-02-06;IS;12288;-49237.507941043885;12288;167.0;285.0;306.0;1164.0;42.0
2024-02-06;NI;3571;-8178.3380618341025;3571;80.0;247.0;114.0;225.0;0.0
2024-02-06;PK;2469;-5637.231800627956;2469;39.0;167.0;34.0;237.0;3.0
2024-02-06;RS;4908;-15383.576197789012;4908;49.0;243.0;97.0;484.0;0.0
2024-02-06;TW;488;-249.58600916788873;488;2.0;7.0;0.0;12.0;0.0
2024-02-06;UP;5041;-12799.690108685489;5041;23.0;129.0;86.0;520.0;1.0
2024-02-06;US;52739;-119324.08598651104;52739;383.0;3304.0;798.0;3295.0;12.0
2024-02-07;GM;2021;-2593.560039348694;2021;6.0;42.0;21.0;68.0;0.0
2024-02-07;IS;14113;-58777.16428541983;14113;168.0;338.0;379.0;1583.0;65.0
2024-02-07;NI;3482;-6809.231042271932;3482;89.0;187.0;75.0;171.0;1.0
2024-02-07;PK;2763;-7971.360615930516;2763;36.0;168.0;66.0;335.0;4.0
2024-02-07;RS;5344;-17871.583130150822;5344;52.0;276.0;70.0;592.0;1.0
2024-02-07;TW;619;-390.320452490105;619;4.0;4.0;1.0;26.0;0.0
2024-02-07;UP;5343;-16812.32086171426;5343;30.0;123.0;88.0;680.0;1.0
2024-02-07;US;56724;-120930.69669487776;56724;368.0;3361.0;863.0;3228.0;6.0
2024-02-08;GM;2259;-3042.998951006967;2259;36.0;72.0;33.0;77.0;0.0
2024-02-08;IS;12460;-53350.807315518185;12460;154.0;439.0;342.0;1532.0;43.0
2024-02-08;NI;3704;-8225.98226258439;3704;69.0;244.0;101.0;190.0;0.0
2024-02-08;PK;2617;-8337.339406056219;2617;21.0;155.0;57.0;325.0;0.0
2024-02-08;RS;5479;-17401.48913287058;5479;23.0;277.0;115.0;539.0;5.0
2024-02-08;TW;634;-181.65768139470663;634;2.0;12.0;2.0;13.0;0.0
2024-02-08;UP;5749;-14411.50212958817;5749;20.0;138.0;127.0;540.0;0.0
2024-02-08;US;56762;-119396.31555115736;56762;376.0;3347.0;963.0;3465.0;7.0
2024-02-09;GM;2039;-3509.0303752451673;2039;8.0;90.0;21.0;112.0;0.0
2024-02-09;IS;11102;-50187.73401356932;11102;180.0;463.0;358.0;1516.0;42.0
2024-02-09;NI;3245;-6114.757753285594;3245;60.0;206.0;55.0;151.0;0.0
2024-02-09;PK;2044;-4766.643337657967;2044;33.0;91.0;55.0;172.0;7.0
2024-02-09;RS;5880;-17241.15504883035;5880;41.0;306.0;80.0;435.0;9.0
2024-02-09;TW;592;-128.62165842044075;592;0.0;8.0;1.0;27.0;0.0
2024-02-09;UP;5735;-15109.391309085562;5735;79.0;132.0;82.0;467.0;0.0
2024-02-09;US;53993;-111277.85425839468;53993;357.0;3488.0;828.0;3029.0;3.0
2024-02-10;GM;1555;-3017.8069555076654;1555;18.0;59.0;19.0;134.0;0.0
2024-02-10;IS;7845;-39244.83430922492;7845;113.0;273.0;289.0;1072.0;37.0
2024-02-10;NI;2629;-5176.9667082505475;2629;35.0;149.0;43.0;149.0;0.0
2024-02-10;PK;2441;-4776.44746549743;2441;39.0;137.0;21.0;122.0;0.0
2024-02-10;RS;3108;-9670.337589521678;3108;18.0;135.0;78.0;463.0;2.0
2024-02-10;TW;401;-134.55631005104146;401;2.0;8.0;3.0;11.0;0.0
2024-02-10;UP;3790;-10836.500744923622;3790;39.0;98.0;104.0;454.0;1.0
2024-02-10;US;32132;-69919.6376252293;32132;180.0;1948.0;476.0;2004.0;1.0
2024-02-11;GM;1275;-2968.4310760208746;1275;13.0;56.0;21.0;52.0;2.0
2024-02-11;IS;9547;-49509.40402305367;9547;99.0;328.0;363.0;1196.0;32.0
2024-02-11;NI;2858;-4544.5215764125305;2858;28.0;213.0;27.0;126.0;2.0
2024-02-11;PK;2377;-5340.212365213838;2377;121.0;138.0;30.0;151.0;0.0
2024-02-11;RS;3677;-10431.99326614364;3677;26.0;143.0;73.0;430.0;0.0
2024-02-11;TW;275;-257.18288438933763;275;4.0;1.0;2.0;1.0;0.0
2024-02-11;UP;3295;-9805.775638303634;3295;26.0;78.0;70.0;520.0;3.0
2024-02-11;US;22910;-48287.73005773445;22910;108.0;1289.0;342.0;1553.0;3.0
2024-02-12;GM;2584;-4064.758930520813;2584;52.0;51.0;19.0;91.0;1.0
2024-02-12;IS;14542;-66363.24816459864;14542;181.0;437.0;646.0;1588.0;44.0
2024-02-12;NI;3716;-7188.492200832289;3716;37.0;276.0;44.0;175.0;3.0
2024-02-12;PK;2353;-4699.771957237221;2353;94.0;161.0;36.0;165.0;0.0
2024-02-12;RS;5408;-14439.327145712456;5408;37.0;152.0;85.0;569.0;9.0
2024-02-12;TW;428;-303.56188818741583;428;2.0;0.0;0.0;15.0;0.0
2024-02-12;UP;4879;-13248.237210926352;4879;67.0;84.0;84.0;580.0;2.0
2024-02-12;US;39989;-78461.42178813847;39989;261.0;2174.0;620.0;2659.0;4.0
2024-02-13;GM;2444;-4277.326745290452;2444;35.0;40.0;33.0;97.0;3.0
2024-02-13;IS;15852;-72321.12292514934;15852;141.0;542.0;617.0;1652.0;59.0
2024-02-13;NI;3552;-7130.892069359829;3552;22.0;256.0;73.0;149.0;0.0
2024-02-13;PK;2337;-5142.051177796816;2337;83.0;156.0;24.0;141.0;0.0
2024-02-13;RS;6105;-17996.69052885151;6105;37.0;342.0;71.0;501.0;1.0
2024-02-13;TW;607;-294.935100633272;607;2.0;4.0;0.0;18.0;0.0
2024-02-13;UP;5470;-13987.286531826425;5470;54.0;120.0;76.0;515.0;0.0
2024-02-13;US;51282;-96398.12082907913;51282;300.0;2964.0;659.0;3063.0;5.0
2024-02-14;GM;2260;-3117.8294554439244;2260;16.0;52.0;26.0;83.0;2.0
2024-02-14;IS;14118;-64072.995679986634;14118;146.0;382.0;451.0;1729.0;41.0
2024-02-14;NI;3392;-4814.985344153559;3392;19.0;254.0;72.0;130.0;0.0
2024-02-14;PK;2136;-4432.374872100959;2136;33.0;130.0;24.0;108.0;0.0
2024-02-14;RS;6341;-19122.582689228537;6341;41.0;349.0;79.0;605.0;2.0
2024-02-14;TW;851;-869.254582265546;851;12.0;9.0;0.0;29.0;0.0
2024-02-14;UP;5848;-13941.36186861161;5848;22.0;159.0;76.0;634.0;0.0
2024-02-14;US;53867;-108779.84261860774;53867;297.0;3181.0;765.0;3212.0;9.0
2024-02-15;GM;3549;-4085.541899093703;3549;16.0;80.0;37.0;124.0;0.0
2024-02-15;IS;14372;-66898.83821948215;14372;167.0;381.0;420.0;1741.0;64.0
2024-02-15;NI;3501;-5224.033834685977;3501;39.0;189.0;40.0;141.0;2.0
2024-02-15;PK;2221;-5025.961143422329;2221;56.0;94.0;26.0;117.0;0.0
2024-02-15;RS;7096;-20413.777430524307;7096;38.0;297.0;96.0;734.0;2.0
2024-02-15;TW;755;-1589.0729877463623;755;2.0;28.0;10.0;19.0;0.0
2024-02-15;UP;6437;-15291.497653290446;6437;31.0;173.0;89.0;776.0;2.0
2024-02-15;US;55193;-109881.788805081;55193;347.0;3083.0;783.0;3242.0;9.0
2024-02-16;GM;5978;-15403.56988951071;5978;83.0;246.0;97.0;251.0;0.0
2024-02-16;IS;12178;-54345.91022785955;12178;152.0;323.0;352.0;1511.0;40.0
2024-02-16;NI;3379;-5086.5154537072;3379;28.0;236.0;59.0;177.0;0.0
2024-02-16;PK;2006;-4723.162052728917;2006;50.0;136.0;28.0;95.0;0.0
2024-02-16;RS;11427;-57293.24641925928;11427;195.0;811.0;206.0;989.0;0.0
2024-02-16;TW;815;-870.1593888621728;815;5.0;24.0;10.0;26.0;0.0
2024-02-16;UP;7933;-20646.147930286555;7933;56.0;288.0;117.0;746.0;0.0
2024-02-16;US;53584;-120866.6439946025;53584;280.0;3354.0;735.0;3118.0;7.0
2024-02-17;GM;4676;-7904.701357226476;4676;43.0;105.0;50.0;151.0;0.0
2024-02-17;IS;7829;-34427.89945556155;7829;180.0;258.0;194.0;869.0;16.0
2024-02-17;NI;2773;-5840.336023812067;2773;20.0;206.0;78.0;139.0;0.0
2024-02-17;PK;1698;-4844.568023641769;1698;91.0;107.0;22.0;85.0;0.0
2024-02-17;RS;8159;-41011.16008838788;8159;158.0;593.0;140.0;734.0;0.0
2024-02-17;TW;436;-637.70131651366;436;0.0;12.0;6.0;4.0;0.0
2024-02-17;UP;5944;-14854.783452851312;5944;35.0;206.0;80.0;591.0;0.0
2024-02-17;US;33181;-71470.17153981057;33181;234.0;2060.0;494.0;1967.0;3.0
2024-02-18;GM;3251;-7261.11555725225;3251;23.0;75.0;32.0;128.0;1.0
2024-02-18;IS;9402;-45404.131191771936;9402;187.0;340.0;353.0;1169.0;22.0
2024-02-18;NI;2795;-4225.871301963281;2795;23.0;184.0;82.0;170.0;0.0
2024-02-18;PK;1577;-4164.916964159341;1577;65.0;67.0;18.0;88.0;0.0
2024-02-18;RS;6016;-26180.448685822044;6016;84.0;335.0;108.0;625.0;0.0
2024-02-18;TW;394;-1068.2000106390096;394;0.0;13.0;4.0;10.0;0.0
2024-02-18;UP;4659;-11937.868835038407;4659;44.0;108.0;75.0;570.0;0.0
2024-02-18;US;23457;-48674.469183487854;23457;139.0;1324.0;400.0;1643.0;6.0
2024-02-19;GM;3849;-9124.253059904397;3849;66.0;106.0;62.0;173.0;0.0
2024-02-19;IS;12357;-57953.74988967156;12357;152.0;383.0;432.0;1367.0;34.0
2024-02-19;NI;3735;-8321.654256329713;3735;32.0;267.0;74.0;232.0;1.0
2024-02-19;PK;2291;-4298.276682387124;2291;42.0;65.0;21.0;118.0;0.0
2024-02-19;RS;9285;-40428.35634486613;9285;113.0;470.0;184.0;879.0;0.0
2024-02-19;TW;680;-1170.5778169132004;680;2.0;14.0;1.0;17.0;0.0
2024-02-19;UP;6686;-18222.849687218542;6686;67.0;149.0;158.0;769.0;0.0
2024-02-19;US;36506;-72194.87362477838;36506;251.0;2044.0;607.0;2557.0;7.0
2024-02-20;GM;2820;-6484.559362189704;2820;38.0;103.0;49.0;122.0;0.0
2024-02-20;IS;12411;-61454.20611890595;12411;134.0;363.0;337.0;1276.0;65.0
2024-02-20;NI;3561;-7462.524067651528;3561;48.0;209.0;57.0;187.0;1.0
2024-02-20;PK;2250;-5263.822110209992;2250;51.0;104.0;37.0;125.0;0.0
2024-02-20;RS;10433;-44818.086877062866;10433;92.0;788.0;177.0;937.0;5.0
2024-02-20;TW;1015;-2016.875901057748;1015;7.0;10.0;4.0;29.0;0.0
2024-02-20;UP;7498;-25334.605659266548;7498;117.0;288.0;154.0;883.0;8.0
2024-02-20;US;50279;-109381.46030777248;50279;305.0;3218.0;711.0;3069.0;9.0
2024-02-21;GM;2269;-4808.481508030817;2269;27.0;90.0;23.0;134.0;0.0
2024-02-21;IS;12407;-59687.33408778349;12407;155.0;315.0;361.0;1375.0;60.0
2024-02-21;NI;3672;-7287.3393207180925;3672;61.0;264.0;61.0;169.0;0.0
2024-02-21;PK;2288;-3032.6945671483227;2288;23.0;151.0;9.0;70.0;0.0
2024-02-21;RS;10212;-45156.7994529175;10212;88.0;728.0;150.0;847.0;4.0
2024-02-21;TW;761;-1249.72253588495;761;0.0;22.0;2.0;29.0;0.0
2024-02-21;UP;7406;-26415.32351723772;7406;88.0;291.0;108.0;775.0;0.0
2024-02-21;US;56044;-125356.14333575412;56044;354.0;3477.0;946.0;3323.0;20.0
2024-02-22;GM;2832;-5434.647957848198;2832;14.0;111.0;28.0;103.0;1.0
2024-02-22;IS;11469;-52603.56552953279;11469;169.0;351.0;349.0;1468.0;40.0
2024-02-22;NI;3992;-6345.1030988340735;3992;39.0;299.0;79.0;223.0;0.0
2024-02-22;PK;2052;-3025.6812473360624;2052;28.0;92.0;15.0;87.0;0.0
2024-02-22;RS;8776;-35135.26580324575;8776;64.0;490.0;175.0;816.0;6.0
2024-02-22;TW;1171;-416.5859299938952;1171;2.0;17.0;3.0;22.0;0.0
2024-02-22;UP;6923;-20700.63210786612;6923;76.0;213.0;116.0;667.0;2.0
2024-02-22;US;57231;-123808.16775888349;57231;327.0;3626.0;889.0;3244.0;13.0
2024-02-23;GM;2609;-4512.697581745531;2609;25.0;74.0;40.0;107.0;0.0
2024-02-23;IS;10770;-51856.485425599734;10770;125.0;342.0;344.0;1517.0;32.0
2024-02-23;NI;4045;-5921.343313395683;4045;33.0;240.0;87.0;240.0;0.0
2024-02-23;PK;2347;-3721.5838462325055;2347;47.0;130.0;20.0;82.0;0.0
2024-02-23;RS;9343;-35658.90714046685;9343;87.0;453.0;153.0;681.0;4.0
2024-02-23;TW;633;-263.2126425266201;633;1.0;16.0;9.0;21.0;0.0
2024-02-23;UP;8837;-23548.678207425728;8837;81.0;245.0;147.0;713.0;3.0
2024-02-23;US;55509;-122431.95698294904;55509;360.0;3548.0;842.0;2961.0;6.0
2024-02-24;GM;1789;-3837.142637564783;1789;22.0;55.0;19.0;69.0;2.0
2024-02-24;IS;7610;-36014.34189577744;7610;148.0;239.0;248.0;813.0;47.0
2024-02-24;NI;3200;-6017.132247359276;3200;16.0;159.0;67.0;131.0;0.0
2024-02-24;PK;1819;-3691.070790206031;1819;54.0;101.0;26.0;135.0;0.0
2024-02-24;RS;8016;-30331.331950589854;8016;114.0;338.0;168.0;857.0;2.0
2024-02-24;TW;348;-565.902812430844;348;0.0;8.0;0.0;8.0;0.0
2024-02-24;UP;9984;-25621.998707675677;9984;112.0;212.0;162.0;902.0;3.0
2024-02-24;US;33644;-68961.64515643711;33644;264.0;2057.0;522.0;1960.0;5.0
2024-02-25;GM;1221;-2625.170364331567;1221;60.0;19.0;4.0;28.0;0.0
2024-02-25;IS;8001;-36500.02788886777;8001;260.0;236.0;207.0;976.0;37.0
2024-02-25;NI;3018;-6005.713026154927;3018;39.0;164.0;65.0;123.0;3.0
2024-02-25;PK;1390;-2596.583780216635;1390;36.0;75.0;30.0;92.0;0.0
2024-02-25;RS;5448;-21668.48144355766;5448;66.0;220.0;128.0;558.0;4.0
2024-02-25;TW;366;-492.79985128486265;366;0.0;24.0;4.0;20.0;0.0
2024-02-25;UP;6525;-17745.132972087726;6525;99.0;138.0;98.0;619.0;0.0
2024-02-25;US;24998;-45048.81717919115;24998;203.0;1294.0;394.0;1804.0;8.0
2024-02-26;GM;2744;-6060.551382818569;2744;34.0;114.0;25.0;145.0;0.0
2024-02-26;IS;12260;-53747.04088346894;12260;583.0;308.0;374.0;1438.0;41.0
2024-02-26;NI;4558;-8750.194674020717;4558;73.0;236.0;70.0;189.0;0.0
2024-02-26;PK;2216;-2765.424662715239;2216;44.0;104.0;18.0;125.0;0.0
2024-02-26;RS;7372;-26572.45113821956;7372;41.0;440.0;154.0;738.0;7.0
2024-02-26;TW;767;-436.2761258336504;767;4.0;13.0;4.0;54.0;0.0
2024-02-26;UP;7981;-20433.127487481263;7981;82.0;217.0;144.0;695.0;1.0
2024-02-26;US;44916;-91851.48442944312;44916;653.0;2673.0;686.0;2978.0;8.0
2024-02-27;GM;3057;-6083.56112980643;3057;34.0;159.0;47.0;139.0;1.0
2024-02-27;IS;11796;-49892.79283895443;11796;387.0;285.0;358.0;1260.0;43.0
2024-02-27;NI;3844;-7276.143950804165;3844;183.0;248.0;49.0;131.0;0.0
2024-02-27;PK;2399;-6079.509219396933;2399;36.0;162.0;25.0;173.0;0.0
2024-02-27;RS;7902;-23557.432404303392;7902;51.0;518.0;103.0;611.0;8.0
2024-02-27;TW;619;-1500.8334637966732;619;4.0;17.0;4.0;72.0;0.0
2024-02-27;UP;8789;-17507.94954575302;8789;63.0;207.0;97.0;642.0;3.0
2024-02-27;US;56036;-120744.94637874888;56036;684.0;3232.0;869.0;3365.0;17.0
2024-02-28;GM;3381;-5927.60160494725;3381;40.0;125.0;28.0;204.0;0.0
2024-02-28;IS;11371;-44859.714291260774;11371;345.0;315.0;274.0;1220.0;42.0
2024-02-28;NI;3737;-4942.205503043285;3737;59.0;217.0;49.0;153.0;0.0
2024-02-28;PK;2527;-5842.714466176818;2527;61.0;132.0;28.0;168.0;1.0
2024-02-28;RS;8013;-21460.149136156575;8013;64.0;330.0;114.0;574.0;3.0
2024-02-28;TW;649;-867.4617977210552;649;3.0;13.0;5.0;40.0;0.0
2024-02-28;UP;8171;-15565.939372672528;8171;67.0;181.0;72.0;510.0;1.0
2024-02-28;US;59398;-121015.35889049392;59398;592.0;3565.0;899.0;3492.0;11.0
2024-02-29;GM;2482;-3847.15038551866;2482;26.0;87.0;23.0;138.0;0.0
2024-02-29;IS;11779;-52721.027701596264;11779;292.0;293.0;393.0;1438.0;48.0
2024-02-29;NI;3508;-2515.252592575392;3508;40.0;103.0;45.0;115.0;0.0
2024-02-29;PK;2350;-5208.288179027855;2350;53.0;109.0;38.0;126.0;0.0
2024-02-29;RS;6669;-21644.87537298989;6669;54.0;296.0;92.0;571.0;1.0
2024-02-29;TW;607;-193.96271994965733;607;1.0;11.0;0.0;19.0;0.0
2024-02-29;UP;6635;-15642.377946145503;6635;42.0;165.0;94.0;563.0;0.0
2024-02-29;US;57920;-115532.7267968264;57920;530.0;3377.0;730.0;3342.0;14.0
2024-03-01;GM;2445;-4647.039895029159;2445;16.0;77.0;33.0;120.0;0.0
2024-03-01;IS;11016;-48352.096966822726;11016;196.0;290.0;284.0;1267.0;48.0
2024-03-01;NI;3514;-4494.696127599267;3514;60.0;233.0;76.0;159.0;0.0
2024-03-01;PK;2215;-3182.1585803358253;2215;55.0;116.0;13.0;81.0;0.0
2024-03-01;RS;6459;-22339.89262962232;6459;71.0;293.0;91.0;473.0;6.0
2024-03-01;TW;641;-773.798975908232;641;0.0;9.0;3.0;23.0;0.0
2024-03-01;UP;5630;-13174.670134727894;5630;54.0;133.0;73.0;492.0;3.0
2024-03-01;US;57590;-122026.29183393484;57590;532.0;3438.0;900.0;3494.0;10.0
2024-03-02;GM;1760;-4229.250693691002;1760;11.0;61.0;7.0;81.0;2.0
2024-03-02;IS;8135;-34877.687537311904;8135;182.0;150.0;230.0;990.0;45.0
2024-03-02;NI;2359;-2289.437251347515;2359;49.0;130.0;32.0;85.0;0.0
2024-03-02;PK;2064;-3958.5266928686033;2064;44.0;140.0;27.0;101.0;1.0
2024-03-02;RS;4053;-12546.861890423928;4053;34.0;138.0;53.0;496.0;1.0
2024-03-02;TW;394;-222.60707592048476;394;1.0;5.0;1.0;15.0;0.0
2024-03-02;UP;3494;-9508.43452533777;3494;37.0;78.0;49.0;508.0;1.0
2024-03-02;US;32950;-67104.68002488955;32950;315.0;1874.0;493.0;2171.0;2.0
2024-03-03;GM;1599;-4801.915656086127;1599;15.0;62.0;13.0;102.0;0.0
2024-03-03;IS;9040;-39535.40209183011;9040;248.0;201.0;216.0;973.0;31.0
2024-03-03;NI;3149;-1929.1062304260663;3149;82.0;182.0;37.0;130.0;0.0
2024-03-03;PK;2278;-4147.068013769064;2278;58.0;125.0;15.0;78.0;2.0
2024-03-03;RS;3381;-12812.36223699963;3381;25.0;132.0;61.0;541.0;0.0
2024-03-03;TW;306;-185.60096948333592;306;0.0;7.0;0.0;8.0;0.0
2024-03-03;UP;3588;-11806.19199405139;3588;32.0;53.0;56.0;570.0;0.0
2024-03-03;US;24411;-48919.74181951085;24411;309.0;1257.0;309.0;1620.0;4.0
2024-03-04;GM;3316;-9817.352869277149;3316;31.0;62.0;10.0;148.0;0.0
2024-03-04;IS;11839;-52430.37578031206;11839;251.0;308.0;292.0;1371.0;44.0
2024-03-04;NI;3741;-4322.443177088232;3741;111.0;191.0;48.0;241.0;0.0
2024-03-04;PK;2806;-4072.592569165756;2806;87.0;166.0;38.0;107.0;0.0
2024-03-04;RS;6201;-21222.30082158387;6201;38.0;179.0;87.0;538.0;11.0
2024-03-04;TW;567;-143.2561254836617;567;0.0;10.0;0.0;20.0;0.0
2024-03-04;UP;4925;-16249.752046908432;4925;35.0;110.0;84.0;542.0;3.0
2024-03-04;US;44415;-88038.85228557084;44415;545.0;2481.0;627.0;2800.0;6.0
2024-03-05;GM;3400;-7857.745928975153;3400;22.0;93.0;35.0;132.0;0.0
2024-03-05;IS;12986;-61125.599816346235;12986;191.0;399.0;410.0;1463.0;60.0
2024-03-05;NI;3357;-4493.518477181736;3357;26.0;181.0;63.0;126.0;0.0
2024-03-05;PK;2556;-3929.6904795114665;2556;87.0;123.0;19.0;119.0;0.0
2024-03-05;RS;6504;-21939.107366484328;6504;35.0;418.0;93.0;551.0;3.0
2024-03-05;TW;825;944.4890194885808;825;4.0;7.0;10.0;15.0;0.0
2024-03-05;UP;5563;-17447.310683508695;5563;36.0;195.0;81.0;539.0;1.0
2024-03-05;US;54700;-107573.1023075699;54700;469.0;3283.0;745.0;3211.0;7.0
2024-03-06;GM;2601;-4740.751060986405;2601;19.0;76.0;19.0;94.0;0.0
2024-03-06;IS;11451;-47196.44514035092;11451;202.0;342.0;324.0;1188.0;54.0
2024-03-06;NI;3729;-5487.41316706294;3729;26.0;237.0;83.0;170.0;0.0
2024-03-06;PK;2549;-2454.724638516367;2549;41.0;108.0;32.0;125.0;0.0
2024-03-06;RS;6772;-22883.445206019947;6772;55.0;434.0;136.0;734.0;0.0
2024-03-06;TW;626;-42.890105212778515;626;5.0;8.0;5.0;13.0;0.0
2024-03-06;UP;6058;-18878.060434503994;6058;45.0;247.0;120.0;692.0;0.0
2024-03-06;US;61853;-104467.2301854352;61853;606.0;3569.0;825.0;3599.0;15.0
2024-03-07;GM;2307;-3088.665681803417;2307;29.0;72.0;24.0;130.0;0.0
2024-03-07;IS;12267;-50055.69384910231;12267;248.0;425.0;297.0;1305.0;68.0
2024-03-07;NI;4093;-7147.756829281972;4093;25.0;183.0;246.0;246.0;0.0
2024-03-07;PK;2555;-2884.556458047242;2555;38.0;141.0;16.0;111.0;0.0
2024-03-07;RS;6702;-19407.711712036875;6702;41.0;240.0;132.0;698.0;3.0
2024-03-07;TW;726;-560.8514762067961;726;6.0;19.0;4.0;19.0;0.0
2024-03-07;UP;5803;-15978.198040162804;5803;56.0;130.0;123.0;626.0;1.0
2024-03-07;US;57524;-114834.60267450774;57524;504.0;3449.0;816.0;3430.0;13.0
2024-03-08;GM;2258;-1909.6604012884184;2258;20.0;60.0;24.0;100.0;0.0
2024-03-08;IS;10385;-38606.534297578975;10385;240.0;274.0;320.0;961.0;57.0
2024-03-08;NI;4638;-7579.91394567939;4638;34.0;184.0;378.0;231.0;0.0
2024-03-08;PK;2524;-2406.188370528774;2524;34.0;116.0;56.0;121.0;0.0
2024-03-08;RS;6114;-17265.603618309502;6114;32.0;254.0;96.0;539.0;1.0
2024-03-08;TW;494;-522.2655132741907;494;2.0;14.0;3.0;11.0;0.0
2024-03-08;UP;5888;-11792.958676489312;5888;28.0;122.0;89.0;606.0;4.0
2024-03-08;US;53435;-110305.45752131307;53435;460.0;3424.0;769.0;3287.0;10.0
2024-03-09;GM;1050;-2122.3064020870615;1050;14.0;32.0;8.0;72.0;0.0
2024-03-09;IS;7577;-31417.073504796495;7577;176.0;219.0;194.0;844.0;31.0
2024-03-09;NI;3517;-8276.357196388844;3517;46.0;123.0;319.0;175.0;0.0
2024-03-09;PK;2341;-3868.836720002311;2341;38.0;121.0;43.0;141.0;0.0
2024-03-09;RS;4334;-14394.143298359935;4334;47.0;237.0;76.0;495.0;7.0
2024-03-09;TW;357;-7.77744886832848;357;2.0;6.0;0.0;16.0;0.0
2024-03-09;UP;4154;-9463.659881795767;4154;36.0;118.0;66.0;406.0;4.0
2024-03-09;US;32004;-64195.73774346916;32004;268.0;1982.0;456.0;2012.0;5.0
2024-03-10;GM;1314;-2710.210557110395;1314;28.0;28.0;13.0;102.0;0.0
2024-03-10;IS;7340;-31443.323761327934;7340;229.0;227.0;206.0;932.0;33.0
2024-03-10;NI;3239;-6498.729212820661;3239;25.0;123.0;235.0;163.0;0.0
2024-03-10;PK;2138;-2648.2527940958507;2138;59.0;112.0;34.0;139.0;0.0
2024-03-10;RS;3534;-11457.499253330396;3534;22.0;135.0;55.0;536.0;0.0
2024-03-10;TW;326;-103.8129626702042;326;6.0;8.0;1.0;1.0;0.0
2024-03-10;UP;3791;-10341.71295079583;3791;18.0;91.0;55.0;498.0;0.0
2024-03-10;US;23403;-43186.98019823938;23403;197.0;1264.0;313.0;1572.0;9.0
2024-03-11;GM;2737;-4380.63651700908;2737;31.0;117.0;47.0;150.0;0.0
2024-03-11;IS;9225;-36195.64505438373;9225;254.0;305.0;289.0;937.0;28.0
2024-03-11;NI;4505;-5374.700052486252;4505;32.0;185.0;225.0;172.0;4.0
2024-03-11;PK;2320;-4208.187491454233;2320;104.0;149.0;30.0;110.0;0.0
2024-03-11;RS;5737;-17005.280392914705;5737;42.0;248.0;97.0;599.0;8.0
2024-03-11;TW;425;-365.03630312957176;425;7.0;12.0;2.0;15.0;0.0
2024-03-11;UP;6183;-14546.11354340422;6183;39.0;122.0;101.0;589.0;5.0
2024-03-11;US;43516;-75880.21655461875;43516;452.0;2435.0;676.0;2715.0;5.0
2024-03-12;GM;2678;-4131.754725775755;2678;24.0;72.0;29.0;117.0;1.0
2024-03-12;IS;10676;-42376.69244734745;10676;196.0;310.0;349.0;1275.0;35.0
2024-03-12;NI;4499;-7576.403880801293;4499;41.0;220.0;218.0;184.0;4.0
2024-03-12;PK;2787;-6663.747418755309;2787;43.0;221.0;39.0;112.0;1.0
2024-03-12;RS;6968;-22222.780438611175;6968;54.0;368.0;124.0;958.0;2.0
2024-03-12;TW;618;54.76167294392545;618;5.0;9.0;2.0;8.0;0.0
2024-03-12;UP;5762;-14248.733529161527;5762;40.0;173.0;99.0;741.0;2.0
2024-03-12;US;55368;-114716.7877009714;55368;487.0;3551.0;1146.0;3387.0;10.0
2024-03-13;GM;2605;-3343.9886751148933;2605;26.0;63.0;17.0;102.0;1.0
2024-03-13;IS;10062;-36793.80322790767;10062;186.0;253.0;274.0;1391.0;41.0
2024-03-13;NI;4601;-9128.66549778924;4601;44.0;201.0;218.0;139.0;0.0
2024-03-13;PK;2266;-4185.994021846883;2266;14.0;148.0;20.0;70.0;0.0
2024-03-13;RS;6766;-24286.83068900516;6766;48.0;330.0;175.0;886.0;1.0
2024-03-13;TW;596;72.79078187130914;596;2.0;11.0;1.0;11.0;0.0
2024-03-13;UP;5613;-14050.207246286573;5613;37.0;134.0;93.0;651.0;0.0
2024-03-13;US;54813;-108629.36730387696;54813;445.0;3520.0;870.0;3154.0;10.0
2024-03-14;GM;2388;-3144.2582427957427;2388;24.0;74.0;28.0;155.0;0.0
2024-03-14;IS;11140;-41761.0243774511;11140;249.0;304.0;321.0;1291.0;32.0
2024-03-14;NI;3833;-8681.370218231456;3833;39.0;184.0;232.0;123.0;0.0
2024-03-14;PK;2522;-3358.6167188457275;2522;35.0;123.0;26.0;75.0;1.0
2024-03-14;RS;6644;-22366.65974944305;6644;72.0;334.0;113.0;820.0;1.0
2024-03-14;TW;635;-217.0801157087356;635;9.0;23.0;4.0;18.0;0.0
2024-03-14;UP;5008;-12869.877114611483;5008;31.0;150.0;84.0;596.0;2.0
2024-03-14;US;56027;-114751.057629412;56027;461.0;3580.0;870.0;2913.0;12.0
2024-03-15;GM;2956;-3047.9250303049016;2956;18.0;32.0;24.0;84.0;2.0
2024-03-15;IS;10880;-38941.81733141235;10880;189.0;237.0;224.0;949.0;52.0
2024-03-15;NI;3992;-5779.781206790629;3992;28.0;147.0;194.0;113.0;0.0
2024-03-15;PK;2084;-2450.666458888493;2084;63.0;71.0;11.0;62.0;3.0
2024-03-15;RS;6318;-22068.762011201263;6318;67.0;287.0;111.0;866.0;1.0
2024-03-15;TW;465;-164.72375945894126;465;4.0;11.0;0.0;18.0;0.0
2024-03-15;UP;5696;-17279.503353988955;5696;40.0;152.0;98.0;721.0;1.0
2024-03-15;US;54088;-121858.9799183832;54088;413.0;3612.0;923.0;2979.0;17.0
2024-03-16;GM;1441;-1857.9526928871976;1441;11.0;51.0;15.0;68.0;0.0
2024-03-16;IS;7005;-27269.89004308708;7005;150.0;240.0;144.0;750.0;31.0
2024-03-16;NI;2827;-5066.467734814236;2827;23.0;161.0;137.0;132.0;0.0
2024-03-16;PK;2584;-7593.416927988133;2584;33.0;103.0;27.0;387.0;0.0
2024-03-16;RS;4147;-16358.912281874196;4147;34.0;234.0;113.0;682.0;2.0
2024-03-16;TW;421;-474.8545025326813;421;3.0;21.0;2.0;32.0;0.0
2024-03-16;UP;3635;-12871.190844982752;3635;23.0;90.0;100.0;618.0;1.0
2024-03-16;US;31098;-76242.94085918307;31098;233.0;2096.0;460.0;1980.0;12.0
2024-03-17;GM;1726;-5701.147736465036;1726;57.0;76.0;39.0;49.0;0.0
2024-03-17;IS;7658;-32230.43638200612;7658;138.0;209.0;247.0;953.0;13.0
2024-03-17;NI;3396;-9198.011839005469;3396;13.0;138.0;172.0;292.0;3.0
2024-03-17;PK;1900;-5569.1408386280755;1900;29.0;68.0;43.0;176.0;0.0
2024-03-17;RS;5008;-21118.119035821728;5008;185.0;287.0;123.0;743.0;0.0
2024-03-17;TW;354;-223.9820443677654;354;6.0;2.0;6.0;24.0;0.0
2024-03-17;UP;3397;-13575.651679073708;3397;68.0;99.0;84.0;574.0;0.0
2024-03-17;US;23389;-51970.558531571354;23389;207.0;1531.0;348.0;1722.0;3.0
2024-03-18;GM;2449;-4974.4205359568405;2449;78.0;95.0;40.0;89.0;0.0
2024-03-18;IS;10982;-48758.37427549275;10982;136.0;377.0;327.0;1319.0;39.0
2024-03-18;NI;4601;-13995.078278130744;4601;43.0;183.0;246.0;337.0;2.0
2024-03-18;PK;2693;-11475.450252678038;2693;28.0;83.0;42.0;527.0;0.0
2024-03-18;RS;6512;-18774.81467279039;6512;192.0;282.0;101.0;622.0;1.0
2024-03-18;TW;551;-368.8270492432607;551;2.0;10.0;1.0;15.0;0.0
2024-03-18;UP;4681;-11874.978584718032;4681;82.0;110.0;78.0;548.0;1.0
2024-03-18;US;43469;-90889.85676126604;43469;324.0;2771.0;664.0;2633.0;4.0
2024-03-19;GM;2520;-3507.1338856817297;2520;27.0;114.0;28.0;106.0;0.0
2024-03-19;IS;11749;-51228.58922137198;11749;155.0;365.0;358.0;1462.0;30.0
2024-03-19;NI;4956;-13959.68849460312;4956;36.0;158.0;254.0;346.0;4.0
2024-03-19;PK;2938;-10082.456449266092;2938;29.0;185.0;57.0;345.0;0.0
2024-03-19;RS;6458;-16258.51478508628;6458;66.0;220.0;103.0;638.0;2.0
2024-03-19;TW;549;-654.290110749844;549;5.0;16.0;1.0;9.0;0.0
2024-03-19;UP;5492;-13010.450678017272;5492;27.0;111.0;78.0;593.0;0.0
2024-03-19;US;55254;-122962.7818158015;55254;397.0;3529.0;1111.0;3307.0;5.0
2024-03-20;GM;2169;-2657.8135225632245;2169;25.0;83.0;16.0;100.0;0.0
2024-03-20;IS;11496;-46474.001036144255;11496;183.0;408.0;328.0;1353.0;36.0
2024-03-20;NI;4344;-9087.231950698091;4344;29.0;203.0;137.0;273.0;0.0
2024-03-20;PK;3060;-9557.871321330633;3060;17.0;147.0;57.0;439.0;0.0
2024-03-20;RS;5824;-14942.971937816652;5824;67.0;276.0;113.0;643.0;5.0
2024-03-20;TW;586;-687.1994985124463;586;6.0;6.0;0.0;13.0;0.0
2024-03-20;UP;5585;-10503.648156064668;5585;71.0;141.0;105.0;592.0;4.0
2024-03-20;US;58529;-121613.60456406928;58529;477.0;3652.0;1086.0;3368.0;13.0
2024-03-21;GM;2304;-2510.3248941719544;2304;18.0;53.0;14.0;130.0;0.0
2024-03-21;IS;12337;-49277.173683729794;12337;158.0;343.0;302.0;1529.0;53.0
2024-03-21;NI;4493;-7723.750576775851;4493;31.0;259.0;160.0;250.0;0.0
2024-03-21;PK;2884;-10291.729463429048;2884;23.0;81.0;60.0;411.0;4.0
2024-03-21;RS;5929;-16737.43505539975;5929;43.0;279.0;105.0;718.0;1.0
2024-03-21;TW;648;-952.1684336578824;648;9.0;10.0;4.0;15.0;0.0
2024-03-21;UP;5590;-11885.353034216629;5590;51.0;142.0;90.0;663.0;3.0
2024-03-21;US;57293;-126125.10465827143;57293;476.0;3501.0;1078.0;3701.0;6.0
2024-03-22;GM;1913;-1909.4363959898672;1913;19.0;79.0;20.0;74.0;0.0
2024-03-22;IS;12982;-57943.0385161192;12982;92.0;349.0;449.0;1278.0;28.0
2024-03-22;NI;4339;-8039.4734211817695;4339;42.0;272.0;166.0;211.0;0.0
2024-03-22;PK;2601;-5703.828238205551;2601;30.0;100.0;23.0;267.0;0.0
2024-03-22;RS;7566;-33160.87016569358;7566;39.0;235.0;170.0;1043.0;5.0
2024-03-22;TW;657;-537.1029909873205;657;2.0;23.0;1.0;10.0;0.0
2024-03-22;UP;5232;-18006.82560146242;5232;39.0;116.0;113.0;897.0;1.0
2024-03-22;US;52285;-112585.53736678122;52285;305.0;3357.0;933.0;3214.0;6.0
2024-03-23;GM;1227;-3379.795357866365;1227;28.0;48.0;10.0;73.0;0.0
2024-03-23;IS;6747;-32296.552700863827;6747;87.0;219.0;223.0;782.0;36.0
2024-03-23;NI;3382;-5785.133232369988;3382;13.0;163.0;109.0;266.0;0.0
2024-03-23;PK;2554;-1498.1474811539874;2554;33.0;103.0;35.0;149.0;6.0
2024-03-23;RS;8204;-59290.38005755097;8204;20.0;338.0;286.0;1256.0;11.0
2024-03-23;TW;429;-468.8316494620122;429;5.0;20.0;1.0;23.0;0.0
2024-03-23;UP;3609;-20464.377008590534;3609;14.0;155.0;75.0;635.0;0.0
2024-03-23;US;29531;-69623.18894863215;29531;182.0;1793.0;557.0;2090.0;13.0
2024-03-24;GM;926;-2452.6716770703183;926;10.0;35.0;6.0;61.0;0.0
2024-03-24;IS;7411;-36890.217838949655;7411;136.0;197.0;245.0;1232.0;36.0
2024-03-24;NI;4047;-8252.650629676431;4047;33.0;169.0;354.0;237.0;0.0
2024-03-24;PK;1997;-976.799586099431;1997;35.0;57.0;21.0;110.0;5.0
2024-03-24;RS;6432;-40254.24156943754;6432;18.0;241.0;203.0;1230.0;14.0
2024-03-24;TW;326;-334.0162815399747;326;1.0;10.0;2.0;11.0;0.0
2024-03-24;UP;4172;-21950.01076491189;4172;19.0;138.0;90.0;916.0;3.0
2024-03-24;US;22305;-49444.996254894526;22305;163.0;1285.0;349.0;1660.0;5.0
2024-03-25;GM;1666;-2770.988493280734;1666;12.0;79.0;15.0;59.0;0.0
2024-03-25;IS;11536;-55966.30521741472;11536;205.0;305.0;287.0;1176.0;26.0
2024-03-25;NI;5520;-9948.03183764936;5520;51.0;177.0;345.0;257.0;2.0
2024-03-25;PK;2364;-4499.157904749159;2364;60.0;107.0;57.0;188.0;2.0
2024-03-25;RS;8205;-47842.05373031623;8205;24.0;402.0;261.0;1342.0;17.0
2024-03-25;TW;543;196.36826138670568;543;3.0;15.0;0.0;9.0;0.0
2024-03-25;UP;4702;-22596.231698495812;4702;18.0;177.0;104.0;903.0;6.0
2024-03-25;US;43739;-98305.92409993628;43739;336.0;2660.0;638.0;2576.0;5.0
2024-03-26;GM;1909;-1694.3746592127156;1909;31.0;65.0;15.0;60.0;0.0
2024-03-26;IS;12113;-56591.417347405826;12113;148.0;295.0;312.0;1178.0;42.0
2024-03-26;NI;4888;-6821.568231730086;4888;25.0;236.0;179.0;244.0;1.0
2024-03-26;PK;3629;-16546.669839055703;3629;40.0;88.0;160.0;784.0;0.0
2024-03-26;RS;7472;-37919.479823333066;7472;18.0;374.0;241.0;917.0;24.0
2024-03-26;TW;575;-386.2533551480115;575;4.0;11.0;6.0;13.0;0.0
2024-03-26;UP;4713;-18313.187467913;4713;10.0;172.0;115.0;601.0;8.0
2024-03-26;US;54474;-121296.84142593204;54474;447.0;3043.0;854.0;2935.0;11.0
2024-03-27;GM;1873;-2438.270229777847;1873;29.0;78.0;21.0;88.0;1.0
2024-03-27;IS;11218;-52081.816064253966;11218;189.0;293.0;438.0;1402.0;21.0
2024-03-27;NI;4656;-5937.881351240418;4656;23.0;246.0;149.0;313.0;0.0
2024-03-27;PK;4075;-12061.127447577204;4075;58.0;108.0;119.0;444.0;0.0
2024-03-27;RS;6211;-26732.885257347378;6211;37.0;332.0;159.0;761.0;10.0
2024-03-27;TW;582;-339.48714813410487;582;3.0;19.0;0.0;19.0;0.0
2024-03-27;UP;4365;-15232.226001068317;4365;17.0;180.0;108.0;623.0;8.0
2024-03-27;US;54797;-115579.29512770109;54797;437.0;3273.0;811.0;3221.0;5.0
2024-03-28;GM;1607;-2972.7642742393914;1607;32.0;58.0;12.0;78.0;0.0
2024-03-28;IS;9702;-40560.812263455075;9702;178.0;314.0;302.0;1077.0;26.0
2024-03-28;NI;4825;-8269.794880370757;4825;37.0;269.0;205.0;322.0;0.0
2024-03-28;PK;3203;-5507.105120149887;3203;23.0;91.0;65.0;201.0;0.0
2024-03-28;RS;5943;-23953.406091854893;5943;30.0;330.0;127.0;687.0;9.0
2024-03-28;TW;734;-221.9346366537993;734;1.0;12.0;4.0;21.0;0.0
2024-03-28;UP;4582;-14344.483334259192;4582;20.0;135.0;77.0;638.0;5.0
2024-03-28;US;54813;-115680.91711233996;54813;476.0;3364.0;839.0;3023.0;11.0
2024-03-29;GM;1307;-2677.0244994660657;1307;33.0;68.0;18.0;79.0;5.0
2024-03-29;IS;9604;-39704.19058009112;9604;231.0;331.0;259.0;1323.0;30.0
2024-03-29;NI;4438;-2657.8477098312815;4438;34.0;211.0;110.0;241.0;3.0
2024-03-29;PK;2315;-4133.797061815671;2315;26.0;87.0;49.0;179.0;3.0
2024-03-29;RS;6519;-26113.912675912547;6519;41.0;450.0;122.0;742.0;2.0
2024-03-29;TW;664;-784.755614606216;664;8.0;19.0;5.0;16.0;0.0
2024-03-29;UP;4540;-13297.342893408331;4540;14.0;143.0;91.0;650.0;2.0
2024-03-29;US;49901;-104717.63798516506;49901;383.0;3119.0;729.0;2700.0;6.0
2024-03-30;GM;1028;-1866.603695937768;1028;18.0;55.0;21.0;46.0;0.0
2024-03-30;IS;6985;-29467.00722633864;6985;222.0;220.0;209.0;953.0;26.0
2024-03-30;NI;2736;-1371.036701209958;2736;18.0;160.0;69.0;106.0;4.0
2024-03-30;PK;2258;-4816.56767789456;2258;21.0;113.0;65.0;191.0;0.0
2024-03-30;RS;3584;-15157.960749413423;3584;23.0;213.0;70.0;541.0;1.0
2024-03-30;TW;305;-217.97861915774425;305;2.0;11.0;1.0;17.0;0.0
2024-03-30;UP;2748;-10085.455625904397;2748;18.0;52.0;43.0;513.0;2.0
2024-03-30;US;28567;-54727.8657221461;28567;226.0;1671.0;423.0;1676.0;1.0
2024-03-31;GM;791;-1806.674931446802;791;12.0;56.0;17.0;34.0;2.0
2024-03-31;IS;9257;-44613.764044332835;9257;331.0;303.0;247.0;1187.0;32.0
2024-03-31;NI;2745;-2535.4115947623454;2745;12.0;151.0;59.0;99.0;0.0
2024-03-31;PK;1886;-2998.4062083876765;1886;30.0;76.0;41.0;87.0;11.0
2024-03-31;RS;3057;-12543.521809748136;3057;16.0;156.0;82.0;538.0;4.0
2024-03-31;TW;343;-355.9454795630414;343;2.0;9.0;1.0;7.0;0.0
2024-03-31;UP;2861;-11065.315620313717;2861;7.0;51.0;72.0;624.0;2.0
2024-03-31;US;20093;-40625.97447057216;20093;186.0;1106.0;287.0;1426.0;3.0
2024-04-01;GM;1260;-2648.177428690336;1260;23.0;64.0;11.0;62.0;0.0
2024-04-01;IS;13011;-67580.55183308765;13011;340.0;449.0;417.0;2230.0;30.0
2024-04-01;NI;3239;-5081.968707817698;3239;30.0;152.0;73.0;216.0;0.0
2024-04-01;PK;2631;-7963.368053551037;2631;28.0;158.0;59.0;287.0;0.0
2024-04-01;RS;4745;-20659.78882038082;4745;29.0;343.0;159.0;599.0;7.0
2024-04-01;TW;703;105.5953769789995;703;3.0;12.0;0.0;9.0;0.0
2024-04-01;UP;3551;-11495.43974351225;3551;12.0;86.0;113.0;492.0;2.0
2024-04-01;US;41014;-86514.8843022969;41014;279.0;2343.0;631.0;2770.0;7.0
2024-04-02;GM;1600;-2070.920881671509;1600;18.0;44.0;16.0;70.0;0.0
2024-04-02;IS;17116;-76890.20404350516;17116;330.0;442.0;412.0;2901.0;52.0
2024-04-02;NI;3568;-5195.452994946488;3568;30.0;173.0;87.0;215.0;0.0
2024-04-02;PK;2451;-5829.5152131024615;2451;33.0;120.0;53.0;150.0;2.0
2024-04-02;RS;5524;-21069.59304955784;5524;25.0;305.0;161.0;691.0;6.0
2024-04-02;TW;665;-560.3351288411304;665;4.0;15.0;4.0;15.0;0.0
2024-04-02;UP;4159;-11894.442089112144;4159;17.0;152.0;118.0;527.0;3.0
2024-04-02;US;52614;-115307.55076153373;52614;434.0;3006.0;814.0;3621.0;4.0
2024-04-03;GM;1796;-2484.548950860979;1796;17.0;97.0;22.0;56.0;0.0
2024-04-03;IS;15334;-62645.56769728001;15334;323.0;358.0;355.0;2283.0;41.0
2024-04-03;NI;3801;-6231.457239316784;3801;22.0;277.0;66.0;170.0;0.0
2024-04-03;PK;2337;-3104.0936009788975;2337;34.0;94.0;55.0;106.0;0.0
2024-04-03;RS;5301;-18565.282073074864;5301;30.0;194.0;133.0;554.0;5.0
2024-04-03;TW;1189;-2561.6269839954493;1189;1.0;32.0;14.0;43.0;0.0
2024-04-03;UP;5545;-11579.722969424754;5545;18.0;119.0;116.0;646.0;2.0
2024-04-03;US;53468;-113223.87965759308;53468;408.0;3102.0;876.0;3324.0;16.0
2024-04-04;GM;2125;-3128.8737402191364;2125;23.0;77.0;18.0;82.0;0.0
2024-04-04;IS;15083;-59464.579496613216;15083;340.0;310.0;362.0;2004.0;40.0
2024-04-04;NI;3842;-5819.218060809957;3842;24.0;301.0;51.0;121.0;0.0
2024-04-04;PK;3087;-10178.563007061335;3087;37.0;256.0;86.0;307.0;0.0
2024-04-04;RS;5687;-17980.740621227746;5687;30.0;203.0;95.0;600.0;8.0
2024-04-04;TW;1043;-1834.554443936842;1043;3.0;18.0;10.0;47.0;0.0
2024-04-04;UP;5214;-12163.066611556069;5214;24.0;108.0;78.0;521.0;3.0
2024-04-04;US;52722;-105107.02690757468;52722;337.0;2924.0;795.0;2979.0;16.0
2024-04-05;GM;1954;-3587.892757286415;1954;15.0;86.0;44.0;88.0;1.0
2024-04-05;IS;13574;-53843.6928089345;13574;248.0;356.0;318.0;1668.0;46.0
2024-04-05;NI;3858;-5119.56680817271;3858;40.0;207.0;61.0;146.0;2.0
2024-04-05;PK;2806;-6535.720511061458;2806;25.0;95.0;59.0;202.0;2.0
2024-04-05;RS;5005;-18653.216517637265;5005;24.0;233.0;129.0;767.0;3.0
2024-04-05;TW;763;-985.3788926668813;763;5.0;5.0;3.0;24.0;0.0
2024-04-05;UP;4220;-12106.224003597275;4220;8.0;110.0;94.0;692.0;1.0
2024-04-05;US;50005;-100319.57207454176;50005;275.0;2749.0;831.0;2809.0;4.0
2024-04-06;GM;867;-1876.6250468188343;867;11.0;32.0;20.0;51.0;1.0
2024-04-06;IS;9163;-44541.539970668426;9163;200.0;204.0;315.0;1337.0;30.0
2024-04-06;NI;2593;-3139.220684853759;2593;11.0;125.0;55.0;243.0;0.0
2024-04-06;PK;2633;-8123.724367944348;2633;43.0;84.0;73.0;234.0;1.0
2024-04-06;RS;3057;-11992.903721801224;3057;14.0;122.0;93.0;551.0;0.0
2024-04-06;TW;512;-420.39654650618354;512;1.0;2.0;1.0;11.0;0.0
2024-04-06;UP;2404;-8687.587940782782;2404;3.0;53.0;68.0;464.0;0.0
2024-04-06;US;28181;-61140.62401234121;28181;168.0;1627.0;485.0;1875.0;2.0
2024-04-07;GM;995;-2075.1687832469897;995;11.0;45.0;7.0;55.0;1.0
2024-04-07;IS;11010;-54452.678484574215;11010;242.0;265.0;362.0;1659.0;27.0
2024-04-07;NI;3218;-3221.1853307964993;3218;19.0;222.0;63.0;196.0;0.0
2024-04-07;PK;2233;-8864.75982078582;2233;16.0;101.0;50.0;336.0;0.0
2024-04-07;RS;3358;-13674.230296324038;3358;16.0;94.0;77.0;510.0;1.0
2024-04-07;TW;583;-387.7854131166411;583;2.0;10.0;3.0;5.0;0.0
2024-04-07;UP;2925;-11101.611237452516;2925;10.0;56.0;63.0;539.0;0.0
2024-04-07;US;22686;-48452.63170489315;22686;229.0;1327.0;358.0;1565.0;3.0
2024-04-08;GM;2106;-5230.962570444907;2106;24.0;66.0;23.0;104.0;2.0
2024-04-08;IS;13559;-61602.91835592891;13559;192.0;334.0;454.0;1576.0;29.0
2024-04-08;NI;4256;-6167.318960806709;4256;20.0;291.0;96.0;188.0;0.0
2024-04-08;PK;2280;-3531.399447097147;2280;22.0;109.0;45.0;192.0;0.0
2024-04-08;RS;4893;-20665.92816669206;4893;47.0;159.0;106.0;542.0;3.0
2024-04-08;TW;703;18.87642647180204;703;0.0;2.0;3.0;21.0;0.0
2024-04-08;UP;4230;-15461.067722412536;4230;25.0;65.0;82.0;520.0;6.0
2024-04-08;US;41474;-72361.73676860917;41474;286.0;2159.0;639.0;2369.0;8.0
2024-04-09;GM;2180;-3699.3424517629273;2180;18.0;43.0;4.0;84.0;0.0
2024-04-09;IS;12537;-53346.45425346388;12537;222.0;372.0;375.0;1338.0;48.0
2024-04-09;NI;3763;-4193.480900985791;3763;26.0;210.0;77.0;265.0;1.0
2024-04-09;PK;2493;-3070.264371337207;2493;30.0;90.0;49.0;132.0;0.0
2024-04-09;RS;5457;-18021.30412875033;5457;42.0;226.0;106.0;513.0;1.0
2024-04-09;TW;635;67.93459187096542;635;1.0;12.0;3.0;20.0;0.0
2024-04-09;UP;4609;-12477.4218890185;4609;22.0;106.0;82.0;428.0;0.0
2024-04-09;US;52955;-115001.73109105157;52955;315.0;3266.0;794.0;3204.0;12.0
2024-04-10;GM;2038;-3981.6564715424774;2038;19.0;97.0;36.0;98.0;0.0
2024-04-10;IS;12079;-49903.828537700385;12079;183.0;324.0;310.0;1504.0;25.0
2024-04-10;NI;4184;307.87677121218877;4184;22.0;196.0;53.0;197.0;3.0
2024-04-10;PK;1632;-1104.0894104334384;1632;36.0;58.0;22.0;82.0;0.0
2024-04-10;RS;5624;-17921.81903615591;5624;12.0;262.0;111.0;572.0;3.0
2024-04-10;TW;1210;-1066.2920232923525;1210;12.0;26.0;1.0;13.0;0.0
2024-04-10;UP;4877;-11075.44255650046;4877;11.0;121.0;82.0;495.0;0.0
2024-04-10;US;55165;-119024.0711356042;55165;300.0;3602.0;1066.0;3358.0;5.0
2024-04-11;GM;2031;-4028.775498461586;2031;15.0;68.0;19.0;74.0;0.0
2024-04-11;IS;12012;-53115.61887341806;12012;174.0;266.0;313.0;1482.0;48.0
2024-04-11;NI;3706;-2684.2072344061708;3706;35.0;180.0;61.0;231.0;6.0
2024-04-11;PK;1401;-4510.100016419953;1401;13.0;48.0;67.0;141.0;0.0
2024-04-11;RS;5785;-22736.301754367792;5785;37.0;207.0;103.0;748.0;2.0
2024-04-11;TW;1018;-754.2328059922312;1018;10.0;24.0;0.0;7.0;0.0
2024-04-11;UP;5596;-14031.811704978469;5596;26.0;137.0;83.0;700.0;1.0
2024-04-11;US;54290;-110434.93749079718;54290;378.0;3339.0;890.0;3050.0;6.0
2024-04-12;GM;2424;-6130.288554665828;2424;10.0;127.0;31.0;132.0;3.0
2024-04-12;IS;12979;-58932.23771415837;12979;181.0;370.0;300.0;1924.0;47.0
2024-04-12;NI;3846;-6184.021827640604;3846;8.0;226.0;119.0;211.0;0.0
2024-04-12;PK;1072;-3394.5311045513363;1072;14.0;42.0;31.0;124.0;0.0
2024-04-12;RS;5586;-18352.338370879752;5586;30.0;183.0;77.0;554.0;0.0
2024-04-12;TW;843;-627.614518984533;843;10.0;7.0;2.0;18.0;0.0
2024-04-12;UP;4937;-10150.301364314695;4937;17.0;64.0;74.0;579.0;5.0
2024-04-12;US;51442;-110570.62625279064;51442;320.0;3128.0;798.0;3035.0;4.0
2024-04-13;GM;1558;-3588.848699081936;1558;26.0;103.0;10.0;71.0;0.0
2024-04-13;IS;12711;-64385.70468749286;12711;221.0;368.0;315.0;2422.0;39.0
2024-04-13;NI;2805;-5313.028580037213;2805;20.0;163.0;110.0;185.0;0.0
2024-04-13;PK;2388;-10448.520845011437;2388;48.0;104.0;109.0;371.0;0.0
2024-04-13;RS;3403;-11751.456878780522;3403;17.0;148.0;105.0;317.0;2.0
2024-04-13;TW;459;-329.40291480181935;459;1.0;7.0;1.0;17.0;0.0
2024-04-13;UP;2932;-7146.172336108247;2932;7.0;74.0;81.0;326.0;2.0
2024-04-13;US;30954;-77520.5900758977;30954;215.0;1863.0;496.0;2101.0;8.0
2024-04-14;GM;1605;-6265.160724314249;1605;7.0;48.0;11.0;90.0;0.0
2024-04-14;IS;23292;-125857.36775336516;23292;209.0;357.0;510.0;4737.0;31.0
2024-04-14;NI;3493;-6799.9578885364745;3493;18.0;182.0;196.0;165.0;0.0
2024-04-14;PK;1825;-7891.202232795779;1825;10.0;121.0;107.0;291.0;1.0
2024-04-14;RS;2833;-11170.365045607565;2833;15.0;87.0;66.0;389.0;1.0
2024-04-14;TW;278;-214.54678206830351;278;0.0;10.0;1.0;18.0;0.0
2024-04-14;UP;2299;-7455.776690787504;2299;7.0;53.0;59.0;348.0;1.0
2024-04-14;US;25315;-69097.98380505353;25315;146.0;1185.0;354.0;1997.0;2.0
2024-04-15;GM;2404;-6946.231012818131;2404;10.0;84.0;24.0;85.0;0.0
2024-04-15;IS;19787;-99597.2828367614;19787;395.0;466.0;477.0;3373.0;34.0
2024-04-15;NI;4155;-9718.763180996888;4155;23.0;314.0;134.0;235.0;0.0
2024-04-15;PK;2710;-7924.165633568079;2710;27.0;121.0;87.0;320.0;0.0
2024-04-15;RS;3908;-13851.541806204186;3908;23.0;115.0;67.0;479.0;8.0
2024-04-15;TW;489;33.66036437371871;489;3.0;8.0;0.0;21.0;0.0
2024-04-15;UP;3759;-8268.486273697232;3759;9.0;54.0;56.0;476.0;1.0
2024-04-15;US;44948;-116678.50918260134;44948;586.0;2806.0;653.0;3157.0;9.0
2024-04-16;GM;2643;-5534.907316837107;2643;20.0;63.0;15.0;87.0;1.0
2024-04-16;IS;16210;-78901.9876593214;16210;492.0;492.0;477.0;2504.0;28.0
2024-04-16;NI;4081;-7845.440347503437;4081;27.0;272.0;107.0;205.0;2.0
2024-04-16;PK;2526;-3348.559332426745;2526;35.0;116.0;27.0;168.0;0.0
2024-04-16;RS;4487;-14978.816091713768;4487;34.0;141.0;95.0;426.0;10.0
2024-04-16;TW;743;-352.9523793381581;743;2.0;15.0;1.0;19.0;0.0
2024-04-16;UP;4591;-9719.835077653122;4591;31.0;88.0;101.0;408.0;3.0
2024-04-16;US;52480;-132253.22206023755;52480;716.0;3316.0;834.0;3251.0;16.0
2024-04-17;GM;2972;-6911.4485918732635;2972;6.0;76.0;36.0;159.0;4.0
2024-04-17;IS;16014;-72565.67585683575;16014;379.0;526.0;404.0;2303.0;56.0
2024-04-17;NI;4362;-8954.765428894183;4362;28.0;270.0;84.0;162.0;0.0
2024-04-17;PK;2475;-2960.066076146356;2475;15.0;109.0;31.0;117.0;0.0
2024-04-17;RS;5233;-16538.22488815861;5233;36.0;190.0;99.0;627.0;3.0
2024-04-17;TW;929;-468.171373180571;929;5.0;7.0;5.0;16.0;0.0
2024-04-17;UP;5373;-13341.440155248349;5373;9.0;106.0;81.0;660.0;1.0
2024-04-17;US;54087;-123210.7696437408;54087;556.0;3509.0;872.0;2924.0;14.0
2024-04-18;GM;2258;-4958.3794967661415;2258;25.0;123.0;19.0;88.0;0.0
2024-04-18;IS;14292;-59458.95257967287;14292;447.0;587.0;338.0;1785.0;43.0
2024-04-18;NI;4517;-9642.235424665503;4517;18.0;361.0;77.0;109.0;0.0
2024-04-18;PK;2331;-3917.695100662602;2331;13.0;149.0;47.0;158.0;0.0
2024-04-18;RS;5338;-17091.390678462776;5338;33.0;272.0;108.0;591.0;3.0
2024-04-18;TW;548;113.31672018613212;548;3.0;8.0;1.0;16.0;0.0
2024-04-18;UP;6039;-13941.349152789897;6039;10.0;163.0;77.0;547.0;3.0
2024-04-18;US;54623;-114954.12417721924;54623;626.0;3400.0;805.0;3123.0;19.0
2024-04-19;GM;2273;-5190.747250319396;2273;10.0;88.0;21.0;99.0;1.0
2024-04-19;IS;16039;-77934.57468015018;16039;449.0;551.0;405.0;2457.0;23.0
2024-04-19;NI;4015;-8066.173539871565;4015;24.0;299.0;88.0;229.0;3.0
2024-04-19;PK;2642;-6725.591366923846;2642;28.0;81.0;57.0;296.0;0.0
2024-04-19;RS;5180;-16984.37396836604;5180;27.0;291.0;117.0;775.0;0.0
2024-04-19;TW;635;-279.30727069791067;635;2.0;4.0;0.0;20.0;0.0
2024-04-19;UP;5230;-12506.415388437255;5230;12.0;161.0;125.0;742.0;2.0
2024-04-19;US;49364;-107269.45237288364;49364;686.0;3087.0;808.0;2931.0;17.0
2024-04-20;GM;1138;-2132.9257037507846;1138;13.0;26.0;8.0;41.0;0.0
2024-04-20;IS;9757;-45011.609779190505;9757;279.0;319.0;216.0;1720.0;28.0
2024-04-20;NI;2704;-4163.080755344384;2704;13.0;241.0;37.0;166.0;0.0
2024-04-20;PK;2223;-4292.906172033158;2223;22.0;64.0;59.0;143.0;0.0
2024-04-20;RS;3903;-12441.766850966613;3903;11.0;196.0;81.0;721.0;1.0
2024-04-20;TW;754;-349.09471831910116;754;4.0;19.0;1.0;13.0;0.0
2024-04-20;UP;4723;-10775.064183926484;4723;17.0;141.0;75.0;773.0;0.0
2024-04-20;US;31903;-70882.03335889221;31903;521.0;1979.0;469.0;1985.0;12.0
2024-04-21;GM;845;-1775.837340338789;845;8.0;34.0;2.0;62.0;0.0
2024-04-21;IS;10186;-49589.42624364091;10186;228.0;367.0;309.0;1783.0;19.0
2024-04-21;NI;3188;-3048.00733692336;3188;15.0;133.0;49.0;163.0;0.0
2024-04-21;PK;2529;-6941.573375674888;2529;15.0;140.0;83.0;232.0;0.0
2024-04-21;RS;3313;-8663.179219903279;3313;13.0;136.0;54.0;423.0;1.0
2024-04-21;TW;691;-423.6324056195324;691;1.0;9.0;1.0;16.0;0.0
2024-04-21;UP;4293;-7017.896449924546;4293;31.0;78.0;43.0;418.0;0.0
2024-04-21;US;23800;-47387.90309874058;23800;296.0;1270.0;299.0;1606.0;6.0
2024-04-22;GM;2349;-3022.1304796441295;2349;20.0;126.0;11.0;73.0;2.0
2024-04-22;IS;12820;-60307.10760716382;12820;508.0;633.0;389.0;1751.0;33.0
2024-04-22;NI;4283;-9649.040950964129;4283;30.0;269.0;100.0;269.0;0.0
2024-04-22;PK;3700;-4981.586714553608;3700;11.0;97.0;41.0;246.0;0.0
2024-04-22;RS;4684;-12091.811429639858;4684;23.0;221.0;53.0;531.0;3.0
2024-04-22;TW;792;-1082.8493279182044;792;2.0;20.0;5.0;11.0;0.0
2024-04-22;UP;5519;-9491.999205880502;5519;41.0;138.0;64.0;529.0;4.0
2024-04-22;US;44664;-103025.24347074392;44664;710.0;2865.0;682.0;2639.0;14.0
2024-04-23;GM;2732;-6965.67979858968;2732;15.0;275.0;27.0;100.0;3.0
2024-04-23;IS;12318;-57431.09163486885;12318;697.0;708.0;315.0;1433.0;42.0
2024-04-23;NI;4109;-8969.283880927465;4109;25.0;289.0;93.0;197.0;0.0
2024-04-23;PK;3303;-2572.519226153782;3303;8.0;100.0;33.0;146.0;1.0
2024-04-23;RS;5431;-15740.858210950852;5431;23.0;298.0;79.0;564.0;0.0
2024-04-23;TW;629;-386.8334332813063;629;3.0;19.0;1.0;11.0;0.0
2024-04-23;UP;5615;-8730.516123777892;5615;16.0;134.0;71.0;547.0;3.0
2024-04-23;US;53172;-126984.30451385134;53172;1021.0;4045.0;847.0;3221.0;13.0
2024-04-24;GM;2953;-5958.0260924359345;2953;30.0;159.0;20.0;102.0;5.0
2024-04-24;IS;14565;-64823.635094871686;14565;787.0;748.0;438.0;1535.0;53.0
2024-04-24;NI;3530;-4320.774350797933;3530;17.0;200.0;41.0;129.0;0.0
2024-04-24;PK;3096;-3835.5472376223106;3096;21.0;80.0;35.0;157.0;1.0
2024-04-24;RS;5491;-15698.326846677088;5491;28.0;326.0;70.0;461.0;2.0
2024-04-24;TW;1370;-927.5128049735324;1370;12.0;29.0;1.0;11.0;0.0
2024-04-24;UP;5914;-9528.423312902634;5914;21.0;171.0;62.0;453.0;1.0
2024-04-24;US;57287;-131268.25195875592;57287;1151.0;4163.0;909.0;3131.0;10.0
2024-04-25;GM;2247;-3516.429777394965;2247;17.0;113.0;20.0;103.0;0.0
2024-04-25;IS;14649;-68433.14221400417;14649;845.0;921.0;467.0;1504.0;56.0
2024-04-25;NI;3596;-3046.3567881427825;3596;24.0;198.0;59.0;184.0;0.0
2024-04-25;PK;2814;-4890.713470556142;2814;19.0;120.0;30.0;194.0;1.0
2024-04-25;RS;4896;-13522.948676271622;4896;31.0;250.0;81.0;413.0;5.0
2024-04-25;TW;842;-737.6297299295328;842;9.0;22.0;0.0;21.0;0.0
2024-04-25;UP;4924;-9491.704845459157;4924;20.0;106.0;77.0;493.0;0.0
2024-04-25;US;61602;-173596.34996321457;61602;1492.0;5270.0;1203.0;3324.0;19.0
2024-04-26;GM;2514;-3152.8093791455217;2514;25.0;143.0;18.0;81.0;5.0
2024-04-26;IS;13721;-63172.976686802125;13721;905.0;801.0;397.0;1298.0;28.0
2024-04-26;NI;3711;-2373.579299325993;3711;32.0;215.0;35.0;163.0;0.0
2024-04-26;PK;2577;-3627.785900322413;2577;28.0;110.0;10.0;137.0;0.0
2024-04-26;RS;5127;-16064.203910165634;5127;21.0;248.0;104.0;465.0;2.0
2024-04-26;TW;809;-990.8975807929028;809;4.0;22.0;11.0;10.0;0.0
2024-04-26;UP;4964;-13123.251824783214;4964;25.0;128.0;91.0;560.0;3.0
2024-04-26;US;55120;-137595.33453629445;55120;1440.0;4452.0;1054.0;2613.0;3.0
2024-04-27;GM;1291;-2038.1491052626975;1291;28.0;57.0;14.0;66.0;0.0
2024-04-27;IS;9569;-42800.98704697953;9569;610.0;575.0;259.0;935.0;21.0
2024-04-27;NI;2288;-2409.0457606571867;2288;17.0;150.0;33.0;145.0;0.0
2024-04-27;PK;2189;-2003.450783949344;2189;18.0;95.0;59.0;120.0;0.0
2024-04-27;RS;3458;-12111.63920139703;3458;16.0;165.0;71.0;633.0;5.0
2024-04-27;TW;636;-663.3720010248757;636;1.0;9.0;3.0;6.0;0.0
2024-04-27;UP;3430;-9595.282783059003;3430;16.0;90.0;79.0;636.0;2.0
2024-04-27;US;32431;-82332.07057699515;32431;821.0;2549.0;636.0;1726.0;8.0
2024-04-28;GM;1269;-2523.250913603862;1269;23.0;101.0;24.0;63.0;3.0
2024-04-28;IS;10340;-44493.592229116235;10340;584.0;593.0;268.0;870.0;28.0
2024-04-28;NI;3203;-3936.5710377114256;3203;27.0;227.0;54.0;169.0;0.0
2024-04-28;PK;2264;-3131.5188747149778;2264;18.0;112.0;35.0;164.0;0.0
2024-04-28;RS;3174;-11482.587463886955;3174;13.0;268.0;60.0;483.0;2.0
2024-04-28;TW;482;-458.3659494336793;482;3.0;15.0;4.0;13.0;1.0
2024-04-28;UP;2794;-8125.2250522857985;2794;20.0;90.0;74.0;508.0;4.0
2024-04-28;US;24602;-61564.16833814562;24602;774.0;2078.0;470.0;1310.0;6.0
2024-04-29;GM;2505;-5409.7216910874295;2505;17.0;187.0;52.0;96.0;0.0
2024-04-29;IS;14257;-58968.86475690304;14257;761.0;680.0;326.0;1087.0;29.0
2024-04-29;NI;3752;-3841.223734876121;3752;30.0;162.0;72.0;198.0;1.0
2024-04-29;PK;2823;-3615.900766461667;2823;43.0;123.0;66.0;171.0;0.0
2024-04-29;RS;4576;-17509.1079341005;4576;30.0;352.0;103.0;555.0;2.0
2024-04-29;TW;635;-1000.8387020317635;635;0.0;18.0;1.0;16.0;0.0
2024-04-29;UP;4745;-13574.312408440685;4745;12.0;175.0;145.0;624.0;1.0
2024-04-29;US;43802;-105084.16059735764;43802;1043.0;3242.0;615.0;2713.0;7.0
2024-04-30;GM;2245;-4547.1325085445005;2245;45.0;145.0;43.0;85.0;2.0
2024-04-30;IS;16096;-70825.35715127278;16096;912.0;1060.0;407.0;1337.0;35.0
2024-04-30;NI;3859;-6388.877432387829;3859;33.0;234.0;91.0;163.0;0.0
2024-04-30;PK;2350;-3176.5233959158168;2350;35.0;100.0;62.0;125.0;0.0
2024-04-30;RS;4637;-15241.91000516155;4637;42.0;277.0;96.0;548.0;2.0
2024-04-30;TW;541;-367.5009871427563;541;3.0;21.0;1.0;12.0;0.0
2024-04-30;UP;4061;-10033.438513708188;4061;15.0;119.0;95.0;539.0;2.0
2024-04-30;US;53828;-140135.04124558636;53828;1337.0;4286.0;844.0;3396.0;18.0
2024-05-01;GM;1687;-2582.596116181266;1687;27.0;62.0;17.0;61.0;0.0
2024-05-01;IS;17701;-84385.68765141326;17701;1169.0;1236.0;460.0;1483.0;40.0
2024-05-01;NI;3503;-2124.7418207337855;3503;40.0;147.0;66.0;139.0;0.0
2024-05-01;PK;2060;-3024.83106670798;2060;11.0;77.0;32.0;129.0;0.0
2024-05-01;RS;4218;-15753.472624101929;4218;39.0;219.0;97.0;571.0;0.0
2024-05-01;TW;500;-442.0739251540268;500;5.0;27.0;2.0;5.0;0.0
2024-05-01;UP;3560;-10272.8872903949;3560;19.0;120.0;75.0;494.0;4.0
2024-05-01;US;58845;-157706.0466897403;58845;1895.0;5125.0;949.0;3541.0;10.0
2024-05-02;GM;1616;-3022.255647618551;1616;26.0;63.0;28.0;53.0;0.0
2024-05-02;IS;17931;-85876.99213187864;17931;1263.0;1232.0;491.0;1455.0;45.0
2024-05-02;NI;3973;-8603.968299808044;3973;21.0;313.0;93.0;239.0;0.0
2024-05-02;PK;2280;-4027.887493000599;2280;27.0;75.0;46.0;116.0;0.0
2024-05-02;RS;5224;-18332.30488358643;5224;58.0;285.0;113.0;599.0;1.0
2024-05-02;TW;604;-57.4383841097518;604;3.0;17.0;3.0;28.0;0.0
2024-05-02;UP;4130;-12322.812324334214;4130;15.0;139.0;87.0;516.0;1.0
2024-05-02;US;58576;-155888.14917192608;58576;1813.0;4955.0;833.0;3339.0;13.0
2024-05-03;GM;2208;-4780.797984339521;2208;20.0;111.0;19.0;96.0;0.0
2024-05-03;IS;14949;-70313.56941347038;14949;1001.0;1036.0;389.0;1202.0;36.0
2024-05-03;NI;3907;-7503.467895839439;3907;27.0;243.0;98.0;277.0;1.0
2024-05-03;PK;2585;-4856.928409013714;2585;29.0;105.0;40.0;183.0;0.0
2024-05-03;RS;5517;-18702.23871381713;5517;54.0;276.0;105.0;554.0;0.0
2024-05-03;TW;511;-532.2413540271328;511;4.0;18.0;0.0;51.0;0.0
2024-05-03;UP;3986;-10188.300875943416;3986;23.0;102.0;91.0;489.0;0.0
2024-05-03;US;53334;-126927.12588194228;53334;1247.0;3979.0;750.0;3042.0;13.0
2024-05-04;GM;1348;-3747.655919633528;1348;11.0;94.0;28.0;59.0;0.0
2024-05-04;IS;10725;-47692.251639613365;10725;673.0;591.0;257.0;1005.0;11.0
2024-05-04;NI;3001;-4940.511665776979;3001;17.0;257.0;66.0;147.0;0.0
2024-05-04;PK;1993;-2785.083265336493;1993;16.0;56.0;29.0;141.0;0.0
2024-05-04;RS;2877;-11260.4804252704;2877;23.0;225.0;49.0;341.0;0.0
2024-05-04;TW;400;-97.05845664269792;400;0.0;18.0;0.0;18.0;0.0
2024-05-04;UP;2076;-7130.546610939526;2076;7.0;100.0;41.0;330.0;0.0
2024-05-04;US;32484;-77924.85664676387;32484;909.0;2224.0;404.0;1969.0;1.0
2024-05-05;GM;1205;-3232.833546299604;1205;36.0;76.0;22.0;82.0;1.0
2024-05-05;IS;11624;-56356.290259328096;11624;563.0;691.0;339.0;1390.0;20.0
2024-05-05;NI;3349;-3840.3894498290856;3349;20.0;298.0;57.0;129.0;0.0
2024-05-05;PK;2094;-4536.973280484933;2094;16.0;62.0;28.0;168.0;1.0
2024-05-05;RS;2859;-10088.6379400595;2859;9.0;117.0;70.0;522.0;0.0
2024-05-05;TW;225;-197.2143654402951;225;0.0;8.0;8.0;6.0;0.0
2024-05-05;UP;2237;-7729.477868980069;2237;4.0;67.0;62.0;460.0;1.0
2024-05-05;US;22983;-54293.04240643141;22983;683.0;1509.0;324.0;1601.0;7.0
2024-05-06;GM;2165;-4662.924497441907;2165;27.0;61.0;40.0;130.0;0.0
2024-05-06;IS;18507;-87823.29156587507;18507;659.0;941.0;426.0;1778.0;55.0
2024-05-06;NI;4545;-5367.813042937769;4545;39.0;251.0;82.0;235.0;0.0
2024-05-06;PK;2402;-3731.802312297391;2402;23.0;70.0;33.0;126.0;0.0
2024-05-06;RS;5076;-15898.528386200507;5076;27.0;260.0;88.0;527.0;2.0
2024-05-06;TW;500;-197.29318877605672;500;4.0;9.0;1.0;25.0;0.0
2024-05-06;UP;3698;-10962.812527791995;3698;12.0;80.0;80.0;482.0;0.0
2024-05-06;US;43141;-95435.60053555736;43141;746.0;2669.0;616.0;2736.0;14.0
2024-05-07;GM;2536;-4864.785923927905;2536;56.0;155.0;41.0;132.0;0.0
2024-05-07;IS;18816;-83084.60527593439;18816;760.0;821.0;539.0;1951.0;49.0
2024-05-07;NI;4599;-7443.8778583899;4599;32.0;259.0;88.0;155.0;0.0
2024-05-07;PK;2512;-5328.235751619158;2512;15.0;89.0;53.0;231.0;0.0
2024-05-07;RS;6565;-22302.898070147236;6565;34.0;468.0;187.0;491.0;0.0
2024-05-07;TW;586;-701.4552766725099;586;1.0;15.0;3.0;18.0;0.0
2024-05-07;UP;4489;-12946.30912700096;4489;16.0;210.0;179.0;460.0;0.0
2024-05-07;US;50172;-108575.81214977417;50172;758.0;3319.0;847.0;2836.0;14.0
2024-05-08;GM;2256;-4763.183842634907;2256;42.0;145.0;59.0;127.0;0.0
2024-05-08;IS;16824;-74881.34937861895;16824;716.0;849.0;522.0;1674.0;53.0
2024-05-08;NI;4852;-6636.621418520679;4852;18.0;230.0;101.0;182.0;1.0
2024-05-08;PK;2708;-5943.276108914524;2708;58.0;146.0;51.0;220.0;0.0
2024-05-08;RS;5526;-17979.445880841147;5526;29.0;342.0;173.0;600.0;1.0
2024-05-08;TW;535;146.3361152449877;535;3.0;2.0;0.0;16.0;0.0
2024-05-08;UP;4076;-13419.94240496548;4076;21.0;157.0;172.0;647.0;1.0
2024-05-08;US;53466;-115328.5112627024;53466;832.0;3557.0;938.0;2945.0;16.0
2024-05-09;GM;1757;-2703.146097853818;1757;22.0;113.0;34.0;78.0;0.0
2024-05-09;IS;16547;-68224.96909522882;16547;607.0;709.0;566.0;1734.0;48.0
2024-05-09;NI;4654;-5999.728919681394;4654;28.0;266.0;72.0;136.0;0.0
2024-05-09;PK;2641;-8776.363020077464;2641;66.0;161.0;43.0;248.0;0.0
2024-05-09;RS;4879;-14250.573092085597;4879;40.0;190.0;127.0;628.0;1.0
2024-05-09;TW;631;-616.4035926288758;631;3.0;9.0;2.0;35.0;0.0
2024-05-09;UP;4044;-10506.163260448862;4044;25.0;79.0;114.0;550.0;3.0
2024-05-09;US;54026;-121588.38928570696;54026;613.0;3473.0;928.0;3111.0;9.0
2024-05-10;GM;1862;-3693.681810480858;1862;46.0;130.0;29.0;86.0;1.0
2024-05-10;IS;14942;-59534.03286950397;14942;595.0;649.0;468.0;1556.0;29.0
2024-05-10;NI;4792;-3055.400877732137;4792;29.0;272.0;122.0;140.0;0.0
2024-05-10;PK;2483;-5965.288574215306;2483;61.0;151.0;30.0;213.0;0.0
2024-05-10;RS;4619;-14257.628909259482;4619;28.0;180.0;151.0;572.0;0.0
2024-05-10;TW;509;-315.3468008489915;509;11.0;13.0;4.0;20.0;0.0
2024-05-10;UP;3752;-9628.47775019342;3752;28.0;86.0;151.0;534.0;1.0
2024-05-10;US;49086;-102724.56298546158;49086;624.0;3104.0;717.0;2702.0;11.0
2024-05-11;GM;985;-1973.624367738844;985;34.0;80.0;14.0;43.0;0.0
2024-05-11;IS;10970;-42843.180995119066;10970;474.0;543.0;366.0;1125.0;27.0
2024-05-11;NI;3307;-1999.9310757309;3307;17.0;116.0;68.0;117.0;0.0
2024-05-11;PK;2336;-3833.063113843746;2336;39.0;111.0;44.0;160.0;0.0
2024-05-11;RS;3063;-10423.06337983788;3063;20.0;131.0;156.0;610.0;0.0
2024-05-11;TW;353;-422.862245425247;353;8.0;10.0;3.0;6.0;0.0
2024-05-11;UP;2813;-9294.58154561369;2813;17.0;71.0;153.0;617.0;0.0
2024-05-11;US;29332;-56200.38159379288;29332;434.0;1886.0;396.0;1686.0;5.0
2024-05-12;GM;966;-1555.345368273094;966;24.0;60.0;9.0;46.0;0.0
2024-05-12;IS;9776;-44105.45923985732;9776;375.0;415.0;317.0;1320.0;25.0
2024-05-12;NI;3265;-1917.5077013174457;3265;22.0;167.0;99.0;134.0;0.0
2024-05-12;PK;1766;-4366.251908629325;1766;27.0;68.0;34.0;193.0;0.0
2024-05-12;RS;3323;-12531.31588572668;3323;32.0;158.0;114.0;722.0;0.0
2024-05-12;TW;294;-238.68034801121277;294;5.0;7.0;6.0;4.0;0.0
2024-05-12;UP;2845;-11210.307077253034;2845;21.0;73.0;114.0;757.0;0.0
2024-05-12;US;20846;-39903.664550706904;20846;375.0;1170.0;354.0;1455.0;2.0
2024-05-13;GM;1834;-2353.401867239849;1834;20.0;108.0;22.0;59.0;0.0
2024-05-13;IS;11480;-45900.56887269677;11480;451.0;502.0;284.0;1357.0;25.0
2024-05-13;NI;4738;-2745.0760509726897;4738;40.0;264.0;91.0;172.0;0.0
2024-05-13;PK;2326;-4666.025562913529;2326;28.0;89.0;56.0;197.0;0.0
2024-05-13;RS;5187;-18063.432639599363;5187;73.0;229.0;149.0;825.0;4.0
2024-05-13;TW;421;-250.43855429292668;421;5.0;13.0;1.0;10.0;0.0
2024-05-13;UP;4698;-14922.421922132407;4698;24.0;93.0;144.0;921.0;2.0
2024-05-13;US;40034;-78918.636273184;40034;544.0;2437.0;682.0;2336.0;6.0
2024-05-14;GM;1575;-2337.2176195445345;1575;10.0;109.0;15.0;55.0;0.0
2024-05-14;IS;11933;-50860.95320161469;11933;464.0;423.0;350.0;1644.0;54.0
2024-05-14;NI;4969;-6109.628913701363;4969;37.0;277.0;181.0;205.0;0.0
2024-05-14;PK;2319;-5919.231374623481;2319;63.0;99.0;52.0;228.0;1.0
2024-05-14;RS;6256;-17942.59542864365;6256;56.0;298.0;172.0;821.0;0.0
2024-05-14;TW;578;-214.19865432089867;578;2.0;9.0;1.0;25.0;0.0
2024-05-14;UP;5917;-11617.470759291513;5917;8.0;144.0;159.0;812.0;1.0
2024-05-14;US;49673;-107059.75541333776;49673;492.0;3017.0;781.0;2944.0;10.0
2024-05-15;GM;1724;-3110.679967714009;1724;22.0;98.0;32.0;69.0;0.0
2024-05-15;IS;11873;-47277.20645297751;11873;364.0;486.0;319.0;1555.0;70.0
2024-05-15;NI;5004;-5501.10380260808;5004;31.0;205.0;131.0;177.0;0.0
2024-05-15;PK;2522;-5416.408966752091;2522;28.0;138.0;31.0;162.0;1.0
2024-05-15;RS;7059;-20311.003729533848;7059;56.0;262.0;174.0;972.0;2.0
2024-05-15;TW;913;-362.4899534073375;913;2.0;23.0;2.0;32.0;0.0
2024-05-15;UP;6430;-18605.976644859824;6430;25.0;229.0;166.0;1049.0;0.0
2024-05-15;US;53196;-105924.09986971934;53196;394.0;3097.0;793.0;2901.0;9.0
2024-05-16;GM;1781;-2877.713537737327;1781;15.0;113.0;29.0;110.0;1.0
2024-05-16;IS;13185;-52130.60889764877;13185;449.0;559.0;350.0;1691.0;38.0
2024-05-16;NI;4603;-2246.72289428995;4603;14.0;229.0;91.0;157.0;0.0
2024-05-16;PK;2153;-2037.4544688789483;2153;21.0;69.0;26.0;86.0;0.0
2024-05-16;RS;6807;-17863.323101117574;6807;38.0;244.0;178.0;733.0;4.0
2024-05-16;TW;887;-271.4586646361828;887;8.0;11.0;4.0;15.0;0.0
2024-05-16;UP;5514;-15397.588254474013;5514;25.0;202.0;172.0;720.0;5.0
2024-05-16;US;52754;-112237.1616861673;52754;549.0;3369.0;789.0;3392.0;6.0
2024-05-17;GM;1836;-2850.3096832554806;1836;21.0;88.0;40.0;72.0;0.0
2024-05-17;IS;11922;-47331.98153439948;11922;300.0;395.0;399.0;1398.0;40.0
2024-05-17;NI;4086;-3611.691916255642;4086;22.0;212.0;87.0;89.0;2.0
2024-05-17;PK;2243;-3798.414072851798;2243;28.0;108.0;25.0;152.0;0.0
2024-05-17;RS;5845;-15040.421845604746;5845;40.0;177.0;123.0;739.0;0.0
2024-05-17;TW;879;-861.0251297285083;879;1.0;17.0;6.0;24.0;0.0
2024-05-17;UP;4461;-12869.789235412863;4461;12.0;120.0;111.0;682.0;0.0
2024-05-17;US;50061;-105949.82034242996;50061;407.0;3185.0;792.0;2878.0;6.0
2024-05-18;GM;1154;-2356.0435099952992;1154;21.0;60.0;18.0;57.0;0.0
2024-05-18;IS;7873;-36019.89925315885;7873;239.0;269.0;280.0;1276.0;23.0
2024-05-18;NI;2833;-625.3272898695919;2833;34.0;79.0;47.0;101.0;2.0
2024-05-18;PK;2940;-6321.8859071605275;2940;29.0;79.0;71.0;165.0;0.0
2024-05-18;RS;3636;-11252.417930006328;3636;31.0;130.0;97.0;518.0;0.0
2024-05-18;TW;640;-834.8718015058164;640;2.0;15.0;2.0;29.0;0.0
2024-05-18;UP;2861;-9442.770673889954;2861;10.0;58.0;110.0;569.0;0.0
2024-05-18;US;30308;-62885.06664043169;30308;292.0;1893.0;457.0;1720.0;3.0
2024-05-19;GM;823;-1413.1257450380217;823;23.0;27.0;8.0;69.0;1.0
2024-05-19;IS;8456;-34370.75468940847;8456;280.0;310.0;252.0;1195.0;19.0
2024-05-19;NI;2557;-1222.6343490085026;2557;24.0;122.0;67.0;117.0;0.0
2024-05-19;PK;2590;-5351.90372943142;2590;31.0;65.0;63.0;168.0;0.0
2024-05-19;RS;3012;-10619.24642600682;3012;40.0;100.0;115.0;541.0;0.0
2024-05-19;TW;748;-873.2784025235486;748;5.0;21.0;3.0;17.0;0.0
2024-05-19;UP;2198;-8617.55063238062;2198;21.0;35.0;115.0;515.0;0.0
2024-05-19;US;22121;-43705.37893671755;22121;354.0;1205.0;397.0;1481.0;3.0
2024-05-20;GM;1417;-2475.753406993656;1417;18.0;59.0;20.0;88.0;1.0
2024-05-20;IS;12685;-65453.62254666971;12685;298.0;1108.0;424.0;1399.0;55.0
2024-05-20;NI;3590;-5563.109979598378;3590;22.0;168.0;108.0;144.0;0.0
2024-05-20;PK;3143;-6897.1959979268395;3143;53.0;126.0;58.0;163.0;0.0
2024-05-20;RS;4880;-16786.787604474885;4880;29.0;302.0;120.0;677.0;5.0
2024-05-20;TW;1577;-1016.3471265927408;1577;13.0;30.0;4.0;23.0;0.0
2024-05-20;UP;3404;-11802.741300618083;3404;18.0;130.0;116.0;605.0;0.0
2024-05-20;US;41078;-83544.54529906793;41078;382.0;2546.0;650.0;2488.0;9.0
2024-05-21;GM;2259;-5382.589752424251;2259;19.0;133.0;22.0;126.0;0.0
2024-05-21;IS;13189;-68337.08585407557;13189;258.0;1136.0;368.0;1379.0;49.0
2024-05-21;NI;4192;-8355.744623780436;4192;73.0;203.0;126.0;251.0;2.0
2024-05-21;PK;2642;-3897.148530436281;2642;30.0;89.0;36.0;110.0;1.0
2024-05-21;RS;5407;-16921.117508464053;5407;20.0;312.0;105.0;593.0;1.0
2024-05-21;TW;1254;-2027.5555676308952;1254;17.0;51.0;5.0;30.0;0.0
2024-05-21;UP;4091;-11968.977272202468;4091;21.0;136.0;101.0;591.0;5.0
2024-05-21;US;48645;-103627.23354455175;48645;435.0;3039.0;663.0;2883.0;10.0
2024-05-22;GM;2092;-3521.9169058279285;2092;37.0;97.0;13.0;90.0;0.0
2024-05-22;IS;16226;-57435.443195636915;16226;244.0;743.0;453.0;1384.0;32.0
2024-05-22;NI;3802;-3717.977849714338;3802;27.0;210.0;83.0;169.0;0.0
2024-05-22;PK;2850;-5016.169863844126;2850;31.0;118.0;57.0;87.0;4.0
2024-05-22;RS;5545;-17069.25535601613;5545;32.0;256.0;111.0;594.0;1.0
2024-05-22;TW;991;-1570.8325242231738;991;11.0;41.0;5.0;20.0;0.0
2024-05-22;UP;3834;-11392.907445046669;3834;9.0;159.0;86.0;586.0;2.0
2024-05-22;US;51577;-106005.41495969244;51577;402.0;3009.0;869.0;2958.0;15.0
2024-05-23;GM;2338;-3134.046831851524;2338;19.0;100.0;26.0;103.0;0.0
2024-05-23;IS;12858;-51498.508496627095;12858;237.0;585.0;377.0;1229.0;36.0
2024-05-23;NI;4264;-5114.03921150197;4264;14.0;284.0;106.0;133.0;1.0
2024-05-23;PK;2638;-3529.729329496905;2638;29.0;84.0;39.0;106.0;0.0
2024-05-23;RS;5440;-18159.180153902325;5440;26.0;398.0;92.0;659.0;1.0
2024-05-23;TW;1655;-4047.668738079517;1655;8.0;42.0;11.0;79.0;0.0
2024-05-23;UP;3835;-11820.498350943291;3835;13.0;180.0;72.0;613.0;0.0
2024-05-23;US;50762;-101322.88646057605;50762;417.0;3037.0;850.0;2874.0;17.0
2024-05-24;GM;1964;-3277.422395410324;1964;14.0;71.0;19.0;85.0;0.0
2024-05-24;IS;12140;-49987.12851432615;12140;239.0;566.0;416.0;983.0;34.0
2024-05-24;NI;4193;-5421.549929294555;4193;18.0;306.0;71.0;136.0;0.0
2024-05-24;PK;2477;-4464.861203976465;2477;26.0;126.0;36.0;165.0;0.0
2024-05-24;RS;5692;-16534.359886941846;5692;24.0;317.0;127.0;567.0;1.0
2024-05-24;TW;1705;-4045.6938767255247;1705;49.0;42.0;21.0;72.0;1.0
2024-05-24;UP;4300;-11445.095667933552;4300;10.0;135.0;96.0;577.0;0.0
2024-05-24;US;46461;-89667.21086909197;46461;342.0;2962.0;683.0;2593.0;8.0
2024-05-25;GM;1044;-2086.9878753285084;1044;24.0;52.0;13.0;74.0;0.0
2024-05-25;IS;7548;-30830.996120735308;7548;121.0;297.0;329.0;797.0;30.0
2024-05-25;NI;3598;-3400.4941641840073;3598;14.0;162.0;71.0;169.0;0.0
2024-05-25;PK;2166;-4464.521790899333;2166;50.0;115.0;61.0;128.0;0.0
2024-05-25;RS;3430;-10083.197077916982;3430;17.0;113.0;86.0;505.0;5.0
2024-05-25;TW;923;-2318.815864943541;923;13.0;9.0;5.0;31.0;0.0
2024-05-25;UP;2895;-8556.325908282108;2895;10.0;47.0;86.0;466.0;2.0
2024-05-25;US;27790;-54912.92414606028;27790;147.0;1705.0;365.0;1926.0;15.0
2024-05-26;GM;1142;-2327.4567794985646;1142;16.0;36.0;6.0;60.0;0.0
2024-05-26;IS;8555;-36079.6987217457;8555;175.0;344.0;320.0;1248.0;36.0
2024-05-26;NI;3643;-4031.7914158566673;3643;36.0;151.0;90.0;156.0;0.0
2024-05-26;PK;2402;-5450.122785692787;2402;18.0;130.0;60.0;183.0;0.0
2024-05-26;RS;3225;-10770.252602371456;3225;16.0;111.0;120.0;515.0;0.0
2024-05-26;TW;1027;-1683.9536313445572;1027;11.0;21.0;4.0;21.0;0.0
2024-05-26;UP;2801;-9159.579918617092;2801;9.0;72.0;105.0;476.0;0.0
2024-05-26;US;19767;-40362.359695304134;19767;148.0;1222.0;403.0;1450.0;5.0
2024-05-27;GM;2139;-4644.984324462701;2139;16.0;81.0;21.0;109.0;1.0
2024-05-27;IS;12521;-62766.91717140829;12521;228.0;377.0;363.0;1925.0;103.0
2024-05-27;NI;4468;-4765.1512993100805;4468;44.0;162.0;91.0;201.0;0.0
2024-05-27;PK;2563;-7460.362819504063;2563;37.0;139.0;48.0;269.0;0.0
2024-05-27;RS;4406;-12941.476121884296;4406;33.0;208.0;73.0;567.0;0.0
2024-05-27;TW;1200;-875.3998893388228;1200;16.0;10.0;0.0;31.0;0.0
2024-05-27;UP;4442;-8760.56937256661;4442;10.0;100.0;60.0;464.0;4.0
2024-05-27;US;25586;-47295.7711407347;25586;153.0;1543.0;369.0;2054.0;4.0
2024-05-28;GM;2044;-1961.556288595092;2044;15.0;49.0;33.0;89.0;0.0
2024-05-28;IS;14790;-68946.20296405717;14790;267.0;375.0;512.0;1885.0;59.0
2024-05-28;NI;4484;-3993.434884614757;4484;36.0;261.0;70.0;166.0;0.0
2024-05-28;PK;1988;-3845.43440858189;1988;20.0;90.0;20.0;134.0;3.0
2024-05-28;RS;4676;-11360.151944114772;4676;27.0;190.0;35.0;515.0;0.0
2024-05-28;TW;1063;-960.9961888768548;1063;30.0;23.0;3.0;36.0;0.0
2024-05-28;UP;4986;-6355.831624731555;4986;14.0;105.0;32.0;420.0;2.0
2024-05-28;US;41325;-80783.80510894877;41325;249.0;2545.0;669.0;2763.0;4.0
2024-05-29;GM;1970;-2582.370022561444;1970;21.0;60.0;26.0;86.0;2.0
2024-05-29;IS;13647;-62344.94142348359;13647;269.0;435.0;474.0;1819.0;81.0
2024-05-29;NI;4222;-2306.87557432686;4222;48.0;255.0;46.0;146.0;0.0
2024-05-29;PK;2535;-6665.4437231840875;2535;54.0;129.0;72.0;144.0;0.0
2024-05-29;RS;4515;-11630.95240114558;4515;20.0;199.0;52.0;522.0;1.0
2024-05-29;TW;1066;-882.6136980885782;1066;5.0;17.0;5.0;35.0;0.0
2024-05-29;UP;4641;-7359.896871667499;4641;4.0;106.0;53.0;478.0;0.0
2024-05-29;US;49643;-102702.19973986466;49643;362.0;3264.0;818.0;3024.0;16.0
2024-05-30;GM;2106;-2580.902012237166;2106;6.0;93.0;32.0;63.0;0.0
2024-05-30;IS;12290;-49408.053307566865;12290;274.0;433.0;361.0;1592.0;50.0
2024-05-30;NI;3905;-3869.115835058363;3905;16.0;173.0;71.0;179.0;1.0
2024-05-30;PK;2100;-4221.16885861264;2100;43.0;75.0;45.0;153.0;0.0
2024-05-30;RS;5304;-14577.15239431507;5304;21.0;234.0;131.0;597.0;0.0
2024-05-30;TW;804;-510.8338599346926;804;10.0;4.0;1.0;19.0;0.0
2024-05-30;UP;4948;-11844.250495415405;4948;20.0;151.0;117.0;588.0;0.0
2024-05-30;US;51008;-114345.9805344588;51008;357.0;3861.0;833.0;2955.0;3.0
2024-05-31;GM;2368;-4901.441341603889;2368;14.0;103.0;54.0;149.0;2.0
2024-05-31;IS;10795;-47304.1678926484;10795;260.0;464.0;340.0;1435.0;31.0
2024-05-31;NI;3943;-5135.423433978814;3943;26.0;221.0;68.0;181.0;0.0
2024-05-31;PK;2599;-3934.522853848228;2599;25.0;130.0;38.0;185.0;0.0
2024-05-31;RS;6241;-17272.103850341675;6241;25.0;319.0;127.0;653.0;4.0
2024-05-31;TW;1178;-1612.1572151152643;1178;13.0;22.0;7.0;26.0;0.0
2024-05-31;UP;6499;-11750.30676173523;6499;17.0;200.0;100.0;669.0;3.0
2024-05-31;US;55255;-159609.03738746946;55255;335.0;5530.0;864.0;3062.0;0.0
2024-06-01;GM;1423;-2754.111278236911;1423;16.0;48.0;23.0;125.0;0.0
2024-06-01;IS;8055;-36138.02012122099;8055;244.0;356.0;248.0;967.0;38.0
2024-06-01;NI;2781;-2341.272028461294;2781;22.0;138.0;44.0;88.0;0.0
2024-06-01;PK;1650;-3368.3945565710633;1650;23.0;106.0;33.0;103.0;0.0
2024-06-01;RS;3461;-11161.173995692554;3461;19.0;122.0;86.0;439.0;0.0
2024-06-01;TW;663;-1037.9148311741512;663;2.0;12.0;1.0;21.0;0.0
2024-06-01;UP;3519;-7676.513869616215;3519;16.0;78.0;68.0;439.0;5.0
2024-06-01;US;32000;-78216.18520734618;32000;284.0;2621.0;442.0;2145.0;3.0
2024-06-02;GM;1173;-2742.4012198153173;1173;24.0;51.0;29.0;97.0;0.0
2024-06-02;IS;7744;-33611.93607097731;7744;184.0;319.0;215.0;971.0;34.0
2024-06-02;NI;3496;-4561.1174614877455;3496;37.0;170.0;47.0;125.0;0.0
2024-06-02;PK;1352;-2706.637320430477;1352;13.0;94.0;25.0;64.0;0.0
2024-06-02;RS;3207;-8660.51746189104;3207;21.0;142.0;101.0;376.0;2.0
2024-06-02;TW;668;-1402.4806479240804;668;2.0;7.0;0.0;12.0;0.0
2024-06-02;UP;3158;-6826.749675994522;3158;7.0;75.0;87.0;348.0;1.0
2024-06-02;US;22212;-49070.221665245626;22212;175.0;1701.0;292.0;1570.0;2.0
2024-06-03;GM;1851;-3641.0246439222574;1851;12.0;83.0;51.0;127.0;2.0
2024-06-03;IS;11455;-50489.629257586545;11455;240.0;568.0;354.0;1648.0;27.0
2024-06-03;NI;3900;-4153.952889840815;3900;37.0;146.0;47.0;132.0;0.0
2024-06-03;PK;2027;-5168.5460651156645;2027;16.0;227.0;52.0;91.0;0.0
2024-06-03;RS;4521;-11419.361111453874;4521;28.0;219.0;145.0;439.0;3.0
2024-06-03;TW;608;-518.1328887418925;608;4.0;23.0;0.0;13.0;0.0
2024-06-03;UP;4669;-9420.41688615092;4669;26.0;116.0;115.0;472.0;3.0
2024-06-03;US;41653;-95077.75868629508;41653;319.0;2974.0;592.0;2678.0;16.0
2024-06-04;GM;2222;-3327.5544459726852;2222;26.0;68.0;31.0;204.0;2.0
2024-06-04;IS;11350;-47563.66814001716;11350;265.0;505.0;339.0;1391.0;37.0
2024-06-04;NI;3808;-4240.758261537076;3808;35.0;197.0;80.0;130.0;0.0
2024-06-04;PK;1996;-4331.264519556922;1996;34.0;131.0;24.0;115.0;0.0
2024-06-04;RS;4068;-10862.980845559305;4068;33.0;150.0;89.0;403.0;0.0
2024-06-04;TW;828;-1486.5550151835082;828;19.0;32.0;2.0;17.0;3.0
2024-06-04;UP;3564;-9539.562128315818;3564;41.0;72.0;66.0;378.0;0.0
2024-06-04;US;48527;-105047.92729451842;48527;350.0;3230.0;642.0;2782.0;14.0
2024-06-05;GM;2419;-4534.919963728418;2419;15.0;99.0;44.0;210.0;2.0
2024-06-05;IS;10445;-43712.31807301275;10445;254.0;426.0;228.0;1279.0;40.0
2024-06-05;NI;3674;-5445.080839047666;3674;29.0;217.0;67.0;129.0;0.0
2024-06-05;PK;1866;-2016.839597281588;1866;13.0;105.0;5.0;82.0;0.0
2024-06-05;RS;5098;-12509.848182466918;5098;27.0;264.0;77.0;363.0;2.0
2024-06-05;TW;676;-627.7691109601056;676;7.0;22.0;1.0;10.0;1.0
2024-06-05;UP;4373;-9726.25620401874;4373;8.0;138.0;70.0;362.0;0.0
2024-06-05;US;52602;-112565.72747535269;52602;424.0;3570.0;717.0;2945.0;4.0
2024-06-06;GM;3368;-6363.134712968873;3368;16.0;106.0;86.0;383.0;5.0
2024-06-06;IS;11267;-54963.896282858936;11267;174.0;387.0;340.0;1538.0;50.0
2024-06-06;NI;4174;-5850.939461080344;4174;37.0;202.0;70.0;161.0;0.0
2024-06-06;PK;2073;-2736.779796956785;2073;16.0;96.0;64.0;100.0;1.0
2024-06-06;RS;6233;-17269.10621912725;6233;28.0;295.0;114.0;589.0;1.0
2024-06-06;TW;747;53.17053083610543;747;23.0;14.0;0.0;16.0;0.0
2024-06-06;UP;4921;-11642.497725629582;4921;17.0;130.0;68.0;435.0;0.0
2024-06-06;US;54524;-118126.45500662689;54524;370.0;3728.0;841.0;3624.0;14.0
2024-06-07;GM;2555;-4586.474834113502;2555;17.0;86.0;42.0;182.0;2.0
2024-06-07;IS;9364;-43847.028577259145;9364;174.0;309.0;268.0;1238.0;41.0
2024-06-07;NI;3826;-4771.396599048327;3826;33.0;279.0;44.0;106.0;0.0
2024-06-07;PK;2156;-981.2159017653536;2156;17.0;100.0;17.0;79.0;0.0
2024-06-07;RS;6178;-14489.10619615082;6178;14.0;247.0;75.0;616.0;0.0
2024-06-07;TW;782;220.21584528730855;782;47.0;9.0;0.0;14.0;0.0
2024-06-07;UP;5629;-11918.396520169012;5629;4.0;104.0;76.0;603.0;2.0
2024-06-07;US;48796;-103988.59118003436;48796;257.0;3300.0;704.0;2964.0;11.0
2024-06-08;GM;1265;-2883.785454945194;1265;10.0;41.0;82.0;85.0;1.0
2024-06-08;IS;8757;-39453.439937108;8757;171.0;222.0;437.0;1182.0;72.0
2024-06-08;NI;2497;-2114.7631834924537;2497;20.0;130.0;19.0;107.0;0.0
2024-06-08;PK;2550;-2782.723324088166;2550;23.0;94.0;39.0;150.0;1.0
2024-06-08;RS;3612;-9137.190899196516;3612;15.0;161.0;76.0;381.0;0.0
2024-06-08;TW;461;328.3601244756661;461;5.0;1.0;3.0;13.0;0.0
2024-06-08;UP;3036;-7140.919218528246;3036;12.0;77.0;55.0;382.0;1.0
2024-06-08;US;28402;-55037.412370800776;28402;210.0;1648.0;468.0;1699.0;11.0
2024-06-09;GM;1242;-1678.414731353159;1242;9.0;53.0;27.0;74.0;8.0
2024-06-09;IS;10122;-45619.13070572961;10122;244.0;334.0;447.0;1274.0;74.0
2024-06-09;NI;3197;-4748.802994445129;3197;10.0;217.0;81.0;189.0;0.0
2024-06-09;PK;2066;-4003.337250916258;2066;15.0;63.0;33.0;159.0;3.0
2024-06-09;RS;2968;-7600.009746386291;2968;24.0;101.0;40.0;357.0;3.0
2024-06-09;TW;273;11.84371998119057;273;1.0;2.0;1.0;9.0;0.0
2024-06-09;UP;1984;-5020.963727410996;1984;9.0;58.0;28.0;296.0;0.0
2024-06-09;US;20604;-41398.002361929706;20604;244.0;1201.0;281.0;1387.0;17.0
2024-06-10;GM;2110;-2081.219391673767;2110;22.0;77.0;40.0;58.0;3.0
2024-06-10;IS;12469;-52430.62624454996;12469;192.0;321.0;480.0;1480.0;52.0
2024-06-10;NI;3928;-5357.43425547501;3928;39.0;179.0;81.0;239.0;0.0
2024-06-10;PK;2453;-8994.28653981946;2453;18.0;100.0;78.0;307.0;0.0
2024-06-10;RS;4455;-8827.145991140109;4455;25.0;164.0;63.0;302.0;1.0
2024-06-10;TW;381;-472.62848668612145;381;1.0;18.0;0.0;18.0;0.0
2024-06-10;UP;3078;-5705.0692612851035;3078;19.0;87.0;46.0;289.0;0.0
2024-06-10;US;39504;-81584.30712458074;39504;316.0;2322.0;742.0;2578.0;3.0
2024-06-11;GM;2514;-2278.8637997493533;2514;13.0;68.0;16.0;100.0;2.0
2024-06-11;IS;12083;-47631.65969329091;12083;197.0;349.0;380.0;1270.0;48.0
2024-06-11;NI;3950;-5314.114071160077;3950;40.0;139.0;112.0;264.0;2.0
2024-06-11;PK;2355;-6084.770483135239;2355;26.0;99.0;79.0;199.0;2.0
2024-06-11;RS;5291;-11367.661598970664;5291;19.0;232.0;93.0;502.0;2.0
2024-06-11;TW;522;-642.7114379271343;522;1.0;30.0;2.0;22.0;0.0
2024-06-11;UP;4580;-7273.808907340011;4580;14.0;187.0;71.0;411.0;0.0
2024-06-11;US;50034;-107074.60169752796;50034;355.0;3626.0;874.0;2904.0;16.0
2024-06-12;GM;2383;-2768.8497521557933;2383;14.0;42.0;21.0;84.0;3.0
2024-06-12;IS;9598;-42554.499375028936;9598;187.0;274.0;319.0;1203.0;34.0
2024-06-12;NI;4536;-3722.1703673320458;4536;63.0;184.0;64.0;240.0;1.0
2024-06-12;PK;2211;-8272.507480339953;2211;26.0;170.0;121.0;264.0;1.0
2024-06-12;RS;6148;-13195.870874434711;6148;32.0;216.0;114.0;611.0;4.0
2024-06-12;TW;510;-813.3100153325101;510;0.0;42.0;3.0;20.0;0.0
2024-06-12;UP;5392;-8340.662539646572;5392;31.0;116.0;79.0;521.0;7.0
2024-06-12;US;49731;-107225.66629033053;49731;335.0;3649.0;811.0;2861.0;11.0
2024-06-13;GM;2599;-1985.9009427362475;2599;18.0;63.0;9.0;81.0;1.0
2024-06-13;IS;9065;-40347.31382066052;9065;176.0;353.0;287.0;1413.0;50.0
2024-06-13;NI;4229;-4096.140763447923;4229;55.0;246.0;75.0;255.0;0.0
2024-06-13;PK;2107;-6521.8879238997415;2107;15.0;144.0;66.0;161.0;5.0
2024-06-13;RS;7059;-16913.813410636594;7059;22.0;436.0;69.0;455.0;1.0
2024-06-13;TW;648;205.589076513293;648;1.0;18.0;0.0;16.0;0.0
2024-06-13;UP;7069;-5138.39055394391;7069;19.0;177.0;61.0;346.0;0.0
2024-06-13;US;52316;-103244.63840546508;52316;404.0;3539.0;706.0;2896.0;7.0
2024-06-14;GM;2480;-2387.399187451804;2480;12.0;54.0;8.0;64.0;0.0
2024-06-14;IS;7981;-35649.396761358475;7981;166.0;297.0;254.0;1108.0;34.0
2024-06-14;NI;3804;-3297.613578914675;3804;29.0;206.0;58.0;211.0;0.0
2024-06-14;PK;1945;-3647.0904446594545;1945;29.0;123.0;28.0;91.0;0.0
2024-06-14;RS;6639;-15792.623870933849;6639;46.0;299.0;82.0;407.0;6.0
2024-06-14;TW;521;-604.7256290271027;521;1.0;12.0;1.0;41.0;0.0
2024-06-14;UP;7431;-4606.595304471874;7431;27.0;122.0;64.0;337.0;2.0
2024-06-14;US;47889;-94181.83809184749;47889;276.0;3219.0;733.0;2734.0;14.0
2024-06-15;GM;1864;-4087.469485972791;1864;31.0;69.0;17.0;75.0;0.0
2024-06-15;IS;7722;-38895.40138854264;7722;139.0;234.0;243.0;1394.0;17.0
2024-06-15;NI;2622;-1345.7168216854816;2622;22.0;122.0;70.0;98.0;0.0
2024-06-15;PK;1681;-4703.44306037032;1681;25.0;128.0;31.0;107.0;0.0
2024-06-15;RS;6704;-20880.615863457493;6704;50.0;262.0;90.0;682.0;4.0
2024-06-15;TW;486;-703.7365791552463;486;4.0;10.0;6.0;22.0;0.0
2024-06-15;UP;6929;-11694.779926359077;6929;36.0;106.0;88.0;564.0;2.0
2024-06-15;US;31585;-69431.54247598091;31585;213.0;2052.0;454.0;2063.0;4.0
2024-06-16;GM;1514;-3234.478552246767;1514;28.0;60.0;16.0;74.0;0.0
2024-06-16;IS;8056;-37587.221156084495;8056;177.0;259.0;215.0;1305.0;23.0
2024-06-16;NI;3229;262.26022003056374;3229;27.0;177.0;49.0;116.0;1.0
2024-06-16;PK;1856;-3463.7223976473188;1856;16.0;110.0;30.0;127.0;0.0
2024-06-16;RS;5807;-19157.53048743553;5807;26.0;238.0;127.0;601.0;3.0
2024-06-16;TW;541;-1178.6041163865252;541;8.0;5.0;9.0;12.0;0.0
2024-06-16;UP;5799;-11544.1069147548;5799;26.0;104.0;96.0;537.0;0.0
2024-06-16;US;24164;-55244.19302833417;24164;180.0;1412.0;358.0;1977.0;9.0
2024-06-17;GM;2144;-3274.174522967607;2144;25.0;77.0;26.0;83.0;0.0
2024-06-17;IS;10371;-43820.15999758355;10371;193.0;347.0;260.0;1450.0;42.0
2024-06-17;NI;3568;-2580.9529798988697;3568;41.0;164.0;86.0;201.0;0.0
2024-06-17;PK;1743;-2762.3238720811532;1743;18.0;79.0;18.0;137.0;0.0
2024-06-17;RS;6996;-20443.04741163051;6996;31.0;342.0;123.0;564.0;1.0
2024-06-17;TW;836;-1557.1777248098806;836;5.0;12.0;0.0;23.0;2.0
2024-06-17;UP;5317;-10026.525299654622;5317;20.0;114.0;82.0;470.0;2.0
2024-06-17;US;42715;-93237.45668272136;42715;244.0;2854.0;692.0;2988.0;10.0
2024-06-18;GM;1697;-2406.1712976910244;1697;16.0;54.0;17.0;64.0;0.0
2024-06-18;IS;7498;-34561.33852890019;7498;191.0;283.0;254.0;853.0;21.0
2024-06-18;NI;3311;-4496.272442441049;3311;31.0;172.0;91.0;163.0;0.0
2024-06-18;PK;856;-2401.173851798017;856;6.0;45.0;10.0;52.0;0.0
2024-06-18;RS;6115;-14834.146802630328;6115;21.0;269.0;76.0;423.0;0.0
2024-06-18;TW;649;-408.9811519016364;649;2.0;13.0;0.0;20.0;0.0
2024-06-18;UP;3528;-7809.934851185055;3528;19.0;87.0;54.0;278.0;1.0
2024-06-18;US;46614;-100600.11854283496;46614;321.0;3264.0;763.0;2860.0;7.0
2024-06-19;GM;1513;-1460.69919451689;1513;5.0;73.0;18.0;67.0;3.0
2024-06-19;IS;7173;-34393.26920743058;7173;165.0;238.0;235.0;881.0;40.0
2024-06-19;NI;3520;-5597.982452398228;3520;34.0;181.0;43.0;188.0;2.0
2024-06-19;PK;1304;-4282.763548174001;1304;32.0;71.0;27.0;166.0;0.0
2024-06-19;RS;6158;-12052.06352838601;6158;19.0;252.0;93.0;296.0;3.0
2024-06-19;TW;834;-935.1872669602916;834;11.0;23.0;2.0;31.0;0.0
2024-06-19;UP;3553;-6381.986254819912;3553;23.0;71.0;92.0;274.0;3.0
2024-06-19;US;44892;-82891.61900237796;44892;253.0;2868.0;691.0;2640.0;10.0
2024-06-20;GM;1811;-1881.4280777922268;1811;26.0;84.0;7.0;56.0;0.0
2024-06-20;IS;7411;-33354.9051229723;7411;138.0;230.0;230.0;917.0;35.0
2024-06-20;NI;4013;-3873.783795259125;4013;28.0;239.0;55.0;141.0;3.0
2024-06-20;PK;1936;-5214.492510849723;1936;40.0;46.0;43.0;163.0;0.0
2024-06-20;RS;7049;-13672.32826046961;7049;25.0;345.0;76.0;535.0;0.0
2024-06-20;TW;508;-607.1905007189462;508;7.0;17.0;2.0;33.0;0.0
2024-06-20;UP;4031;-9249.403055503144;4031;21.0;138.0;65.0;488.0;3.0
2024-06-20;US;46156;-88141.39893356769;46156;322.0;3235.0;764.0;2826.0;13.0
2024-06-21;GM;1942;-2372.536475730434;1942;9.0;101.0;11.0;36.0;1.0
2024-06-21;IS;7098;-29485.204929282027;7098;139.0;236.0;191.0;853.0;33.0
2024-06-21;NI;3592;-4618.889296978922;3592;17.0;234.0;59.0;97.0;0.0
2024-06-21;PK;2381;-4060.355775464501;2381;35.0;84.0;36.0;162.0;1.0
2024-06-21;RS;6353;-15891.41640351934;6353;39.0;332.0;101.0;528.0;4.0
2024-06-21;TW;616;-1147.6179562062075;616;5.0;30.0;0.0;16.0;0.0
2024-06-21;UP;4361;-11071.193162199606;4361;28.0;149.0;78.0;452.0;7.0
2024-06-21;US;47554;-110496.676985258;47554;326.0;3646.0;885.0;3116.0;15.0
2024-06-22;GM;997;-1896.48141954939;997;11.0;49.0;12.0;39.0;2.0
2024-06-22;IS;4307;-19707.58705199136;4307;106.0;141.0;156.0;717.0;21.0
2024-06-22;NI;2793;-2982.540426889852;2793;10.0;139.0;52.0;113.0;0.0
2024-06-22;PK;2319;-6151.385982642141;2319;48.0;97.0;44.0;142.0;0.0
2024-06-22;RS;3362;-11736.34052039108;3362;12.0;150.0;80.0;542.0;3.0
2024-06-22;TW;419;-1140.9211911731495;419;4.0;14.0;4.0;23.0;0.0
2024-06-22;UP;2407;-9155.583171853874;2407;10.0;63.0;72.0;537.0;3.0
2024-06-22;US;27102;-65425.30835188106;27102;172.0;1983.0;532.0;1743.0;4.0
2024-06-23;GM;922;-1688.6382563701102;922;7.0;42.0;22.0;25.0;0.0
2024-06-23;IS;5782;-26893.593817728888;5782;162.0;150.0;155.0;985.0;27.0
2024-06-23;NI;2682;-4117.3526132287525;2682;20.0;163.0;33.0;172.0;0.0
2024-06-23;PK;1815;-6030.0620091425;1815;40.0;73.0;36.0;166.0;0.0
2024-06-23;RS;3725;-17265.237135509866;3725;14.0;100.0;136.0;906.0;3.0
2024-06-23;TW;392;-762.5824019512775;392;0.0;8.0;2.0;22.0;0.0
2024-06-23;UP;2421;-9711.12289165542;2421;4.0;62.0;59.0;544.0;7.0
2024-06-23;US;20984;-46956.29562790195;20984;188.0;1143.0;365.0;1650.0;9.0
2024-06-24;GM;1889;-2977.5947220382104;1889;16.0;79.0;34.0;64.0;4.0
2024-06-24;IS;8642;-39878.56312529556;8642;209.0;276.0;268.0;1116.0;27.0
2024-06-24;NI;4062;-7189.396417431942;4062;44.0;246.0;54.0;188.0;0.0
2024-06-24;PK;2197;-5375.72529828163;2197;31.0;72.0;38.0;146.0;0.0
2024-06-24;RS;7064;-31518.55273099933;7064;49.0;269.0;168.0;1261.0;7.0
2024-06-24;TW;460;-662.5100883372469;460;9.0;14.0;0.0;13.0;0.0
2024-06-24;UP;3924;-14098.673317676905;3924;16.0;111.0;61.0;560.0;0.0
2024-06-24;US;39783;-91140.3931950496;39783;363.0;2570.0;575.0;2816.0;10.0
2024-06-25;GM;1730;-3193.3179536782127;1730;8.0;60.0;30.0;72.0;0.0
2024-06-25;IS;9019;-38883.44985497234;9019;182.0;246.0;199.0;1001.0;41.0
2024-06-25;NI;3705;-4415.724343277789;3705;42.0;122.0;51.0;120.0;0.0
2024-06-25;PK;2197;-4931.424647603375;2197;16.0;81.0;31.0;78.0;0.0
2024-06-25;RS;6558;-23765.153865474364;6558;25.0;435.0;135.0;696.0;3.0
2024-06-25;TW;599;-821.0980255702312;599;4.0;11.0;5.0;14.0;0.0
2024-06-25;UP;4280;-11961.799036641029;4280;9.0;225.0;83.0;356.0;4.0
2024-06-25;US;48789;-120177.7903449842;48789;329.0;3220.0;705.0;3113.0;15.0
2024-06-26;GM;1815;-4073.418724573016;1815;11.0;77.0;15.0;81.0;1.0
2024-06-26;IS;8446;-32397.52265764069;8446;167.0;261.0;173.0;903.0;10.0
2024-06-26;NI;3511;-2804.456049921733;3511;36.0;163.0;28.0;88.0;0.0
2024-06-26;PK;2266;-5984.2435733666225;2266;29.0;172.0;48.0;154.0;0.0
2024-06-26;RS;6358;-24630.585998681683;6358;21.0;537.0;118.0;459.0;2.0
2024-06-26;TW;569;-768.329755899083;569;1.0;8.0;2.0;26.0;0.0
2024-06-26;UP;4153;-11885.79313909822;4153;5.0;223.0;74.0;282.0;0.0
2024-06-26;US;52386;-124068.98708832232;52386;293.0;3655.0;776.0;3146.0;10.0
2024-06-27;GM;1727;-2669.8702653044616;1727;13.0;65.0;26.0;102.0;2.0
2024-06-27;IS;7702;-33038.748061794504;7702;151.0;299.0;205.0;930.0;26.0
2024-06-27;NI;3275;-4295.133403188178;3275;16.0;140.0;48.0;169.0;0.0
2024-06-27;PK;2173;-6490.081736654951;2173;41.0;155.0;34.0;84.0;0.0
2024-06-27;RS;4943;-16021.699851405408;4943;19.0;223.0;78.0;485.0;1.0
2024-06-27;TW;521;-1093.3500611059387;521;1.0;17.0;3.0;30.0;0.0
2024-06-27;UP;3978;-7871.698648496465;3978;13.0;79.0;41.0;382.0;0.0
2024-06-27;US;50166;-116721.37042006312;50166;321.0;3354.0;864.0;3036.0;14.0
2024-06-28;GM;1451;-1700.3108223102884;1451;20.0;42.0;4.0;59.0;0.0
2024-06-28;IS;7806;-37132.43651303557;7806;167.0;365.0;410.0;1138.0;29.0
2024-06-28;NI;3277;-4287.562931124352;3277;27.0;195.0;77.0;140.0;0.0
2024-06-28;PK;1935;-4603.914803439163;1935;19.0;94.0;40.0;80.0;0.0
2024-06-28;RS;4651;-12736.61289051614;4651;25.0;140.0;69.0;415.0;4.0
2024-06-28;TW;518;-1509.6468235759658;518;0.0;38.0;4.0;17.0;0.0
2024-06-28;UP;3766;-8233.256541008679;3766;13.0;88.0;62.0;343.0;2.0
2024-06-28;US;50471;-127550.12992840775;50471;323.0;3661.0;718.0;3067.0;7.0
2024-06-29;GM;785;-1187.720562417172;785;13.0;32.0;4.0;31.0;0.0
2024-06-29;IS;4316;-20853.20654626945;4316;81.0;121.0;142.0;641.0;16.0
2024-06-29;NI;2326;-2828.3278306482075;2326;13.0;169.0;63.0;93.0;0.0
2024-06-29;PK;1531;-3575.1188099283618;1531;26.0;54.0;21.0;63.0;0.0
2024-06-29;RS;2693;-8775.182509505803;2693;20.0;100.0;66.0;372.0;0.0
2024-06-29;TW;335;-649.2219211064702;335;1.0;16.0;1.0;10.0;0.0
2024-06-29;UP;2034;-5600.526517411007;2034;5.0;67.0;46.0;334.0;0.0
2024-06-29;US;28608;-68028.4226521649;28608;152.0;1989.0;487.0;1849.0;3.0
2024-06-30;GM;899;-1802.387048735496;899;22.0;46.0;9.0;73.0;0.0
2024-06-30;IS;5263;-26320.458340360947;5263;161.0;188.0;225.0;778.0;20.0
2024-06-30;NI;3253;-9717.552978782076;3253;22.0;242.0;135.0;239.0;0.0
2024-06-30;PK;1496;-5084.387898985714;1496;10.0;84.0;48.0;141.0;0.0
2024-06-30;RS;2443;-8634.985073947542;2443;10.0;70.0;59.0;386.0;0.0
2024-06-30;TW;282;-304.4688851475135;282;0.0;6.0;0.0;12.0;0.0
2024-06-30;UP;1769;-6666.584564532179;1769;12.0;37.0;75.0;348.0;0.0
2024-06-30;US;20749;-44039.378712449485;20749;181.0;1084.0;310.0;1439.0;1.0
2024-07-01;GM;1499;-2137.8310867097102;1499;29.0;84.0;34.0;80.0;0.0
2024-07-01;IS;6636;-34177.58779037318;6636;161.0;326.0;257.0;1014.0;16.0
2024-07-01;NI;3619;-10713.702391521338;3619;19.0;155.0;149.0;308.0;0.0
2024-07-01;PK;2168;-7760.182822955497;2168;41.0;122.0;60.0;155.0;0.0
2024-07-01;RS;4060;-10631.544910261004;4060;21.0;155.0;78.0;504.0;4.0
2024-07-01;TW;535;-705.1517653626294;535;2.0;29.0;2.0;28.0;0.0
2024-07-01;UP;3119;-8343.963043138392;3119;24.0;98.0;66.0;409.0;2.0
2024-07-01;US;39767;-85968.47731242579;39767;227.0;2679.0;654.0;2396.0;7.0
2024-07-02;GM;1585;-1419.959416052415;1585;16.0;58.0;14.0;62.0;0.0
2024-07-02;IS;6985;-35685.913476934504;6985;122.0;325.0;325.0;1023.0;35.0
2024-07-02;NI;3576;-7045.402645645661;3576;49.0;170.0;91.0;147.0;0.0
2024-07-02;PK;2617;-5586.225664101497;2617;16.0;144.0;35.0;256.0;0.0
2024-07-02;RS;4477;-10396.230720042431;4477;24.0;195.0;43.0;401.0;0.0
2024-07-02;TW;481;-648.1121415911299;481;2.0;24.0;1.0;14.0;0.0
2024-07-02;UP;4317;-8677.9056384432;4317;4.0;102.0;45.0;401.0;0.0
2024-07-02;US;46158;-106240.06094549574;46158;240.0;3138.0;842.0;2766.0;7.0
2024-07-03;GM;1463;-2863.7441721564855;1463;6.0;122.0;35.0;71.0;0.0
2024-07-03;IS;8003;-38758.88040730954;8003;133.0;251.0;342.0;1262.0;40.0
2024-07-03;NI;3684;-8503.165673796126;3684;36.0;214.0;106.0;200.0;2.0
2024-07-03;PK;2552;-4350.47942233492;2552;24.0;104.0;44.0;172.0;0.0
2024-07-03;RS;5795;-13990.45663254115;5795;14.0;250.0;120.0;527.0;7.0
2024-07-03;TW;756;-1796.2724490619737;756;3.0;99.0;2.0;30.0;0.0
2024-07-03;UP;4106;-9260.488599532631;4106;5.0;106.0;82.0;490.0;3.0
2024-07-03;US;47282;-100652.81222136835;47282;290.0;3178.0;728.0;2712.0;15.0
2024-07-04;GM;1254;-852.5826195600537;1254;2.0;47.0;15.0;33.0;0.0
2024-07-04;IS;7001;-33041.09179488853;7001;89.0;240.0;237.0;1220.0;11.0
2024-07-04;NI;3997;-5929.073611753831;3997;42.0;238.0;105.0;166.0;0.0
2024-07-04;PK;2877;-5703.508901546786;2877;28.0;132.0;61.0;174.0;0.0
2024-07-04;RS;4930;-10787.073096979888;4930;18.0;180.0;96.0;470.0;1.0
2024-07-04;TW;485;-293.27355951701406;485;4.0;42.0;0.0;9.0;0.0
2024-07-04;UP;3356;-8774.010838951446;3356;3.0;82.0;86.0;463.0;0.0
2024-07-04;US;33450;-62396.96615207748;33450;144.0;2104.0;501.0;2119.0;11.0
2024-07-05;GM;1344;-1264.754054055702;1344;9.0;60.0;15.0;75.0;2.0
2024-07-05;IS;6380;-25793.919185652892;6380;175.0;207.0;198.0;815.0;14.0
2024-07-05;NI;3677;-2884.410788069203;3677;59.0;196.0;74.0;171.0;0.0
2024-07-05;PK;2168;-6378.32202266087;2168;41.0;95.0;38.0;127.0;0.0
2024-07-05;RS;5176;-11669.621882166024;5176;16.0;173.0;91.0;385.0;2.0
2024-07-05;TW;590;-1080.3853805924366;590;3.0;46.0;2.0;30.0;0.0
2024-07-05;UP;3768;-7226.515686558813;3768;6.0;64.0;62.0;323.0;1.0
2024-07-05;US;33355;-57838.21655132556;33355;284.0;1873.0;463.0;2150.0;8.0
2024-07-06;GM;809;-1534.4364743393464;809;4.0;33.0;7.0;53.0;0.0
2024-07-06;IS;4214;-19216.531471841063;4214;122.0;149.0;164.0;696.0;10.0
2024-07-06;NI;2695;-3782.58882992685;2695;17.0;128.0;54.0;206.0;0.0
2024-07-06;PK;1658;-3614.299308699688;1658;44.0;90.0;13.0;106.0;1.0
2024-07-06;RS;2547;-6447.33720462604;2547;7.0;75.0;68.0;277.0;0.0
2024-07-06;TW;422;-484.32138113305285;422;0.0;12.0;1.0;13.0;0.0
2024-07-06;UP;2255;-3694.3859830343217;2255;2.0;43.0;46.0;262.0;3.0
2024-07-06;US;24089;-51025.93347282588;24089;187.0;1323.0;318.0;1648.0;2.0
2024-07-07;GM;884;-1206.79337070357;884;11.0;36.0;10.0;46.0;0.0
2024-07-07;IS;4980;-23998.241506146656;4980;121.0;158.0;177.0;837.0;23.0
2024-07-07;NI;2673;-2452.6585691440155;2673;18.0;136.0;94.0;114.0;0.0
2024-07-07;PK;1805;-5758.79745944351;1805;37.0;127.0;34.0;226.0;0.0
2024-07-07;RS;2923;-6453.619257384595;2923;7.0;57.0;59.0;340.0;2.0
2024-07-07;TW;370;-106.85661133430946;370;2.0;7.0;0.0;11.0;0.0
2024-07-07;UP;2531;-5279.553502755081;2531;11.0;48.0;56.0;313.0;2.0
2024-07-07;US;19597;-40882.1511148496;19597;108.0;883.0;229.0;1378.0;5.0
2024-07-08;GM;1781;-1184.8942843092318;1781;14.0;40.0;15.0;82.0;0.0
2024-07-08;IS;7100;-32995.011735297696;7100;112.0;216.0;212.0;1102.0;12.0
2024-07-08;NI;3843;-4054.9173708696194;3843;21.0;232.0;61.0;107.0;0.0
2024-07-08;PK;2493;-8116.122117548656;2493;15.0;147.0;78.0;337.0;1.0
2024-07-08;RS;7660;-15216.462282210052;7660;28.0;117.0;105.0;901.0;1.0
2024-07-08;TW;632;82.38329344863743;632;6.0;22.0;8.0;13.0;0.0
2024-07-08;UP;6519;-14307.06715101897;6519;10.0;82.0;134.0;935.0;0.0
2024-07-08;US;38293;-73682.99933000474;38293;168.0;1908.0;483.0;2170.0;1.0
2024-07-09;GM;1614;-1721.9874565293528;1614;17.0;62.0;13.0;63.0;0.0
2024-07-09;IS;6618;-30927.60236818596;6618;105.0;239.0;260.0;963.0;22.0
2024-07-09;NI;3665;-4648.791185556983;3665;52.0;222.0;79.0;136.0;0.0
2024-07-09;PK;2677;-8883.317663495995;2677;26.0;96.0;73.0;280.0;0.0
2024-07-09;RS;9022;-18954.82751212064;9022;44.0;221.0;142.0;952.0;0.0
2024-07-09;TW;467;-771.8048919984586;467;1.0;25.0;2.0;19.0;0.0
2024-07-09;UP;6803;-17564.165339549825;6803;36.0;102.0;111.0;884.0;0.0
2024-07-09;US;47417;-94661.81877945762;47417;223.0;2701.0;674.0;2781.0;5.0
2024-07-10;GM;1742;-1474.157344855779;1742;6.0;68.0;17.0;36.0;1.0
2024-07-10;IS;7137;-33143.79979435621;7137;166.0;324.0;286.0;957.0;47.0
2024-07-10;NI;3799;-4146.267237765735;3799;48.0;216.0;72.0;144.0;0.0
2024-07-10;PK;2471;-7136.160919453598;2471;18.0;81.0;35.0;302.0;0.0
2024-07-10;RS;7213;-14048.13473192169;7213;32.0;224.0;74.0;619.0;0.0
2024-07-10;TW;610;-635.7219952240115;610;2.0;13.0;4.0;26.0;0.0
2024-07-10;UP;7041;-9233.991899323111;7041;23.0;107.0;84.0;618.0;1.0
2024-07-10;US;50471;-96729.3392645022;50471;254.0;2895.0;795.0;2952.0;13.0
2024-07-11;GM;2179;-3370.3505369971754;2179;11.0;70.0;57.0;75.0;0.0
2024-07-11;IS;6947;-29552.20328026141;6947;113.0;257.0;194.0;704.0;24.0
2024-07-11;NI;3968;-5954.608115216686;3968;39.0;225.0;64.0;169.0;3.0
2024-07-11;PK;2598;-3726.045929675996;2598;10.0;72.0;33.0;191.0;0.0
2024-07-11;RS;7106;-15989.181481979049;7106;38.0;223.0;140.0;521.0;0.0
2024-07-11;TW;765;-701.403279935118;765;0.0;17.0;3.0;12.0;0.0
2024-07-11;UP;6702;-7142.462953995827;6702;21.0;120.0;89.0;483.0;0.0
2024-07-11;US;52771;-100285.9557399415;52771;256.0;2906.0;847.0;2861.0;9.0
2024-07-12;GM;1886;-2840.828437930135;1886;20.0;65.0;37.0;78.0;0.0
2024-07-12;IS;6002;-25352.47443769626;6002;112.0;222.0;157.0;740.0;31.0
2024-07-12;NI;3911;-3277.510837095025;3911;47.0;179.0;63.0;145.0;0.0
2024-07-12;PK;2209;-1747.2751748418543;2209;14.0;94.0;27.0;121.0;0.0
2024-07-12;RS;6510;-17180.37091308066;6510;23.0;238.0;113.0;437.0;1.0
2024-07-12;TW;593;-870.2505985306194;593;10.0;26.0;0.0;16.0;0.0
2024-07-12;UP;5879;-11515.537886057027;5879;21.0;146.0;77.0;439.0;1.0
2024-07-12;US;47603;-98739.3343078225;47603;270.0;2651.0;807.0;2870.0;4.0
2024-07-13;GM;1120;-1680.923792977257;1120;11.0;30.0;23.0;81.0;1.0
2024-07-13;IS;4489;-23082.210293468477;4489;77.0;136.0;191.0;771.0;67.0
2024-07-13;NI;3066;-3271.690709682952;3066;16.0;118.0;59.0;117.0;0.0
2024-07-13;PK;2107;-6234.2463195793725;2107;14.0;165.0;31.0;132.0;0.0
2024-07-13;RS;3524;-10731.512530070044;3524;4.0;114.0;67.0;317.0;0.0
2024-07-13;TW;399;48.50930543683682;399;4.0;6.0;4.0;35.0;0.0
2024-07-13;UP;3251;-8109.241611692809;3251;5.0;55.0;71.0;308.0;0.0
2024-07-13;US;30194;-64129.79660440887;30194;199.0;1643.0;453.0;1856.0;4.0
2024-07-14;GM;905;-2398.2158533643155;905;5.0;10.0;31.0;99.0;0.0
2024-07-14;IS;5102;-27085.719800754225;5102;52.0;147.0;285.0;935.0;55.0
2024-07-14;NI;2702;-1722.040910501654;2702;23.0;107.0;50.0;125.0;0.0
2024-07-14;PK;1843;-4338.9621456755585;1843;9.0;122.0;44.0;123.0;0.0
2024-07-14;RS;2523;-9242.216954315218;2523;12.0;140.0;112.0;338.0;0.0
2024-07-14;TW;348;-949.6569231458224;348;0.0;5.0;4.0;24.0;0.0
2024-07-14;UP;2022;-7153.227203122795;2022;9.0;62.0;59.0;274.0;0.0
2024-07-14;US;33429;-109333.06782033692;33429;259.0;1196.0;1836.0;4212.0;4.0
2024-07-15;GM;1506;-2745.5034972541225;1506;7.0;39.0;37.0;84.0;0.0
2024-07-15;IS;6226;-30089.274736984906;6226;94.0;218.0;262.0;1008.0;51.0
2024-07-15;NI;3651;-2990.9498018350187;3651;55.0;203.0;76.0;128.0;0.0
2024-07-15;PK;2358;-7665.213738812832;2358;16.0;351.0;61.0;190.0;0.0
2024-07-15;RS;4350;-12141.913137870568;4350;27.0;179.0;141.0;435.0;0.0
2024-07-15;TW;357;-326.2380557722207;357;1.0;15.0;6.0;19.0;0.0
2024-07-15;UP;3446;-8667.61231435714;3446;20.0;86.0;103.0;394.0;0.0
2024-07-15;US;47663;-111380.5514215394;47663;324.0;2050.0;1916.0;4156.0;8.0
2024-07-16;GM;1542;-1971.149232764212;1542;7.0;78.0;20.0;61.0;0.0
2024-07-16;IS;6461;-29393.06158007701;6461;112.0;201.0;248.0;1314.0;52.0
2024-07-16;NI;3921;-3804.6546983584326;3921;38.0;202.0;49.0;113.0;0.0
2024-07-16;PK;2993;-14432.29749536208;2993;27.0;213.0;95.0;550.0;0.0
2024-07-16;RS;4515;-12292.851622793323;4515;21.0;303.0;90.0;439.0;2.0
2024-07-16;TW;556;-455.9288088557977;556;0.0;11.0;2.0;26.0;0.0
2024-07-16;UP;3911;-7405.346431329112;3911;13.0;135.0;94.0;356.0;0.0
2024-07-16;US;53711;-113725.8008459415;53711;292.0;3043.0;1761.0;3863.0;9.0
2024-07-17;GM;1713;-1910.2305897154567;1713;9.0;54.0;30.0;64.0;2.0
2024-07-17;IS;6459;-30922.00519555889;6459;82.0;248.0;384.0;1021.0;41.0
2024-07-17;NI;3631;-4698.117821585069;3631;50.0;199.0;72.0;92.0;0.0
2024-07-17;PK;2049;-8183.992809363435;2049;51.0;88.0;64.0;305.0;0.0
2024-07-17;RS;5150;-14635.241339175587;5150;8.0;272.0;80.0;534.0;1.0
2024-07-17;TW;848;-999.2110212055852;848;6.0;30.0;6.0;23.0;0.0
2024-07-17;UP;4461;-10604.36829772104;4461;13.0;134.0;70.0;505.0;2.0
2024-07-17;US;54589;-113805.6230210272;54589;346.0;3470.0;1522.0;3942.0;4.0
2024-07-18;GM;1741;-1355.5745288958817;1741;12.0;80.0;12.0;70.0;0.0
2024-07-18;IS;7274;-34200.17911667586;7274;104.0;256.0;275.0;1008.0;18.0
2024-07-18;NI;3750;-5564.083203400148;3750;55.0;185.0;56.0;117.0;0.0
2024-07-18;PK;1776;-6281.797476704312;1776;43.0;143.0;49.0;207.0;0.0
2024-07-18;RS;4983;-15286.851507429952;4983;18.0;274.0;69.0;414.0;0.0
2024-07-18;TW;755;-804.9478324530158;755;1.0;32.0;5.0;25.0;0.0
2024-07-18;UP;4491;-6948.670797126678;4491;7.0;76.0;61.0;434.0;0.0
2024-07-18;US;53230;-106974.41263345568;53230;354.0;3018.0;1239.0;3480.0;6.0
2024-07-19;GM;1723;-3521.7329313410837;1723;9.0;102.0;19.0;99.0;0.0
2024-07-19;IS;7927;-35188.61961014988;7927;95.0;280.0;265.0;1005.0;49.0
2024-07-19;NI;3689;-4869.926527210297;3689;45.0;150.0;36.0;165.0;0.0
2024-07-19;PK;2524;-8133.822006078465;2524;64.0;187.0;51.0;250.0;0.0
2024-07-19;RS;6097;-23474.853544172573;6097;14.0;597.0;118.0;399.0;1.0
2024-07-19;TW;649;-642.889186486836;649;4.0;11.0;4.0;28.0;0.0
2024-07-19;UP;4383;-8722.325839746733;4383;10.0;153.0;79.0;390.0;0.0
2024-07-19;US;51411;-112007.46811759504;51411;266.0;3206.0;1064.0;3210.0;6.0
2024-07-20;GM;946;-2524.608284752375;946;4.0;63.0;12.0;51.0;0.0
2024-07-20;IS;5542;-24324.666987972854;5542;58.0;125.0;174.0;927.0;28.0
2024-07-20;NI;2680;-2498.3116532526437;2680;29.0;128.0;45.0;104.0;0.0
2024-07-20;PK;2462;-8496.484380735015;2462;65.0;180.0;68.0;199.0;0.0
2024-07-20;RS;3379;-11332.49831624095;3379;21.0;255.0;90.0;389.0;0.0
2024-07-20;TW;345;-401.2210911734294;345;2.0;10.0;0.0;9.0;0.0
2024-07-20;UP;2854;-6779.024816196996;2854;10.0;56.0;86.0;397.0;0.0
2024-07-20;US;29900;-64102.53844691415;29900;191.0;1666.0;650.0;2164.0;3.0
2024-07-21;GM;975;-2627.623159576219;975;33.0;57.0;25.0;59.0;0.0
2024-07-21;IS;6207;-28711.48121014309;6207;76.0;115.0;195.0;1198.0;38.0
2024-07-21;NI;3077;-2886.6919984457927;3077;49.0;142.0;63.0;81.0;0.0
2024-07-21;PK;2012;-7534.144342380881;2012;74.0;111.0;80.0;141.0;2.0
2024-07-21;RS;2466;-7903.597585084361;2466;19.0;160.0;49.0;414.0;0.0
2024-07-21;TW;382;-551.3975954927475;382;1.0;12.0;0.0;31.0;0.0
2024-07-21;UP;1911;-5413.36384810443;1911;20.0;56.0;42.0;313.0;0.0
2024-07-21;US;29017;-38484.88479264252;29017;265.0;1032.0;594.0;2071.0;5.0
2024-07-22;GM;1561;-1949.322319457499;1561;41.0;69.0;19.0;53.0;4.0
2024-07-22;IS;8816;-34042.642478439535;8816;164.0;213.0;289.0;1139.0;13.0
2024-07-22;NI;3914;-6531.282618176753;3914;74.0;198.0;57.0;168.0;0.0
2024-07-22;PK;2137;-8323.504628791876;2137;79.0;148.0;73.0;183.0;0.0
2024-07-22;RS;4569;-13116.828908772492;4569;18.0;416.0;75.0;488.0;0.0
2024-07-22;TW;433;-282.24781299112607;433;2.0;10.0;5.0;25.0;0.0
2024-07-22;UP;3420;-6953.056114221085;3420;21.0;158.0;68.0;357.0;0.0
2024-07-22;US;49910;-48465.38827414306;49910;398.0;2111.0;852.0;2685.0;6.0
2024-07-23;GM;1440;-1935.9640712156704;1440;9.0;69.0;7.0;47.0;0.0
2024-07-23;IS;11335;-38182.50574347488;11335;184.0;315.0;267.0;1108.0;28.0
2024-07-23;NI;4009;-8202.14271291917;4009;95.0;168.0;45.0;125.0;0.0
2024-07-23;PK;2169;-5215.897009514313;2169;56.0;140.0;37.0;122.0;0.0
2024-07-23;RS;4357;-13133.772590276983;4357;18.0;331.0;50.0;394.0;2.0
2024-07-23;TW;673;-930.0152719217804;673;1.0;18.0;0.0;21.0;0.0
2024-07-23;UP;3584;-7886.769702955966;3584;11.0;113.0;52.0;325.0;1.0
2024-07-23;US;53683;-80896.566560462;53683;434.0;2558.0;911.0;3135.0;15.0
2024-07-24;GM;1882;-2370.059371987107;1882;18.0;132.0;20.0;88.0;0.0
2024-07-24;IS;14637;-54009.57767126761;14637;549.0;440.0;368.0;1087.0;47.0
2024-07-24;NI;3536;-4838.834974869298;3536;94.0;138.0;35.0;127.0;1.0
2024-07-24;PK;2309;-5425.485712996842;2309;41.0;188.0;30.0;149.0;0.0
2024-07-24;RS;4767;-11357.250563610478;4767;18.0;258.0;99.0;408.0;2.0
2024-07-24;TW;526;-465.0527370350447;526;0.0;9.0;1.0;15.0;0.0
2024-07-24;UP;4016;-6805.879497512846;4016;14.0;69.0;72.0;375.0;2.0
2024-07-24;US;54470;-112439.1921383889;54470;709.0;2961.0;1074.0;3087.0;23.0
2024-07-25;GM;1815;-2301.6857296991866;1815;30.0;90.0;15.0;60.0;1.0
2024-07-25;IS;12835;-52251.71455848219;12835;581.0;445.0;390.0;964.0;32.0
2024-07-25;NI;3834;-6888.631904474385;3834;130.0;134.0;30.0;88.0;0.0
2024-07-25;PK;2398;-5535.392084527778;2398;47.0;140.0;67.0;161.0;0.0
2024-07-25;RS;5160;-12410.691962279492;5160;18.0;202.0;64.0;447.0;0.0
2024-07-25;TW;458;-869.8326313996405;458;0.0;8.0;1.0;25.0;0.0
2024-07-25;UP;3569;-8299.518085508898;3569;10.0;106.0;63.0;340.0;0.0
2024-07-25;US;54610;-119377.02888192968;54610;802.0;3162.0;936.0;3116.0;12.0
2024-07-26;GM;1372;-2816.590371811405;1372;11.0;86.0;7.0;45.0;1.0
2024-07-26;IS;11030;-45175.19228647329;11030;343.0;423.0;310.0;875.0;29.0
2024-07-26;NI;3561;-5602.97746965254;3561;115.0;174.0;25.0;123.0;0.0
2024-07-26;PK;2637;-5666.687361358887;2637;56.0;120.0;53.0;266.0;0.0
2024-07-26;RS;4384;-12067.543994016562;4384;20.0;230.0;87.0;367.0;1.0
2024-07-26;TW;339;-695.9319420814378;339;0.0;11.0;2.0;9.0;0.0
2024-07-26;UP;2716;-8767.610541781865;2716;9.0;110.0;58.0;331.0;1.0
2024-07-26;US;50138;-114195.95361321783;50138;514.0;3459.0;807.0;3177.0;5.0
2024-07-27;GM;695;-1820.980898604814;695;8.0;33.0;7.0;47.0;0.0
2024-07-27;IS;6174;-28068.518180210423;6174;131.0;183.0;156.0;773.0;24.0
2024-07-27;NI;2943;-5418.680711932856;2943;110.0;120.0;18.0;92.0;0.0
2024-07-27;PK;1965;-6487.631169809642;1965;43.0;102.0;52.0;230.0;0.0
2024-07-27;RS;2954;-7941.436847189217;2954;7.0;167.0;43.0;324.0;0.0
2024-07-27;TW;347;-826.0601145794865;347;0.0;3.0;2.0;21.0;0.0
2024-07-27;UP;1902;-4437.217097115318;1902;9.0;50.0;41.0;271.0;5.0
2024-07-27;US;29107;-59264.87276573061;29107;257.0;1758.0;463.0;2192.0;7.0
2024-07-28;GM;626;-1164.8517086131333;626;4.0;22.0;7.0;24.0;0.0
2024-07-28;IS;4769;-22898.546302491424;4769;72.0;113.0;139.0;710.0;15.0
2024-07-28;NI;3164;-7461.472815432506;3164;117.0;189.0;26.0;134.0;0.0
2024-07-28;PK;1891;-6813.784389212456;1891;43.0;86.0;43.0;218.0;0.0
2024-07-28;RS;2546;-7100.29385114479;2546;8.0;87.0;39.0;350.0;1.0
2024-07-28;TW;336;-804.0397576333934;336;2.0;1.0;5.0;9.0;0.0
2024-07-28;UP;1632;-5192.594675899577;1632;1.0;50.0;39.0;280.0;0.0
2024-07-28;US;20549;-33620.412942996554;20549;133.0;1048.0;316.0;1502.0;4.0
2024-07-29;GM;1257;-1575.696531423184;1257;12.0;43.0;10.0;40.0;1.0
2024-07-29;IS;7043;-35309.34652559697;7043;127.0;227.0;232.0;890.0;15.0
2024-07-29;NI;3740;-7140.047760093243;3740;172.0;140.0;44.0;138.0;0.0
2024-07-29;PK;2082;-7228.96233796425;2082;62.0;116.0;68.0;208.0;0.0
2024-07-29;RS;3903;-11600.019393830302;3903;19.0;125.0;97.0;423.0;1.0
2024-07-29;TW;530;-725.6136598857793;530;2.0;15.0;0.0;5.0;0.0
2024-07-29;UP;2489;-7079.6406629012035;2489;8.0;44.0;67.0;337.0;0.0
2024-07-29;US;38954;-74713.56434682167;38954;287.0;2193.0;651.0;2886.0;4.0
2024-07-30;GM;1502;-2548.44326693362;1502;7.0;109.0;19.0;81.0;2.0
2024-07-30;IS;7941;-44571.577245020046;7941;182.0;370.0;317.0;1194.0;22.0
2024-07-30;NI;3765;-7209.3730059618065;3765;191.0;127.0;31.0;109.0;0.0
2024-07-30;PK;2276;-7369.368780964508;2276;27.0;195.0;57.0;239.0;4.0
2024-07-30;RS;4086;-13073.555444217807;4086;14.0;197.0;90.0;394.0;4.0
2024-07-30;TW;654;-942.1499223813096;654;9.0;20.0;0.0;17.0;0.0
2024-07-30;UP;2645;-6415.668395770979;2645;8.0;72.0;75.0;290.0;6.0
2024-07-30;US;47877;-100519.5911843379;47877;358.0;3038.0;752.0;3166.0;25.0
2024-07-31;GM;1448;-2071.8839920896576;1448;9.0;91.0;12.0;71.0;0.0
2024-07-31;IS;15287;-91101.4999665025;15287;169.0;400.0;1031.0;2234.0;33.0
2024-07-31;NI;3956;-8015.354688109558;3956;218.0;182.0;41.0;142.0;1.0
2024-07-31;PK;2358;-8181.577503378534;2358;67.0;169.0;36.0;204.0;0.0
2024-07-31;RS;3839;-14857.08320749552;3839;24.0;220.0;115.0;514.0;2.0
2024-07-31;TW;630;-649.2658592621412;630;2.0;16.0;0.0;12.0;0.0
2024-07-31;UP;2459;-7953.797203271982;2459;7.0;56.0;70.0;414.0;0.0
2024-07-31;US;50170;-107555.07162569278;50170;435.0;3048.0;976.0;3209.0;24.0
2024-08-01;GM;2884;-9887.687379040646;2884;13.0;357.0;49.0;229.0;0.0
2024-08-01;IS;13094;-77757.37097355514;13094;237.0;329.0;858.0;1762.0;30.0
2024-08-01;NI;4777;-19573.66793075279;4777;432.0;368.0;188.0;297.0;0.0
2024-08-01;PK;2355;-8170.554176545752;2355;70.0;194.0;54.0;128.0;0.0
2024-08-01;RS;9115;-39966.78059944902;9115;48.0;1452.0;157.0;624.0;0.0
2024-08-01;TW;559;-611.3579370202131;559;3.0;24.0;7.0;27.0;0.0
2024-08-01;UP;2895;-9008.020818738436;2895;15.0;200.0;48.0;372.0;0.0
2024-08-01;US;52684;-122556.54209337292;52684;393.0;3694.0;967.0;3163.0;9.0
2024-08-02;GM;3308;-8533.685111592511;3308;13.0;353.0;65.0;246.0;0.0
2024-08-02;IS;10344;-57747.09867181152;10344;141.0;346.0;594.0;1408.0;20.0
2024-08-02;NI;4510;-20595.11346981395;4510;466.0;441.0;137.0;275.0;3.0
2024-08-02;PK;2327;-8487.948910436797;2327;79.0;124.0;72.0;172.0;3.0
2024-08-02;RS;9447;-32252.321769952083;9447;29.0;1260.0;158.0;497.0;6.0
2024-08-02;TW;414;-606.9346325336257;414;7.0;17.0;1.0;9.0;0.0
2024-08-02;UP;2335;-7257.447344590832;2335;13.0;133.0;72.0;251.0;0.0
2024-08-02;US;49423;-112306.13519188402;49423;318.0;3527.0;829.0;2979.0;29.0
2024-08-03;GM;1073;-2763.495669193223;1073;8.0;91.0;9.0;70.0;0.0
2024-08-03;IS;6444;-33835.907015229976;6444;83.0;162.0;329.0;1091.0;10.0
2024-08-03;NI;3275;-14269.468751740422;3275;261.0;272.0;75.0;187.0;2.0
2024-08-03;PK;2073;-7756.184203651412;2073;67.0;121.0;78.0;110.0;0.0
2024-08-03;RS;3496;-13045.88369777022;3496;19.0;397.0;76.0;328.0;0.0
2024-08-03;TW;208;-402.27400271750525;208;3.0;2.0;0.0;19.0;0.0
2024-08-03;UP;1543;-6094.099106177302;1543;12.0;61.0;56.0;255.0;0.0
2024-08-03;US;28072;-63634.25080806104;28072;203.0;1762.0;487.0;2083.0;8.0
2024-08-04;GM;1059;-1974.9857601260571;1059;2.0;66.0;16.0;58.0;1.0
2024-08-04;IS;7353;-42550.109378867346;7353;115.0;137.0;351.0;1273.0;20.0
2024-08-04;NI;3248;-13684.873435921949;3248;210.0;178.0;30.0;184.0;2.0
2024-08-04;PK;1795;-6521.86140251863;1795;53.0;109.0;46.0;125.0;3.0
2024-08-04;RS;2770;-9236.255321715566;2770;24.0;196.0;43.0;354.0;0.0
2024-08-04;TW;201;-399.5789839064249;201;1.0;6.0;0.0;4.0;0.0
2024-08-04;UP;1752;-4426.764394390432;1752;8.0;33.0;25.0;321.0;0.0
2024-08-04;US;20560;-41924.99279665159;20560;130.0;1012.0;283.0;1557.0;18.0
2024-08-05;GM;1572;-2184.258478109691;1572;15.0;99.0;8.0;71.0;0.0
2024-08-05;IS;10155;-52563.780785192444;10155;115.0;284.0;440.0;1462.0;37.0
2024-08-05;NI;4096;-14957.69396768804;4096;213.0;405.0;81.0;148.0;4.0
2024-08-05;PK;2592;-8969.77911485539;2592;78.0;139.0;55.0;225.0;2.0
2024-08-05;RS;4209;-15404.204875483538;4209;56.0;299.0;77.0;497.0;0.0
2024-08-05;TW;305;-190.30444507435053;305;1.0;5.0;2.0;3.0;0.0
2024-08-05;UP;2713;-7895.6527038851555;2713;10.0;36.0;51.0;470.0;0.0
2024-08-05;US;39187;-78810.54621680701;39187;211.0;2174.0;537.0;2447.0;8.0
2024-08-06;GM;1426;-2527.572910943615;1426;23.0;112.0;12.0;73.0;0.0
2024-08-06;IS;10133;-52636.7884505375;10133;213.0;311.0;422.0;1575.0;29.0
2024-08-06;NI;4226;-13871.648099024696;4226;204.0;389.0;48.0;147.0;0.0
2024-08-06;PK;2757;-8163.64923180559;2757;80.0;189.0;121.0;155.0;0.0
2024-08-06;RS;4616;-16718.587716968992;4616;56.0;317.0;62.0;541.0;2.0
2024-08-06;TW;378;-463.7562911842056;378;2.0;12.0;0.0;20.0;0.0
2024-08-06;UP;2378;-8225.393337675196;2378;16.0;83.0;41.0;458.0;2.0
2024-08-06;US;47185;-97478.39813533472;47185;351.0;2696.0;727.0;3045.0;13.0
2024-08-07;GM;1381;-2332.8893280675015;1381;9.0;100.0;15.0;53.0;2.0
2024-08-07;IS;9428;-46558.96067698156;9428;140.0;226.0;431.0;1248.0;63.0
2024-08-07;NI;3922;-11884.467133843782;3922;209.0;368.0;60.0;155.0;0.0
2024-08-07;PK;2798;-8132.900958459873;2798;46.0;172.0;148.0;192.0;0.0
2024-08-07;RS;4754;-20274.428249241137;4754;47.0;283.0;84.0;921.0;0.0
2024-08-07;TW;438;-52.027477344457786;438;4.0;6.0;1.0;14.0;0.0
2024-08-07;UP;3494;-15755.40829865273;3494;16.0;109.0;60.0;809.0;0.0
2024-08-07;US;48448;-92740.29244792456;48448;387.0;2730.0;886.0;3112.0;33.0
2024-08-08;GM;1450;-2474.679727958713;1450;4.0;67.0;20.0;106.0;0.0
2024-08-08;IS;9012;-43591.35058646301;9012;130.0;218.0;444.0;1011.0;16.0
2024-08-08;NI;3365;-8971.998050563365;3365;137.0;294.0;30.0;141.0;0.0
2024-08-08;PK;2129;-4694.059130135614;2129;45.0;123.0;66.0;83.0;0.0
2024-08-08;RS;5316;-22370.083769254594;5316;44.0;355.0;136.0;879.0;0.0
2024-08-08;TW;411;-435.73919397760113;411;0.0;11.0;4.0;24.0;0.0
2024-08-08;UP;3989;-15699.487173378056;3989;16.0;162.0;115.0;817.0;0.0
2024-08-08;US;47464;-98715.34853190984;47464;367.0;2888.0;913.0;2830.0;6.0
2024-08-09;GM;1410;-2107.100278523122;1410;8.0;73.0;11.0;91.0;2.0
2024-08-09;IS;8299;-39318.65010010338;8299;141.0;216.0;375.0;1167.0;29.0
2024-08-09;NI;3678;-7313.634804136504;3678;72.0;206.0;51.0;235.0;0.0
2024-08-09;PK;1927;-3336.1430858678777;1927;22.0;73.0;46.0;116.0;0.0
2024-08-09;RS;5266;-21146.54273970985;5266;25.0;295.0;132.0;887.0;2.0
2024-08-09;TW;396;-491.7635728584121;396;0.0;17.0;1.0;22.0;0.0
2024-08-09;UP;3486;-13329.277705968374;3486;11.0;127.0;103.0;698.0;0.0
2024-08-09;US;45549;-96378.03990161372;45549;367.0;2852.0;777.0;2855.0;8.0
2024-08-10;GM;957;-1638.273902143929;957;17.0;39.0;10.0;74.0;2.0
2024-08-10;IS;6193;-34475.523961896535;6193;133.0;113.0;291.0;888.0;40.0
2024-08-10;NI;3033;-6564.19492221152;3033;119.0;201.0;45.0;176.0;0.0
2024-08-10;PK;1906;-5324.075689108318;1906;23.0;104.0;58.0;127.0;0.0
2024-08-10;RS;3527;-14776.605047265342;3527;28.0;175.0;75.0;595.0;0.0
2024-08-10;TW;356;-300.4069707340714;356;2.0;19.0;5.0;21.0;0.0
2024-08-10;UP;2458;-10254.029076987586;2458;20.0;88.0;66.0;477.0;2.0
2024-08-10;US;30065;-64080.14057778407;30065;269.0;1795.0;498.0;2129.0;4.0
2024-08-11;GM;875;-2128.453854195661;875;12.0;34.0;7.0;64.0;0.0
2024-08-11;IS;5447;-32307.49132994105;5447;84.0;127.0;239.0;869.0;23.0
2024-08-11;NI;2683;-4568.2607871349155;2683;74.0;116.0;56.0;96.0;0.0
2024-08-11;PK;1754;-4344.32606697624;1754;18.0;68.0;52.0;179.0;0.0
2024-08-11;RS;3399;-15850.833813398673;3399;26.0;136.0;113.0;640.0;0.0
2024-08-11;TW;210;-142.47231488036874;210;0.0;2.0;2.0;12.0;0.0
2024-08-11;UP;2656;-12350.401752301896;2656;11.0;66.0;108.0;618.0;0.0
2024-08-11;US;20225;-39444.17083814486;20225;192.0;1010.0;326.0;1328.0;4.0
2024-08-12;GM;1831;-6006.546400098515;1831;11.0;55.0;28.0;75.0;1.0
2024-08-12;IS;9063;-47970.85661163248;9063;137.0;260.0;364.0;1259.0;53.0
2024-08-12;NI;3638;-6568.408669894479;3638;112.0;191.0;82.0;146.0;0.0
2024-08-12;PK;2171;-5423.42283876251;2171;21.0;117.0;53.0;162.0;0.0
2024-08-12;RS;5460;-22899.16914387267;5460;58.0;186.0;148.0;915.0;2.0
2024-08-12;TW;266;-358.6617407401263;266;1.0;22.0;2.0;4.0;0.0
2024-08-12;UP;4289;-19148.52653084659;4289;19.0;93.0;126.0;814.0;2.0
2024-08-12;US;37188;-76611.62057126335;37188;294.0;2121.0;547.0;2479.0;4.0
2024-08-13;GM;1818;-4415.1909207773115;1818;7.0;80.0;17.0;102.0;0.0
2024-08-13;IS;9304;-48974.13420402149;9304;105.0;341.0;384.0;1268.0;40.0
2024-08-13;NI;3718;-3250.737813205316;3718;60.0;211.0;60.0;94.0;0.0
2024-08-13;PK;2322;-6368.371622398023;2322;20.0;152.0;48.0;225.0;1.0
2024-08-13;RS;5767;-21726.93945897655;5767;53.0;253.0;134.0;845.0;0.0
2024-08-13;TW;420;-664.3026841759935;420;2.0;40.0;1.0;7.0;0.0
2024-08-13;UP;4427;-16988.203864935447;4427;26.0;145.0;111.0;795.0;0.0
2024-08-13;US;46533;-105620.74662528062;46533;306.0;2954.0;839.0;2920.0;8.0
2024-08-14;GM;2154;-6785.480316149495;2154;13.0;180.0;28.0;154.0;0.0
2024-08-14;IS;8892;-43675.63669401693;8892;130.0;331.0;293.0;1110.0;37.0
2024-08-14;NI;3868;-4902.496293896926;3868;64.0;250.0;42.0;90.0;0.0
2024-08-14;PK;2161;-2435.6265034788744;2161;28.0;124.0;34.0;204.0;0.0
2024-08-14;RS;6352;-24445.096502642653;6352;23.0;394.0;122.0;997.0;0.0
2024-08-14;TW;521;-704.9823435403689;521;0.0;41.0;1.0;16.0;0.0
2024-08-14;UP;5099;-19288.734944222124;5099;10.0;238.0;110.0;885.0;0.0
2024-08-14;US;47864;-96132.3710628214;47864;293.0;3033.0;723.0;2856.0;8.0
2024-08-15;GM;1779;-5283.957390725823;1779;28.0;113.0;31.0;124.0;1.0
2024-08-15;IS;9450;-46887.24421822724;9450;206.0;360.0;299.0;1137.0;34.0
2024-08-15;NI;4144;-3646.960518822284;4144;55.0;177.0;35.0;86.0;0.0
2024-08-15;PK;2294;-4745.0332267108715;2294;34.0;130.0;48.0;190.0;1.0
2024-08-15;RS;6793;-25032.90517625798;6793;17.0;539.0;147.0;1012.0;0.0
2024-08-15;TW;374;-475.6390576033548;374;1.0;48.0;3.0;6.0;0.0
2024-08-15;UP;5382;-19201.98355914119;5382;10.0;290.0;138.0;904.0;0.0
2024-08-15;US;48300;-104294.7097745054;48300;358.0;3322.0;828.0;2783.0;15.0
2024-08-16;GM;1326;-3524.156490629984;1326;4.0;93.0;12.0;86.0;0.0
2024-08-16;IS;9360;-49011.008637457875;9360;154.0;319.0;389.0;1162.0;28.0
2024-08-16;NI;4641;-3345.201741361055;4641;65.0;284.0;147.0;140.0;0.0
2024-08-16;PK;2164;-6852.9236419084655;2164;12.0;137.0;66.0;132.0;0.0
2024-08-16;RS;5706;-20693.905246768485;5706;16.0;318.0;112.0;857.0;1.0
2024-08-16;TW;380;-352.5559600288153;380;3.0;32.0;4.0;6.0;0.0
2024-08-16;UP;4641;-16056.502488531034;4641;10.0;180.0;102.0;792.0;1.0
2024-08-16;US;46861;-106607.44457119708;46861;336.0;3266.0;848.0;2968.0;17.0
2024-08-17;GM;918;-2043.2678651789845;918;12.0;40.0;11.0;60.0;0.0
2024-08-17;IS;6368;-32831.311069911746;6368;123.0;197.0;198.0;986.0;18.0
2024-08-17;NI;3285;-5585.9855838077665;3285;27.0;179.0;215.0;116.0;0.0
2024-08-17;PK;2014;-4956.293467569805;2014;27.0;130.0;34.0;104.0;0.0
2024-08-17;RS;3279;-12670.4903080032;3279;29.0;108.0;109.0;583.0;1.0
2024-08-17;TW;292;38.89358107142522;292;0.0;10.0;3.0;5.0;0.0
2024-08-17;UP;2738;-9841.953505833371;2738;17.0;67.0;92.0;505.0;1.0
2024-08-17;US;28071;-61222.30969375579;28071;274.0;1657.0;423.0;1872.0;7.0
2024-08-18;GM;851;-1613.0021815225075;851;3.0;20.0;12.0;51.0;0.0
2024-08-18;IS;6400;-32344.53647838161;6400;114.0;162.0;199.0;951.0;21.0
2024-08-18;NI;3521;-6234.076721421122;3521;30.0;250.0;156.0;161.0;0.0
2024-08-18;PK;1418;-3167.880655782756;1418;12.0;52.0;40.0;49.0;0.0
2024-08-18;RS;3245;-12154.818279714127;3245;31.0;101.0;75.0;669.0;1.0
2024-08-18;TW;219;-125.71585451257296;219;5.0;5.0;1.0;12.0;0.0
2024-08-18;UP;2725;-10739.077457356074;2725;11.0;73.0;63.0;590.0;1.0
2024-08-18;US;20531;-38722.72378702012;20531;292.0;944.0;304.0;1483.0;8.0
2024-08-19;GM;1571;-1871.1422639247191;1571;10.0;37.0;18.0;77.0;0.0
2024-08-19;IS;10353;-46075.57064179141;10353;280.0;277.0;343.0;1182.0;47.0
2024-08-19;NI;4077;-5755.111766870462;4077;50.0;244.0;103.0;140.0;0.0
2024-08-19;PK;2197;-6758.783351840934;2197;13.0;106.0;72.0;217.0;0.0
2024-08-19;RS;6669;-20304.753719679848;6669;29.0;272.0;150.0;853.0;3.0
2024-08-19;TW;494;-473.0731139539968;494;0.0;5.0;0.0;16.0;0.0
2024-08-19;UP;5353;-16426.919241105647;5353;26.0;144.0;123.0;764.0;2.0
2024-08-19;US;39904;-74918.73569854668;39904;575.0;2167.0;577.0;2307.0;5.0
2024-08-20;GM;1826;-4539.395447881477;1826;23.0;104.0;28.0;106.0;0.0
2024-08-20;IS;10864;-45086.55457595838;10864;309.0;323.0;325.0;1040.0;41.0
2024-08-20;NI;4104;-4635.954732231524;4104;38.0;165.0;137.0;158.0;0.0
2024-08-20;PK;2239;-6367.573466959378;2239;27.0;97.0;83.0;186.0;0.0
2024-08-20;RS;6262;-17580.45082528129;6262;39.0;264.0;114.0;860.0;4.0
2024-08-20;TW;506;-363.4361593566765;506;3.0;13.0;4.0;52.0;0.0
2024-08-20;UP;5297;-13637.905777697426;5297;16.0;194.0;89.0;740.0;4.0
2024-08-20;US;53055;-98147.13987048168;53055;685.0;3031.0;752.0;3027.0;10.0
2024-08-21;GM;1611;-2220.088504941147;1611;11.0;93.0;17.0;91.0;3.0
2024-08-21;IS;10053;-44769.11715499495;10053;406.0;428.0;351.0;1166.0;26.0
2024-08-21;NI;4144;-4491.810574952966;4144;43.0;211.0;83.0;133.0;0.0
2024-08-21;PK;2300;-8001.9376198894915;2300;35.0;127.0;68.0;110.0;2.0
2024-08-21;RS;5956;-19192.72835490571;5956;17.0;274.0;100.0;927.0;1.0
2024-08-21;TW;644;-695.8420498530954;644;4.0;20.0;2.0;28.0;0.0
2024-08-21;UP;5064;-14471.220418974068;5064;18.0;177.0;81.0;822.0;0.0
2024-08-21;US;50151;-86351.63982446364;50151;705.0;3224.0;657.0;2902.0;10.0
2024-08-22;GM;1550;-2162.469718908156;1550;11.0;57.0;11.0;78.0;1.0
2024-08-22;IS;9560;-42896.47983805843;9560;270.0;361.0;327.0;1152.0;30.0
2024-08-22;NI;4236;-4194.783082279024;4236;58.0;206.0;86.0;225.0;0.0
2024-08-22;PK;2546;-8670.455492494433;2546;18.0;144.0;97.0;180.0;0.0
2024-08-22;RS;6386;-21563.28001465388;6386;11.0;291.0;112.0;959.0;1.0
2024-08-22;TW;699;-1079.449470201928;699;1.0;47.0;5.0;21.0;0.0
2024-08-22;UP;5716;-16992.111413248716;5716;2.0;208.0;96.0;899.0;0.0
2024-08-22;US;50605;-94763.1002144408;50605;531.0;3159.0;760.0;2879.0;9.0
2024-08-23;GM;1658;-3312.6861375022777;1658;8.0;80.0;23.0;114.0;0.0
2024-08-23;IS;7729;-31161.27522273325;7729;269.0;307.0;238.0;841.0;23.0
2024-08-23;NI;4361;-4008.545615162947;4361;84.0;235.0;88.0;165.0;0.0
2024-08-23;PK;2297;-7151.955444050125;2297;25.0;131.0;62.0;175.0;2.0
2024-08-23;RS;6801;-21683.59293688315;6801;33.0;227.0;183.0;837.0;10.0
2024-08-23;TW;612;-810.4232658139773;612;6.0;17.0;3.0;52.0;0.0
2024-08-23;UP;6437;-11831.598837996033;6437;21.0;118.0;94.0;729.0;2.0
2024-08-23;US;47712;-97863.76621161726;47712;520.0;3238.0;825.0;2978.0;10.0
2024-08-24;GM;1521;-6507.179971273576;1521;10.0;86.0;30.0;156.0;2.0
2024-08-24;IS;4887;-22776.671287574656;4887;129.0;169.0;176.0;673.0;8.0
2024-08-24;NI;3142;-2278.950760901509;3142;25.0;164.0;129.0;108.0;0.0
2024-08-24;PK;2041;-5428.7529571669875;2041;10.0;79.0;57.0;142.0;0.0
2024-08-24;RS;4450;-14386.792900497789;4450;29.0;149.0;115.0;492.0;1.0
2024-08-24;TW;468;-674.4672771065729;468;4.0;13.0;3.0;28.0;0.0
2024-08-24;UP;4848;-8204.620520403403;4848;36.0;113.0;64.0;490.0;3.0
2024-08-24;US;26587;-53437.57166103375;26587;237.0;1529.0;393.0;1827.0;3.0
2024-08-25;GM;1466;-7284.062825353447;1466;9.0;106.0;28.0;198.0;0.0
2024-08-25;IS;8557;-44630.21008373643;8557;108.0;222.0;261.0;1700.0;25.0
2024-08-25;NI;3432;-7449.943632753397;3432;18.0;313.0;103.0;181.0;0.0
2024-08-25;PK;2227;-8499.772882174984;2227;23.0;70.0;69.0;216.0;0.0
2024-08-25;RS;4433;-19744.218396245386;4433;35.0;334.0;165.0;661.0;0.0
2024-08-25;TW;337;-540.0778096161978;337;1.0;17.0;2.0;16.0;0.0
2024-08-25;UP;3413;-12530.457162589077;3413;15.0;86.0;155.0;594.0;0.0
2024-08-25;US;19949;-42179.48057095817;19949;151.0;1065.0;305.0;1416.0;4.0
2024-08-26;GM;1591;-5352.4555585975195;1591;10.0;75.0;27.0;99.0;0.0
2024-08-26;IS;7664;-36328.089466123034;7664;119.0;193.0;308.0;1282.0;29.0
2024-08-26;NI;4243;-7725.248338697929;4243;40.0;264.0;187.0;247.0;0.0
2024-08-26;PK;3434;-18096.70674634619;3434;28.0;80.0;114.0;724.0;0.0
2024-08-26;RS;6385;-27465.492435969492;6385;27.0;453.0;149.0;1188.0;2.0
2024-08-26;TW;447;-520.163219518388;447;3.0;28.0;2.0;35.0;0.0
2024-08-26;UP;5126;-20269.801012264616;5126;12.0;164.0;129.0;1197.0;0.0
2024-08-26;US;37673;-76501.69038232006;37673;260.0;2124.0;616.0;2439.0;2.0
2024-08-27;GM;1831;-4414.5757059072;1831;12.0;98.0;15.0;119.0;0.0
2024-08-27;IS;8036;-35504.49242480541;8036;118.0;303.0;381.0;1140.0;32.0
2024-08-27;NI;4131;-5463.490214749569;4131;40.0;240.0;163.0;184.0;0.0
2024-08-27;PK;3236;-13697.731902046857;3236;16.0;79.0;87.0;587.0;1.0
2024-08-27;RS;7270;-24984.921027312837;7270;12.0;386.0;131.0;1107.0;0.0
2024-08-27;TW;594;-820.763400539555;594;3.0;34.0;0.0;27.0;0.0
2024-08-27;UP;6065;-16847.07177497085;6065;4.0;164.0;101.0;1068.0;0.0
2024-08-27;US;46465;-99139.86758992408;46465;273.0;2966.0;737.0;3076.0;10.0
2024-08-28;GM;2653;-4688.895882174307;2653;8.0;134.0;21.0;172.0;0.0
2024-08-28;IS;8722;-43680.95910121712;8722;160.0;312.0;332.0;1598.0;39.0
2024-08-28;NI;3922;-6809.405425418336;3922;45.0;374.0;78.0;185.0;0.0
2024-08-28;PK;2495;-7895.446530229629;2495;29.0;117.0;68.0;212.0;0.0
2024-08-28;RS;5622;-19471.425928466844;5622;20.0;342.0;123.0;742.0;2.0
2024-08-28;TW;569;-53.291733853998046;569;0.0;29.0;0.0;18.0;0.0
2024-08-28;UP;4379;-13865.920299820622;4379;13.0;111.0;110.0;683.0;0.0
2024-08-28;US;48058;-100732.33013412672;48058;305.0;3079.0;798.0;2972.0;8.0
2024-08-29;GM;2239;-7830.765978784491;2239;19.0;172.0;26.0;148.0;0.0
2024-08-29;IS;9029;-48952.710872095304;9029;110.0;348.0;465.0;1607.0;33.0
2024-08-29;NI;4356;-7322.809353985906;4356;29.0;286.0;92.0;227.0;2.0
2024-08-29;PK;2525;-7875.455599012499;2525;27.0;125.0;54.0;184.0;1.0
2024-08-29;RS;5197;-19326.465188031245;5197;13.0;392.0;133.0;738.0;1.0
2024-08-29;TW;753;-872.6246608131238;753;5.0;12.0;3.0;45.0;0.0
2024-08-29;UP;4138;-12925.945994473444;4138;9.0;111.0;103.0;681.0;1.0
2024-08-29;US;47988;-104733.08493541097;47988;237.0;3123.0;745.0;3381.0;13.0
2024-08-30;GM;2060;-6284.917591464576;2060;8.0;128.0;49.0;133.0;0.0
2024-08-30;IS;7932;-37394.59175519103;7932;188.0;273.0;339.0;1311.0;26.0
2024-08-30;NI;3871;-4815.52715129718;3871;32.0;136.0;78.0;261.0;4.0
2024-08-30;PK;2972;-8708.520147395355;2972;30.0;114.0;113.0;249.0;2.0
2024-08-30;RS;5219;-18554.010888603734;5219;40.0;309.0;94.0;740.0;6.0
2024-08-30;TW;681;-611.4909339609368;681;4.0;11.0;0.0;31.0;0.0
2024-08-30;UP;4027;-14473.989517872373;4027;19.0;144.0;94.0;657.0;3.0
2024-08-30;US;45180;-97741.20751459023;45180;279.0;3286.0;784.0;3013.0;7.0
2024-08-31;GM;1196;-3837.2912917756553;1196;9.0;73.0;31.0;104.0;2.0
2024-08-31;IS;4257;-21984.24144187963;4257;74.0;166.0;227.0;953.0;24.0
2024-08-31;NI;2958;-3817.3944740717134;2958;32.0;137.0;51.0;130.0;0.0
2024-08-31;PK;1938;-5262.430391696743;1938;31.0;82.0;55.0;129.0;0.0
2024-08-31;RS;3134;-11237.287797202132;3134;10.0;156.0;82.0;540.0;0.0
2024-08-31;TW;470;-876.0138645275819;470;9.0;20.0;2.0;7.0;0.0
2024-08-31;UP;2871;-9041.25501105938;2871;6.0;71.0;60.0;522.0;1.0
2024-08-31;US;25346;-51582.9082827258;25346;170.0;1524.0;414.0;1731.0;9.0
2024-09-01;GM;1444;-3672.156637704632;1444;30.0;72.0;27.0;85.0;0.0
2024-09-01;IS;8000;-46714.657900916056;8000;148.0;235.0;499.0;1438.0;32.0
2024-09-01;NI;3118;-3023.640152575;3118;37.0;111.0;57.0;178.0;0.0
2024-09-01;PK;2113;-6888.588869997027;2113;31.0;77.0;76.0;139.0;3.0
2024-09-01;RS;2909;-10954.529657705869;2909;4.0;90.0;107.0;543.0;18.0
2024-09-01;TW;323;-543.0937474767131;323;1.0;8.0;2.0;12.0;0.0
2024-09-01;UP;2538;-8768.897028021613;2538;14.0;49.0;79.0;481.0;11.0
2024-09-01;US;19778;-39835.81420714837;19778;126.0;940.0;418.0;1409.0;6.0
2024-09-02;GM;1694;-2883.904633340143;1694;18.0;76.0;18.0;66.0;0.0
2024-09-02;IS;10382;-59460.981600580024;10382;253.0;266.0;576.0;1404.0;27.0
2024-09-02;NI;4062;-9110.545860321865;4062;60.0;302.0;103.0;159.0;0.0
2024-09-02;PK;2465;-8292.363736472073;2465;41.0;116.0;84.0;195.0;0.0
2024-09-02;RS;3821;-13190.011650573824;3821;16.0;195.0;79.0;571.0;10.0
2024-09-02;TW;575;-463.5164934989097;575;0.0;15.0;0.0;5.0;0.0
2024-09-02;UP;2776;-9127.850683160194;2776;3.0;119.0;53.0;501.0;0.0
2024-09-02;US;26867;-59331.660598966206;26867;220.0;1403.0;556.0;1988.0;12.0
2024-09-03;GM;1903;-3895.962247025421;1903;18.0;111.0;26.0;116.0;2.0
2024-09-03;IS;9783;-52494.21331209731;9783;265.0;389.0;460.0;1278.0;34.0
2024-09-03;NI;4399;-6807.020840657434;4399;64.0;204.0;77.0;192.0;5.0
2024-09-03;PK;2346;-7571.374922708334;2346;46.0;126.0;61.0;209.0;0.0
2024-09-03;RS;5480;-18708.89819982296;5480;75.0;286.0;86.0;703.0;0.0
2024-09-03;TW;708;-814.3963673067411;708;9.0;48.0;7.0;4.0;0.0
2024-09-03;UP;3974;-14146.817596353776;3974;35.0;178.0;77.0;619.0;0.0
2024-09-03;US;41272;-79682.54640184077;41272;294.0;2547.0;713.0;2891.0;15.0
2024-09-04;GM;1989;-2928.9452451941743;1989;13.0;82.0;11.0;121.0;0.0
2024-09-04;IS;9912;-54308.98674112497;9912;274.0;515.0;425.0;1320.0;43.0
2024-09-04;NI;4171;-5972.696423653958;4171;44.0;189.0;43.0;228.0;4.0
2024-09-04;PK;2198;-5018.377206701345;2198;9.0;127.0;54.0;140.0;0.0
2024-09-04;RS;6104;-19234.663122983973;6104;32.0;249.0;113.0;913.0;0.0
2024-09-04;TW;801;-1094.934046220434;801;3.0;69.0;7.0;12.0;0.0
2024-09-04;UP;5513;-17185.19124567864;5513;30.0;132.0;98.0;885.0;9.0
2024-09-04;US;49351;-115025.88946869037;49351;273.0;3370.0;850.0;3338.0;18.0
2024-09-05;GM;2681;-7546.218033937283;2681;11.0;120.0;24.0;355.0;1.0
2024-09-05;IS;8803;-42865.921727499415;8803;198.0;357.0;311.0;1380.0;41.0
2024-09-05;NI;4360;-7697.102197753166;4360;52.0;247.0;139.0;294.0;0.0
2024-09-05;PK;2346;-6085.7256738258075;2346;23.0;149.0;41.0;156.0;0.0
2024-09-05;RS;5732;-15848.419370663189;5732;22.0;286.0;64.0;542.0;1.0
2024-09-05;TW;741;-150.42623984556994;741;5.0;35.0;1.0;12.0;0.0
2024-09-05;UP;4243;-10044.263803169864;4243;13.0;149.0;61.0;451.0;2.0
2024-09-05;US;50140;-120158.65209469918;50140;302.0;3401.0;928.0;3434.0;15.0
2024-09-06;GM;3049;-5165.012903871775;3049;16.0;81.0;11.0;198.0;1.0
2024-09-06;IS;9278;-48947.23488760405;9278;353.0;441.0;292.0;1810.0;40.0
2024-09-06;NI;4077;-4355.021063345661;4077;44.0;240.0;106.0;164.0;5.0
2024-09-06;PK;2380;-5014.761863898865;2380;23.0;130.0;37.0;116.0;0.0
2024-09-06;RS;5481;-15864.852443872993;5481;29.0;236.0;81.0;639.0;1.0
2024-09-06;TW;493;-521.5269901525311;493;2.0;41.0;5.0;8.0;0.0
2024-09-06;UP;5505;-11914.435038248914;5505;23.0;106.0;83.0;585.0;0.0
2024-09-06;US;50316;-137067.43568999256;50316;346.0;3617.0;908.0;4016.0;13.0
2024-09-07;GM;1385;-1770.5927639443216;1385;5.0;37.0;23.0;85.0;0.0
2024-09-07;IS;7032;-39710.35099164944;7032;278.0;267.0;253.0;1591.0;16.0
2024-09-07;NI;2543;-1838.4318532108675;2543;35.0;97.0;38.0;83.0;0.0
2024-09-07;PK;2235;-6147.6774471631625;2235;30.0;140.0;55.0;208.0;1.0
2024-09-07;RS;3477;-11320.208308918118;3477;9.0;150.0;55.0;585.0;0.0
2024-09-07;TW;410;-542.5803960436739;410;2.0;41.0;1.0;8.0;0.0
2024-09-07;UP;3627;-9172.986228917944;3627;5.0;66.0;42.0;542.0;0.0
2024-09-07;US;30316;-78258.86014826798;30316;216.0;2035.0;501.0;2798.0;2.0
2024-09-08;GM;1075;-1497.0297435997545;1075;9.0;32.0;10.0;62.0;2.0
2024-09-08;IS;6573;-37414.84578650575;6573;181.0;190.0;206.0;1604.0;29.0
2024-09-08;NI;3132;-3947.674057368036;3132;47.0;159.0;55.0;121.0;3.0
2024-09-08;PK;2298;-5223.194128027102;2298;48.0;130.0;20.0;224.0;0.0
2024-09-08;RS;3325;-9232.200203942177;3325;9.0;84.0;55.0;465.0;0.0
2024-09-08;TW;305;76.97766529045734;305;1.0;18.0;0.0;6.0;0.0
2024-09-08;UP;2689;-7443.597756909862;2689;9.0;39.0;34.0;402.0;0.0
2024-09-08;US;21980;-53396.94818588051;21980;199.0;1220.0;403.0;2132.0;3.0
2024-09-09;GM;1998;-3532.9551481882895;1998;15.0;68.0;21.0;118.0;1.0
2024-09-09;IS;8674;-44423.616410833136;8674;222.0;332.0;326.0;1833.0;40.0
2024-09-09;NI;4234;-8359.646020407616;4234;24.0;230.0;149.0;193.0;5.0
2024-09-09;PK;2544;-8866.757086017991;2544;74.0;190.0;60.0;220.0;0.0
2024-09-09;RS;5311;-14477.25788169573;5311;16.0;154.0;81.0;616.0;0.0
2024-09-09;TW;521;-68.76126181597493;521;1.0;33.0;1.0;8.0;0.0
2024-09-09;UP;3582;-10406.1939528572;3582;11.0;76.0;73.0;499.0;0.0
2024-09-09;US;42244;-101411.89286981248;42244;270.0;2599.0;733.0;3081.0;8.0
2024-09-10;GM;2225;-3973.1824474841296;2225;12.0;77.0;21.0;126.0;0.0
2024-09-10;IS;8713;-44621.50923237659;8713;215.0;320.0;267.0;1598.0;65.0
2024-09-10;NI;4257;-11567.374930576168;4257;42.0;286.0;111.0;152.0;5.0
2024-09-10;PK;2586;-8683.558980059648;2586;42.0;248.0;56.0;183.0;0.0
2024-09-10;RS;6127;-19805.14767200461;6127;16.0;166.0;96.0;707.0;3.0
2024-09-10;TW;569;-205.03418982880805;569;4.0;22.0;0.0;18.0;0.0
2024-09-10;UP;3975;-13028.959069093837;3975;15.0;67.0;74.0;482.0;1.0
2024-09-10;US;50376;-114574.96571260852;50376;241.0;2944.0;984.0;3448.0;19.0
2024-09-11;GM;2435;-4284.351298835057;2435;15.0;85.0;22.0;89.0;0.0
2024-09-11;IS;8445;-41086.54094335276;8445;192.0;319.0;269.0;1516.0;34.0
2024-09-11;NI;4735;-12118.365988074953;4735;38.0;307.0;61.0;169.0;0.0
2024-09-11;PK;2441;-7068.969326360082;2441;45.0;163.0;30.0;162.0;10.0
2024-09-11;RS;6661;-19924.517523438684;6661;18.0;150.0;99.0;597.0;0.0
2024-09-11;TW;601;-882.4645018734507;601;1.0;65.0;2.0;13.0;0.0
2024-09-11;UP;6268;-17330.50421893561;6268;15.0;87.0;89.0;507.0;1.0
2024-09-11;US;55927;-133806.00736461813;55927;297.0;3076.0;979.0;3610.0;9.0
2024-09-12;GM;1988;-4174.34826063473;1988;12.0;60.0;21.0;118.0;0.0
2024-09-12;IS;8160;-37491.47601867762;8160;126.0;296.0;290.0;1504.0;54.0
2024-09-12;NI;4441;-7045.598264074531;4441;29.0;279.0;76.0;230.0;4.0
2024-09-12;PK;2657;-7537.9876657358545;2657;59.0;161.0;46.0;234.0;3.0
2024-09-12;RS;6658;-17721.681811632887;6658;21.0;286.0;77.0;750.0;7.0
2024-09-12;TW;564;-559.6221753198524;564;6.0;13.0;0.0;9.0;0.0
2024-09-12;UP;5443;-13839.60174601845;5443;21.0;93.0;82.0;640.0;2.0
2024-09-12;US;54447;-135873.0412125081;54447;343.0;3515.0;961.0;3741.0;5.0
2024-09-13;GM;2446;-2117.65976685186;2446;22.0;107.0;14.0;77.0;0.0
2024-09-13;IS;7302;-32971.37034235347;7302;168.0;259.0;200.0;1185.0;40.0
2024-09-13;NI;4106;-5388.737002427939;4106;27.0;292.0;51.0;209.0;0.0
2024-09-13;PK;2515;-7410.70667035773;2515;35.0;150.0;51.0;200.0;0.0
2024-09-13;RS;7930;-23539.11654740079;7930;43.0;303.0;112.0;680.0;0.0
2024-09-13;TW;611;-143.17958545158632;611;7.0;20.0;3.0;12.0;0.0
2024-09-13;UP;5626;-18205.313131503994;5626;32.0;96.0;96.0;657.0;4.0
2024-09-13;US;52520;-130633.36540559764;52520;399.0;3374.0;954.0;3404.0;12.0
2024-09-14;GM;1284;-1435.6691644921643;1284;8.0;42.0;5.0;37.0;0.0
2024-09-14;IS;4674;-22054.924220776425;4674;103.0;224.0;155.0;913.0;20.0
2024-09-14;NI;3199;-4645.080993267377;3199;38.0;173.0;69.0;159.0;0.0
2024-09-14;PK;2149;-4297.354170647945;2149;12.0;119.0;31.0;172.0;0.0
2024-09-14;RS;4214;-12837.201174926591;4214;13.0;94.0;67.0;404.0;0.0
2024-09-14;TW;370;-209.55488580832045;370;7.0;7.0;4.0;10.0;0.0
2024-09-14;UP;3585;-10788.048976716158;3585;18.0;40.0;47.0;376.0;0.0
2024-09-14;US;29971;-71269.35242744118;29971;169.0;1968.0;460.0;2042.0;7.0
2024-09-15;GM;1030;-1216.5136588610048;1030;0.0;28.0;13.0;56.0;0.0
2024-09-15;IS;5015;-22294.322865231265;5015;87.0;156.0;155.0;1097.0;20.0
2024-09-15;NI;3459;-2254.1236571890145;3459;29.0;181.0;17.0;103.0;1.0
2024-09-15;PK;1580;-2122.4386296018333;1580;9.0;63.0;20.0;81.0;4.0
2024-09-15;RS;3449;-10261.21497062297;3449;10.0;79.0;49.0;498.0;0.0
2024-09-15;TW;309;9.472418260676346;309;3.0;20.0;2.0;2.0;0.0
2024-09-15;UP;2974;-9499.17357555632;2974;10.0;53.0;45.0;452.0;0.0
2024-09-15;US;21634;-46598.278764074406;21634;126.0;1243.0;445.0;1590.0;3.0
2024-09-16;GM;2187;-3079.6555360454154;2187;16.0;96.0;16.0;96.0;0.0
2024-09-16;IS;7011;-28409.772971895312;7011;117.0;239.0;169.0;1067.0;28.0
2024-09-16;NI;4395;-4117.47750389691;4395;23.0;156.0;50.0;245.0;2.0
2024-09-16;PK;2148;-4471.4850960677495;2148;12.0;80.0;30.0;126.0;0.0
2024-09-16;RS;4760;-14082.2479763993;4760;14.0;159.0;70.0;546.0;0.0
2024-09-16;TW;398;-407.02877969633255;398;1.0;10.0;3.0;7.0;1.0
2024-09-16;UP;3982;-10746.943456007952;3982;18.0;91.0;80.0;508.0;3.0
2024-09-16;US;38683;-71913.4942782559;38683;230.0;2239.0;717.0;2462.0;14.0
2024-09-17;GM;2100;-885.3336740298288;2100;13.0;57.0;14.0;79.0;0.0
2024-09-17;IS;8171;-36827.92991367885;8171;123.0;195.0;363.0;1103.0;28.0
2024-09-17;NI;4789;-5753.854099464525;4789;49.0;197.0;78.0;232.0;0.0
2024-09-17;PK;1930;-3636.593903474886;1930;25.0;70.0;25.0;97.0;1.0
2024-09-17;RS;4984;-16849.800759404574;4984;34.0;257.0;113.0;460.0;0.0
2024-09-17;TW;538;148.1912340823607;538;2.0;6.0;3.0;11.0;0.0
2024-09-17;UP;3150;-10910.46046610744;3150;11.0;88.0;79.0;389.0;0.0
2024-09-17;US;47317;-99078.13746530026;47317;268.0;2839.0;817.0;2720.0;11.0
2024-09-18;GM;1829;-831.0739136050945;1829;10.0;53.0;29.0;75.0;0.0
2024-09-18;IS;10405;-52433.524614559225;10405;108.0;215.0;416.0;1337.0;43.0
2024-09-18;NI;4349;-4709.4207105989;4349;45.0;194.0;47.0;173.0;0.0
2024-09-18;PK;2132;-2617.4273572717566;2132;27.0;102.0;17.0;108.0;0.0
2024-09-18;RS;5506;-15463.878121383392;5506;39.0;243.0;79.0;547.0;1.0
2024-09-18;TW;1041;-2521.019386077155;1041;2.0;32.0;18.0;59.0;0.0
2024-09-18;UP;3078;-9807.595426303538;3078;10.0;87.0;51.0;397.0;0.0
2024-09-18;US;51240;-111889.6284869471;51240;292.0;3246.0;977.0;2960.0;4.0
2024-09-19;GM;1862;-2774.2845442446687;1862;12.0;68.0;15.0;77.0;1.0
2024-09-19;IS;10622;-52954.59107379288;10622;102.0;357.0;446.0;1370.0;29.0
2024-09-19;NI;4467;-3828.813605293849;4467;16.0;222.0;42.0;129.0;0.0
2024-09-19;PK;2578;-3154.4352527141737;2578;37.0;109.0;24.0;110.0;1.0
2024-09-19;RS;4381;-10631.543892311458;4381;23.0;150.0;85.0;420.0;5.0
2024-09-19;TW;816;-1599.0240304089502;816;5.0;32.0;7.0;38.0;0.0
2024-09-19;UP;3281;-8009.155700218504;3281;12.0;59.0;48.0;376.0;1.0
2024-09-19;US;51539;-109239.14046140198;51539;311.0;3106.0;898.0;3155.0;8.0
2024-09-20;GM;1447;-2282.1835685322667;1447;14.0;65.0;10.0;47.0;0.0
2024-09-20;IS;9977;-50832.95578863494;9977;95.0;264.0;365.0;1820.0;24.0
2024-09-20;NI;4401;-4924.842253301427;4401;43.0;219.0;49.0;103.0;0.0
2024-09-20;PK;2718;-6842.896460195767;2718;47.0;134.0;48.0;228.0;1.0
2024-09-20;RS;4325;-12636.296531238306;4325;13.0;178.0;74.0;426.0;0.0
2024-09-20;TW;791;-1427.686562818789;791;3.0;20.0;3.0;22.0;0.0
2024-09-20;UP;3101;-8410.245007710048;3101;11.0;77.0;53.0;360.0;2.0
2024-09-20;US;50562;-112325.57172145034;50562;266.0;2988.0;846.0;3512.0;13.0
2024-09-21;GM;877;-1701.4383472710133;877;4.0;27.0;6.0;34.0;0.0
2024-09-21;IS;6392;-34809.05829096963;6392;75.0;167.0;242.0;1249.0;25.0
2024-09-21;NI;2634;-2056.960812661573;2634;10.0;173.0;15.0;84.0;0.0
2024-09-21;PK;2241;-5230.7290956020315;2241;42.0;132.0;26.0;185.0;0.0
2024-09-21;RS;3249;-8393.832595496595;3249;0.0;119.0;82.0;431.0;0.0
2024-09-21;TW;411;-862.6532429446281;411;8.0;8.0;3.0;16.0;0.0
2024-09-21;UP;2724;-6456.168662984113;2724;3.0;74.0;68.0;391.0;0.0
2024-09-21;US;31395;-64588.90891062058;31395;148.0;1818.0;530.0;2101.0;3.0
2024-09-22;GM;809;-1587.431822825787;809;15.0;35.0;4.0;33.0;0.0
2024-09-22;IS;8250;-42156.86778042372;8250;57.0;265.0;269.0;1899.0;16.0
2024-09-22;NI;2657;-2672.3276228597397;2657;26.0;195.0;10.0;100.0;2.0
2024-09-22;PK;1985;-5260.874545546564;1985;36.0;97.0;56.0;143.0;0.0
2024-09-22;RS;2906;-7655.443798139631;2906;6.0;98.0;49.0;412.0;0.0
2024-09-22;TW;341;-315.00810353243094;341;2.0;20.0;4.0;10.0;0.0
2024-09-22;UP;2652;-5703.195162691852;2652;4.0;68.0;29.0;349.0;0.0
2024-09-22;US;23855;-38733.74976883155;23855;120.0;989.0;308.0;1585.0;6.0
2024-09-23;GM;1477;-1490.7272859179238;1477;10.0;35.0;3.0;88.0;0.0
2024-09-23;IS;12242;-54716.12153733184;12242;81.0;294.0;376.0;2349.0;22.0
2024-09-23;NI;3956;-4591.041117596046;3956;34.0;232.0;60.0;198.0;6.0
2024-09-23;PK;2317;-5075.184021326245;2317;34.0;135.0;38.0;188.0;2.0
2024-09-23;RS;4369;-12437.866157617367;4369;23.0;175.0;99.0;511.0;1.0
2024-09-23;TW;465;-313.6898902012965;465;2.0;14.0;0.0;5.0;0.0
2024-09-23;UP;3940;-7940.22886622084;3940;10.0;80.0;81.0;487.0;0.0
2024-09-23;US;43751;-73629.04649297381;43751;271.0;2307.0;549.0;2599.0;6.0
2024-09-24;GM;1749;-2211.0602428227103;1749;10.0;54.0;13.0;111.0;0.0
2024-09-24;IS;13617;-68018.66209476371;13617;105.0;271.0;435.0;2488.0;52.0
2024-09-24;NI;4452;-6714.766867050677;4452;12.0;206.0;77.0;198.0;0.0
2024-09-24;PK;2349;-4818.500821448817;2349;52.0;99.0;52.0;159.0;0.0
2024-09-24;RS;5087;-14650.17447321111;5087;22.0;200.0;87.0;493.0;3.0
2024-09-24;TW;564;-877.0610956074524;564;6.0;20.0;3.0;20.0;0.0
2024-09-24;UP;5631;-11539.115863267243;5631;23.0;118.0;64.0;480.0;5.0
2024-09-24;US;54035;-103591.61117955176;54035;335.0;2893.0;799.0;3064.0;20.0
2024-09-25;GM;1822;-3182.659099949344;1822;13.0;86.0;32.0;94.0;3.0
2024-09-25;IS;12226;-59995.45375691146;12226;138.0;237.0;372.0;2210.0;31.0
2024-09-25;NI;3635;-3781.938466069758;3635;35.0;191.0;45.0;84.0;0.0
2024-09-25;PK;2475;-3331.4108547922087;2475;18.0;91.0;52.0;166.0;0.0
2024-09-25;RS;5134;-14630.359328033894;5134;18.0;128.0;63.0;477.0;2.0
2024-09-25;TW;600;-363.7086183833419;600;4.0;8.0;2.0;28.0;0.0
2024-09-25;UP;5337;-11453.545186118336;5337;12.0;65.0;57.0;434.0;3.0
2024-09-25;US;55129;-116981.26088426213;55129;317.0;3199.0;988.0;3322.0;5.0
2024-09-26;GM;2125;-3204.112327485575;2125;25.0;69.0;43.0;69.0;2.0
2024-09-26;IS;12813;-55086.462168811755;12813;156.0;228.0;292.0;1834.0;32.0
2024-09-26;NI;4253;-4596.954512082004;4253;33.0;247.0;51.0;142.0;0.0
2024-09-26;PK;2498;-3973.3250923764167;2498;48.0;74.0;46.0;210.0;2.0
2024-09-26;RS;5466;-14917.001261594933;5466;19.0;138.0;56.0;541.0;3.0
2024-09-26;TW;848;-1277.6786210464345;848;2.0;15.0;4.0;44.0;0.0
2024-09-26;UP;5726;-12667.107641908256;5726;4.0;69.0;47.0;484.0;2.0
2024-09-26;US;57064;-127127.32282723562;57064;314.0;3429.0;795.0;2984.0;12.0
2024-09-27;GM;1980;-1976.1569984209248;1980;7.0;60.0;14.0;57.0;0.0
2024-09-27;IS;12058;-54182.03000133431;12058;151.0;173.0;336.0;1897.0;37.0
2024-09-27;NI;3520;-1724.5645827086612;3520;28.0;180.0;34.0;89.0;0.0
2024-09-27;PK;2761;-4734.10602332217;2761;38.0;84.0;23.0;150.0;0.0
2024-09-27;RS;5485;-14315.845299965204;5485;11.0;153.0;89.0;488.0;5.0
2024-09-27;TW;568;-91.46598709883362;568;1.0;11.0;2.0;20.0;0.0
2024-09-27;UP;6141;-12235.385552782744;6141;13.0;84.0;66.0;438.0;0.0
2024-09-27;US;53973;-117339.17607185597;53973;257.0;3010.0;694.0;2805.0;6.0
2024-09-28;GM;1095;-2025.348639929285;1095;15.0;38.0;8.0;40.0;0.0
2024-09-28;IS;11523;-55570.23231182013;11523;156.0;163.0;481.0;2259.0;20.0
2024-09-28;NI;2824;-1211.8348096281834;2824;15.0;129.0;40.0;65.0;0.0
2024-09-28;PK;2536;-9554.48144883744;2536;95.0;106.0;49.0;241.0;0.0
2024-09-28;RS;2884;-10369.121333014276;2884;5.0;87.0;62.0;429.0;0.0
2024-09-28;TW;403;-240.92462723750893;403;0.0;12.0;5.0;29.0;0.0
2024-09-28;UP;2910;-8598.37614765215;2910;9.0;31.0;63.0;404.0;2.0
2024-09-28;US;30997;-75001.47424688992;30997;136.0;1712.0;432.0;1991.0;8.0
2024-09-29;GM;823;-1849.9917928428365;823;4.0;19.0;24.0;47.0;6.0
2024-09-29;IS;12433;-63391.177243872175;12433;212.0;140.0;518.0;2668.0;23.0
2024-09-29;NI;3268;-2559.3589376499726;3268;26.0;217.0;34.0;126.0;0.0
2024-09-29;PK;2263;-9379.101553964343;2263;74.0;98.0;99.0;302.0;2.0
2024-09-29;RS;2776;-10616.883756085252;2776;11.0;111.0;84.0;471.0;0.0
2024-09-29;TW;392;-420.95476554496435;392;0.0;10.0;3.0;13.0;0.0
2024-09-29;UP;2111;-8254.28642713016;2111;3.0;42.0;58.0;379.0;1.0
2024-09-29;US;22841;-49002.72559861023;22841;154.0;1096.0;305.0;1512.0;3.0
2024-09-30;GM;1625;-2693.124462775061;1625;11.0;55.0;13.0;75.0;8.0
2024-09-30;IS;14053;-67835.82500299618;14053;243.0;229.0;524.0;3252.0;37.0
2024-09-30;NI;3737;-3925.6020085836394;3737;72.0;181.0;73.0;182.0;0.0
2024-09-30;PK;2736;-6921.7740219711695;2736;66.0;163.0;55.0;190.0;4.0
2024-09-30;RS;4006;-11794.616612153024;4006;23.0;177.0;90.0;441.0;6.0
2024-09-30;TW;528;-208.5116894965797;528;1.0;16.0;1.0;21.0;0.0
2024-09-30;UP;2858;-8355.414521522809;2858;11.0;66.0;74.0;424.0;15.0
2024-09-30;US;41741;-87594.24848220636;41741;304.0;2214.0;551.0;2424.0;9.0
2024-10-01;GM;1612;-2145.110539114494;1612;17.0;92.0;16.0;58.0;0.0
2024-10-01;IS;20499;-105573.31115100691;20499;147.0;477.0;642.0;5027.0;64.0
2024-10-01;NI;4056;-1797.0057680797404;4056;86.0;165.0;65.0;143.0;0.0
2024-10-01;PK;2631;-3109.032124040764;2631;48.0;144.0;36.0;122.0;0.0
2024-10-01;RS;3721;-10620.143024611922;3721;23.0;131.0;57.0;317.0;3.0
2024-10-01;TW;504;34.93904950001571;504;8.0;17.0;0.0;18.0;0.0
2024-10-01;UP;2804;-6442.807828607294;2804;7.0;63.0;57.0;290.0;6.0
2024-10-01;US;49408;-100452.00021176683;49408;354.0;2672.0;664.0;3059.0;17.0
2024-10-02;GM;2080;-5840.449874877893;2080;24.0;104.0;45.0;137.0;0.0
2024-10-02;IS;22473;-120611.56535304723;22473;174.0;561.0;712.0;5642.0;61.0
2024-10-02;NI;3556;-1128.5416482630783;3556;73.0;152.0;66.0;102.0;0.0
2024-10-02;PK;2315;-2980.470490205581;2315;64.0;102.0;28.0;156.0;0.0
2024-10-02;RS;3785;-12175.138694765836;3785;17.0;159.0;112.0;422.0;1.0
2024-10-02;TW;454;-677.3344669734352;454;6.0;18.0;2.0;26.0;0.0
2024-10-02;UP;2803;-7666.69081865569;2803;9.0;65.0;103.0;347.0;0.0
2024-10-02;US;52136;-118396.50414807085;52136;368.0;2827.0;752.0;3376.0;22.0
2024-10-03;GM;1907;-3134.2063112642986;1907;20.0;44.0;10.0;79.0;0.0
2024-10-03;IS;15343;-76926.96646343342;15343;157.0;383.0;555.0;3506.0;23.0
2024-10-03;NI;3365;-5206.886813640423;3365;66.0;214.0;88.0;118.0;1.0
2024-10-03;PK;2534;-3760.894305782528;2534;62.0;122.0;23.0;117.0;0.0
2024-10-03;RS;3643;-11176.912072521603;3643;26.0;150.0;80.0;417.0;7.0
2024-10-03;TW;462;-444.414199804913;462;3.0;12.0;3.0;15.0;0.0
2024-10-03;UP;2852;-7449.412788004115;2852;9.0;46.0;71.0;405.0;10.0
2024-10-03;US;50485;-115925.47047803969;50485;355.0;2884.0;802.0;3141.0;6.0
2024-10-04;GM;1826;-2342.9297942692506;1826;38.0;42.0;10.0;60.0;0.0
2024-10-04;IS;13879;-65938.36818422853;13879;188.0;288.0;488.0;2909.0;30.0
2024-10-04;NI;3865;-4764.004969107856;3865;81.0;214.0;66.0;158.0;0.0
2024-10-04;PK;3102;-5819.902619643051;3102;66.0;213.0;73.0;144.0;0.0
2024-10-04;RS;3728;-11329.058719292769;3728;22.0;135.0;107.0;463.0;4.0
2024-10-04;TW;339;-615.7323493596053;339;5.0;9.0;4.0;22.0;0.0
2024-10-04;UP;2944;-9363.789174536314;2944;15.0;100.0;109.0;475.0;0.0
2024-10-04;US;47801;-97410.63620514356;47801;318.0;2744.0;820.0;2785.0;15.0
2024-10-05;GM;852;-1423.517597391419;852;26.0;18.0;9.0;31.0;0.0
2024-10-05;IS;10740;-52743.11968197592;10740;323.0;290.0;369.0;2209.0;14.0
2024-10-05;NI;2883;-2507.6509226800663;2883;50.0;95.0;53.0;132.0;0.0
2024-10-05;PK;3071;-8574.567390109394;3071;95.0;215.0;35.0;271.0;0.0
2024-10-05;RS;2284;-8493.03390423765;2284;8.0;107.0;71.0;323.0;0.0
2024-10-05;TW;288;-245.7467571807235;288;2.0;2.0;0.0;16.0;0.0
2024-10-05;UP;1457;-4835.061193542291;1457;7.0;43.0;40.0;246.0;0.0
2024-10-05;US;26570;-57912.05635946017;26570;184.0;1592.0;499.0;1675.0;8.0
2024-10-06;GM;935;-2298.3571309651343;935;48.0;33.0;12.0;53.0;2.0
2024-10-06;IS;13542;-71689.5779221503;13542;612.0;419.0;554.0;2499.0;55.0
2024-10-06;NI;2903;-2102.1574321402604;2903;22.0;191.0;22.0;110.0;0.0
2024-10-06;PK;2459;-10972.812769308552;2459;127.0;186.0;100.0;250.0;0.0
2024-10-06;RS;2206;-6401.125651534176;2206;16.0;81.0;61.0;343.0;0.0
2024-10-06;TW;357;-103.62034444900009;357;7.0;12.0;0.0;37.0;0.0
2024-10-06;UP;1535;-4472.649230739378;1535;6.0;16.0;50.0;344.0;0.0
2024-10-06;US;21656;-46658.7469393405;21656;318.0;1029.0;424.0;1576.0;12.0
2024-10-07;GM;1741;-4360.827904380521;1741;25.0;57.0;33.0;94.0;0.0
2024-10-07;IS;21374;-110927.42349830685;21374;556.0;652.0;1017.0;3603.0;103.0
2024-10-07;NI;3746;-2270.199088386929;3746;35.0;175.0;57.0;126.0;4.0
2024-10-07;PK;4013;-20158.53041413957;4013;68.0;241.0;184.0;568.0;0.0
2024-10-07;RS;4445;-14512.941853190528;4445;26.0;293.0;104.0;537.0;2.0
2024-10-07;TW;565;-199.86946333078689;565;2.0;12.0;1.0;33.0;0.0
2024-10-07;UP;3217;-10448.69373134676;3217;6.0;149.0;70.0;476.0;4.0
2024-10-07;US;41698;-93850.0155313726;41698;451.0;2302.0;686.0;2654.0;25.0
2024-10-08;GM;2803;-9453.539838316174;2803;40.0;165.0;149.0;82.0;0.0
2024-10-08;IS;16682;-78821.87483783088;16682;396.0;492.0;665.0;2595.0;61.0
2024-10-08;NI;4024;-5536.340064758432;4024;38.0;250.0;74.0;177.0;0.0
2024-10-08;PK;3002;-8993.610824926647;3002;51.0;134.0;65.0;270.0;0.0
2024-10-08;RS;4864;-15526.153410804616;4864;21.0;197.0;94.0;520.0;2.0
2024-10-08;TW;566;147.48850921243542;566;4.0;7.0;0.0;34.0;0.0
2024-10-08;UP;3461;-11075.154907622727;3461;6.0;107.0;60.0;512.0;1.0
2024-10-08;US;50427;-115111.79458831658;50427;451.0;2627.0;791.0;2888.0;21.0
2024-10-09;GM;2498;-4365.394737506358;2498;16.0;86.0;27.0;81.0;0.0
2024-10-09;IS;12813;-57872.34011392209;12813;248.0;424.0;394.0;2079.0;63.0
2024-10-09;NI;4115;-3520.3083822701938;4115;23.0;222.0;52.0;136.0;0.0
2024-10-09;PK;2604;-8868.833393036091;2604;51.0;191.0;70.0;271.0;0.0
2024-10-09;RS;4583;-14063.18099687918;4583;33.0;191.0;101.0;453.0;1.0
2024-10-09;TW;711;-864.8329913315492;711;0.0;16.0;8.0;12.0;0.0
2024-10-09;UP;3493;-7921.656898752473;3493;6.0;98.0;80.0;374.0;3.0
2024-10-09;US;51729;-113613.6452880017;51729;326.0;2838.0;715.0;2573.0;11.0
2024-10-10;GM;2076;-2033.989847860015;2076;14.0;71.0;20.0;73.0;0.0
2024-10-10;IS;11761;-54163.78537745558;11761;194.0;388.0;398.0;2080.0;32.0
2024-10-10;NI;4476;-4889.7360114396;4476;14.0;259.0;34.0;178.0;0.0
2024-10-10;PK;2518;-3189.0731209459177;2518;31.0;122.0;70.0;183.0;0.0
2024-10-10;RS;4894;-13029.778896625256;4894;20.0;175.0;86.0;523.0;8.0
2024-10-10;TW;906;-1035.7578483696946;906;3.0;30.0;2.0;16.0;0.0
2024-10-10;UP;4661;-9288.235336124691;4661;13.0;90.0;64.0;444.0;2.0
2024-10-10;US;49052;-103258.66348526036;49052;308.0;2697.0;659.0;2590.0;16.0
2024-10-11;GM;2222;-2087.8822246847694;2222;7.0;53.0;14.0;56.0;0.0
2024-10-11;IS;11593;-52931.43293299229;11593;182.0;355.0;443.0;2145.0;34.0
2024-10-11;NI;3816;-3234.5085665157844;3816;21.0;228.0;28.0;121.0;0.0
2024-10-11;PK;2918;-8225.848899174749;2918;36.0;101.0;77.0;398.0;0.0
2024-10-11;RS;5461;-12839.452408484878;5461;28.0;185.0;73.0;457.0;5.0
2024-10-11;TW;808;-1474.7481263292025;808;5.0;54.0;2.0;5.0;0.0
2024-10-11;UP;4277;-9016.643405884492;4277;9.0;108.0;57.0;372.0;2.0
2024-10-11;US;45483;-87934.04473821666;45483;330.0;2495.0;673.0;2386.0;10.0
2024-10-12;GM;1028;-2984.8328759645115;1028;7.0;54.0;11.0;101.0;1.0
2024-10-12;IS;7899;-36240.24334861192;7899;85.0;317.0;276.0;1540.0;47.0
2024-10-12;NI;2945;-2900.8318320017665;2945;18.0;149.0;39.0;142.0;0.0
2024-10-12;PK;2251;-5924.031728023504;2251;45.0;107.0;56.0;178.0;0.0
2024-10-12;RS;3156;-9862.113133119115;3156;20.0;112.0;62.0;402.0;1.0
2024-10-12;TW;448;-542.8038335492913;448;4.0;17.0;4.0;8.0;0.0
2024-10-12;UP;1938;-5856.866327540667;1938;12.0;57.0;40.0;313.0;0.0
2024-10-12;US;27616;-58762.470618779174;27616;221.0;1519.0;320.0;1682.0;8.0
2024-10-13;GM;882;-633.8703605970686;882;10.0;29.0;9.0;52.0;0.0
2024-10-13;IS;9070;-42440.44276373814;9070;73.0;279.0;313.0;1656.0;23.0
2024-10-13;NI;3291;-3196.324909534693;3291;40.0;197.0;34.0;165.0;0.0
2024-10-13;PK;2232;-5574.725111304781;2232;58.0;135.0;43.0;122.0;0.0
2024-10-13;RS;2306;-8842.70119995414;2306;9.0;88.0;63.0;339.0;0.0
2024-10-13;TW;408;-717.7873845375326;408;3.0;10.0;4.0;21.0;0.0
2024-10-13;UP;1755;-6659.884840242068;1755;1.0;53.0;55.0;313.0;0.0
2024-10-13;US;19456;-36872.74242774545;19456;146.0;928.0;243.0;1264.0;2.0
2024-10-14;GM;1969;-3258.2194880717734;1969;13.0;103.0;20.0;146.0;0.0
2024-10-14;IS;10793;-50407.339510628175;10793;79.0;319.0;349.0;1996.0;44.0
2024-10-14;NI;3526;-2239.965135362718;3526;36.0;142.0;70.0;140.0;1.0
2024-10-14;PK;4046;-7486.22674080473;4046;71.0;134.0;82.0;255.0;0.0
2024-10-14;RS;4301;-14100.455140610276;4301;11.0;234.0;76.0;381.0;0.0
2024-10-14;TW;1483;-4395.893464129352;1483;1.0;67.0;8.0;41.0;0.0
2024-10-14;UP;2486;-6473.034353224543;2486;5.0;92.0;63.0;289.0;0.0
2024-10-14;US;35971;-63473.773444604274;35971;282.0;1812.0;558.0;2076.0;4.0
2024-10-15;GM;2028;-2859.349810296396;2028;10.0;79.0;28.0;126.0;1.0
2024-10-15;IS;11621;-52761.41058775006;11621;90.0;335.0;342.0;2055.0;48.0
2024-10-15;NI;3513;-2372.7668529562893;3513;13.0;163.0;34.0;106.0;2.0
2024-10-15;PK;4608;-2646.9640581259196;4608;49.0;105.0;86.0;191.0;0.0
2024-10-15;RS;4397;-12494.426708455225;4397;13.0;176.0;69.0;413.0;0.0
2024-10-15;TW;930;-2040.775965376279;930;1.0;30.0;4.0;38.0;0.0
2024-10-15;UP;2584;-6941.829028044899;2584;7.0;72.0;56.0;346.0;0.0
2024-10-15;US;45916;-82899.87750455781;45916;331.0;2586.0;817.0;2672.0;2.0
2024-10-16;GM;2291;-3620.972219083928;2291;7.0;104.0;25.0;137.0;2.0
2024-10-16;IS;10987;-45861.565545489015;10987;139.0;326.0;361.0;1533.0;34.0
2024-10-16;NI;4101;-4982.268830057076;4101;30.0;145.0;35.0;115.0;0.0
2024-10-16;PK;4003;-3150.0173237124154;4003;50.0;100.0;75.0;202.0;0.0
2024-10-16;RS;5288;-11691.575653412938;5288;20.0;153.0;64.0;370.0;0.0
2024-10-16;TW;882;-694.6775483423879;882;5.0;16.0;1.0;17.0;0.0
2024-10-16;UP;4299;-7585.967807283658;4299;12.0;57.0;54.0;323.0;0.0
2024-10-16;US;51528;-102443.61909046388;51528;354.0;3092.0;878.0;3024.0;8.0
2024-10-17;GM;2549;-4244.873158051976;2549;13.0;95.0;24.0;144.0;0.0
2024-10-17;IS;11408;-54269.951042777466;11408;113.0;415.0;428.0;2191.0;56.0
2024-10-17;NI;4378;-2972.406757596634;4378;42.0;93.0;53.0;117.0;0.0
2024-10-17;PK;3026;-7857.126980303962;3026;103.0;207.0;148.0;157.0;0.0
2024-10-17;RS;4896;-10154.279149673515;4896;6.0;98.0;77.0;321.0;2.0
2024-10-17;TW;715;-639.1290200930648;715;4.0;9.0;2.0;17.0;0.0
2024-10-17;UP;4938;-5120.925708888482;4938;7.0;36.0;37.0;304.0;2.0
2024-10-17;US;49203;-100571.2373844864;49203;314.0;3115.0;820.0;3037.0;13.0
2024-10-18;GM;2881;-4870.390081313234;2881;11.0;99.0;17.0;118.0;0.0
2024-10-18;IS;12157;-62008.47775510817;12157;128.0;326.0;553.0;1931.0;61.0
2024-10-18;NI;3665;-4410.659312897754;3665;27.0;214.0;40.0;121.0;2.0
2024-10-18;PK;2709;-8027.3207606622145;2709;87.0;202.0;135.0;141.0;0.0
2024-10-18;RS;5804;-11462.6856387665;5804;30.0;133.0;61.0;348.0;0.0
2024-10-18;TW;700;-851.2629379025664;700;11.0;13.0;5.0;10.0;0.0
2024-10-18;UP;4743;-7804.790478441002;4743;17.0;65.0;43.0;293.0;1.0
2024-10-18;US;48166;-102024.14052461904;48166;336.0;3014.0;898.0;3101.0;16.0
2024-10-19;GM;1662;-2967.16699135666;1662;2.0;46.0;17.0;102.0;0.0
2024-10-19;IS;8510;-42661.79156530505;8510;74.0;183.0;372.0;1799.0;21.0
2024-10-19;NI;2873;-1441.2004765533477;2873;31.0;113.0;25.0;85.0;0.0
2024-10-19;PK;2434;-8081.248576545871;2434;71.0;196.0;107.0;158.0;0.0
2024-10-19;RS;3844;-9275.707846827134;3844;23.0;122.0;27.0;290.0;0.0
2024-10-19;TW;508;-436.0873212197748;508;7.0;21.0;2.0;19.0;0.0
2024-10-19;UP;3141;-5838.064076589619;3141;6.0;64.0;29.0;272.0;0.0
2024-10-19;US;28379;-62763.06982693672;28379;174.0;1729.0;479.0;1915.0;3.0
2024-10-20;GM;1374;-3235.933219718504;1374;5.0;109.0;6.0;81.0;3.0
2024-10-20;IS;7577;-37999.33288258755;7577;79.0;216.0;320.0;1718.0;46.0
2024-10-20;NI;3410;-6133.072631936763;3410;43.0;265.0;53.0;175.0;2.0
2024-10-20;PK;1868;-4097.764921808962;1868;33.0;121.0;54.0;79.0;0.0
2024-10-20;RS;3018;-8155.514692112758;3018;9.0;67.0;58.0;331.0;0.0
2024-10-20;TW;450;-416.3107909829245;450;1.0;24.0;2.0;18.0;0.0
2024-10-20;UP;2304;-5296.727637187201;2304;2.0;33.0;43.0;249.0;0.0
2024-10-20;US;20213;-36762.07953324845;20213;144.0;962.0;310.0;1342.0;6.0
2024-10-21;GM;1688;-1939.7518738638391;1688;11.0;50.0;11.0;71.0;5.0
2024-10-21;IS;9406;-42165.59152142647;9406;80.0;328.0;333.0;1786.0;39.0
2024-10-21;NI;4027;-7324.55476488648;4027;51.0;246.0;69.0;236.0;0.0
2024-10-21;PK;2528;-6044.226263540365;2528;52.0;100.0;74.0;212.0;0.0
2024-10-21;RS;6313;-15202.228418585528;6313;45.0;138.0;99.0;525.0;2.0
2024-10-21;TW;681;-918.3735501014194;681;3.0;35.0;2.0;13.0;0.0
2024-10-21;UP;3566;-8358.064532044376;3566;12.0;67.0;73.0;392.0;0.0
2024-10-21;US;40237;-72536.87876764368;40237;269.0;2137.0;595.0;2364.0;9.0
2024-10-22;GM;2258;-1621.7618047839003;2258;18.0;50.0;19.0;113.0;0.0
2024-10-22;IS;10890;-47202.40230145818;10890;124.0;418.0;394.0;1698.0;39.0
2024-10-22;NI;3694;-4699.2288878414165;3694;17.0;202.0;73.0;145.0;0.0
2024-10-22;PK;2273;-2474.864102053876;2273;29.0;83.0;44.0;146.0;0.0
2024-10-22;RS;8015;-13713.25363504433;8015;47.0;182.0;79.0;474.0;1.0
2024-10-22;TW;773;-1049.3582135127065;773;4.0;16.0;12.0;32.0;0.0
2024-10-22;UP;4470;-9335.566894062733;4470;18.0;58.0;51.0;373.0;2.0
2024-10-22;US;49573;-94901.08685364858;49573;325.0;2786.0;720.0;2937.0;14.0
2024-10-23;GM;2553;-2005.4792272026448;2553;16.0;69.0;30.0;170.0;0.0
2024-10-23;IS;10197;-42158.71632530144;10197;107.0;363.0;337.0;1386.0;44.0
2024-10-23;NI;3702;-5396.096801361546;3702;10.0;209.0;44.0;102.0;0.0
2024-10-23;PK;2465;-2663.205158234053;2465;33.0;119.0;28.0;105.0;0.0
2024-10-23;RS;8512;-15427.645891393817;8512;35.0;169.0;64.0;451.0;5.0
2024-10-23;TW;598;-704.9996938678588;598;0.0;6.0;3.0;29.0;0.0
2024-10-23;UP;4531;-9199.775107324052;4531;15.0;73.0;35.0;387.0;2.0
2024-10-23;US;53668;-107569.54148985325;53668;380.0;3052.0;883.0;3127.0;2.0
2024-10-24;GM;1926;-2289.916747560543;1926;6.0;67.0;13.0;78.0;1.0
2024-10-24;IS;9859;-41449.55583292745;9859;76.0;306.0;282.0;1473.0;61.0
2024-10-24;NI;3827;-3845.386359895443;3827;15.0;244.0;23.0;98.0;0.0
2024-10-24;PK;2694;-5931.668304909522;2694;33.0;151.0;57.0;200.0;0.0
2024-10-24;RS;7527;-16648.29215234178;7527;47.0;155.0;96.0;469.0;3.0
2024-10-24;TW;583;-724.7270332247531;583;1.0;10.0;1.0;17.0;0.0
2024-10-24;UP;4124;-9627.460984810125;4124;19.0;66.0;59.0;357.0;0.0
2024-10-24;US;52742;-104475.81941622906;52742;373.0;3033.0;794.0;3156.0;19.0
2024-10-25;GM;2537;-92.15051381387512;2537;21.0;56.0;8.0;116.0;0.0
2024-10-25;IS;9453;-44476.87350605169;9453;125.0;289.0;354.0;1565.0;88.0
2024-10-25;NI;3825;-2025.7976553075175;3825;21.0;115.0;30.0;121.0;0.0
2024-10-25;PK;2838;-7211.127958770785;2838;30.0;125.0;90.0;305.0;0.0
2024-10-25;RS;6977;-14532.967708421998;6977;27.0;128.0;67.0;494.0;3.0
2024-10-25;TW;956;-1614.127107816366;956;7.0;19.0;2.0;35.0;0.0
2024-10-25;UP;4070;-10205.93526446488;4070;3.0;55.0;61.0;391.0;1.0
2024-10-25;US;50785;-100987.9111162474;50785;376.0;3043.0;723.0;2957.0;21.0
2024-10-26;GM;1281;-943.3819450767468;1281;9.0;28.0;10.0;56.0;0.0
2024-10-26;IS;10004;-55392.88936402741;10004;58.0;234.0;278.0;2453.0;27.0
2024-10-26;NI;2477;-2350.09420926042;2477;26.0;98.0;39.0;68.0;0.0
2024-10-26;PK;2643;-7337.71770343032;2643;32.0;105.0;48.0;304.0;1.0
2024-10-26;RS;3506;-9418.715985224866;3506;18.0;62.0;73.0;340.0;1.0
2024-10-26;TW;500;-481.3851300403176;500;0.0;7.0;5.0;20.0;0.0
2024-10-26;UP;2187;-5673.043910569799;2187;12.0;39.0;42.0;301.0;0.0
2024-10-26;US;30972;-62807.85962202019;30972;271.0;1741.0;492.0;2067.0;7.0
2024-10-27;GM;791;-1254.1416073420326;791;3.0;19.0;3.0;43.0;0.0
2024-10-27;IS;8385;-44917.26436591887;8385;77.0;205.0;240.0;1664.0;19.0
2024-10-27;NI;2596;-2721.745572839658;2596;11.0;97.0;37.0;133.0;0.0
2024-10-27;PK;2372;-3865.594338609891;2372;19.0;109.0;41.0;171.0;6.0
2024-10-27;RS;2734;-7443.442280084384;2734;20.0;54.0;45.0;399.0;1.0
2024-10-27;TW;572;132.91458307446592;572;0.0;14.0;5.0;23.0;0.0
2024-10-27;UP;1747;-5199.721238518768;1747;10.0;22.0;29.0;354.0;0.0
2024-10-27;US;21961;-39423.40124261352;21961;188.0;1001.0;262.0;1373.0;3.0
2024-10-28;GM;1796;-4495.198663304746;1796;16.0;80.0;51.0;88.0;0.0
2024-10-28;IS;10269;-53711.79437743792;10269;94.0;414.0;310.0;1724.0;43.0
2024-10-28;NI;4151;-5891.934437341474;4151;24.0;182.0;105.0;167.0;0.0
2024-10-28;PK;2469;-2379.570061019487;2469;40.0;124.0;51.0;183.0;1.0
2024-10-28;RS;5200;-12418.372467653113;5200;35.0;92.0;87.0;436.0;0.0
2024-10-28;TW;514;-291.8284886001906;514;1.0;18.0;1.0;12.0;0.0
2024-10-28;UP;3158;-7661.553523765987;3158;11.0;40.0;65.0;373.0;0.0
2024-10-28;US;39575;-70382.6600871802;39575;356.0;2073.0;637.0;2377.0;4.0
2024-10-29;GM;2521;-8906.540287241023;2521;28.0;140.0;118.0;130.0;0.0
2024-10-29;IS;11761;-56020.13093245172;11761;119.0;714.0;345.0;1662.0;46.0
2024-10-29;NI;4263;-4711.279428826751;4263;28.0;240.0;87.0;131.0;1.0
2024-10-29;PK;2230;-3034.322637040159;2230;31.0;108.0;43.0;162.0;0.0
2024-10-29;RS;5471;-13021.128377051527;5471;31.0;146.0;73.0;470.0;1.0
2024-10-29;TW;726;-573.3893246485462;726;2.0;18.0;9.0;25.0;0.0
2024-10-29;UP;3721;-8560.501518282676;3721;10.0;69.0;63.0;361.0;0.0
2024-10-29;US;46368;-88137.69285028704;46368;370.0;2706.0;736.0;2732.0;4.0
2024-10-30;GM;1947;-4902.746013528228;1947;30.0;92.0;35.0;89.0;0.0
2024-10-30;IS;9207;-40331.20255577314;9207;56.0;394.0;299.0;1325.0;29.0
2024-10-30;NI;3964;-4650.201455974838;3964;17.0;216.0;111.0;99.0;0.0
2024-10-30;PK;2070;-3828.8899353108254;2070;22.0;77.0;28.0;191.0;0.0
2024-10-30;RS;5222;-13659.799231708876;5222;38.0;185.0;85.0;478.0;0.0
2024-10-30;TW;727;-163.3440543377092;727;2.0;9.0;4.0;20.0;0.0
2024-10-30;UP;3327;-7965.065348273887;3327;17.0;85.0;57.0;379.0;0.0
2024-10-30;US;47015;-84123.82553242176;47015;351.0;2647.0;830.0;2789.0;7.0
2024-10-31;GM;1908;-5073.224521476938;1908;23.0;92.0;64.0;59.0;3.0
2024-10-31;IS;10005;-45044.34231362332;10005;145.0;506.0;272.0;1556.0;64.0
2024-10-31;NI;3913;-2255.110680306402;3913;23.0;169.0;83.0;92.0;0.0
2024-10-31;PK;2381;-3200.4973840653265;2381;30.0;87.0;18.0;176.0;0.0
2024-10-31;RS;5230;-14322.953706577797;5230;13.0;175.0;80.0;450.0;2.0
2024-10-31;TW;694;-497.3840663986687;694;5.0;15.0;2.0;33.0;0.0
2024-10-31;UP;3925;-10414.859267732503;3925;8.0;127.0;69.0;425.0;1.0
2024-10-31;US;47730;-82759.92882628134;47730;353.0;2597.0;757.0;2692.0;9.0
2024-11-01;GM;1749;-4188.183516316482;1749;20.0;88.0;28.0;71.0;1.0
2024-11-01;IS;9045;-41254.51780891111;9045;103.0;381.0;313.0;1687.0;46.0
2024-11-01;NI;4160;-7536.185104276595;4160;66.0;291.0;49.0;136.0;0.0
2024-11-01;PK;2487;-4883.57687124697;2487;27.0;112.0;64.0;186.0;0.0
2024-11-01;RS;5537;-14026.439019959977;5537;26.0;205.0;80.0;593.0;1.0
2024-11-01;TW;447;-779.2747049134902;447;3.0;21.0;4.0;47.0;0.0
2024-11-01;UP;3960;-9479.90552002938;3960;7.0;85.0;77.0;437.0;2.0
2024-11-01;US;50389;-94411.76791997036;50389;494.0;2927.0;806.0;2826.0;15.0
2024-11-02;GM;811;-1226.7473860810608;811;6.0;47.0;17.0;45.0;0.0
2024-11-02;IS;5859;-28516.969375417302;5859;83.0;235.0;204.0;1178.0;20.0
2024-11-02;NI;2965;-5882.055810362972;2965;61.0;193.0;60.0;83.0;0.0
2024-11-02;PK;2339;-6257.102051311299;2339;34.0;105.0;68.0;239.0;3.0
2024-11-02;RS;3030;-9149.50952696689;3030;15.0;146.0;66.0;302.0;0.0
2024-11-02;TW;437;-839.3762753554225;437;4.0;10.0;4.0;11.0;0.0
2024-11-02;UP;2200;-5946.457594595442;2200;7.0;29.0;44.0;269.0;0.0
2024-11-02;US;30809;-56829.84372844454;30809;322.0;1667.0;445.0;1973.0;4.0
2024-11-03;GM;767;-1620.0877104411602;767;11.0;39.0;13.0;45.0;1.0
2024-11-03;IS;6267;-30485.8042813411;6267;93.0;270.0;240.0;1220.0;36.0
2024-11-03;NI;3025;-5880.362812131573;3025;32.0;265.0;36.0;122.0;0.0
2024-11-03;PK;1663;-2968.7874460696885;1663;28.0;79.0;45.0;116.0;0.0
2024-11-03;RS;2575;-8757.502035875421;2575;8.0;83.0;72.0;254.0;3.0
2024-11-03;TW;469;-832.8781848544874;469;0.0;3.0;2.0;35.0;0.0
2024-11-03;UP;1720;-6026.461488101311;1720;6.0;34.0;42.0;228.0;0.0
2024-11-03;US;22708;-34104.182941007806;22708;293.0;929.0;309.0;1392.0;7.0
2024-11-04;GM;1705;-3311.7852787390707;1705;15.0;76.0;29.0;94.0;4.0
2024-11-04;IS;8649;-38428.72282536283;8649;95.0;402.0;293.0;1335.0;49.0
2024-11-04;NI;3331;-5068.331196110555;3331;42.0;226.0;44.0;115.0;0.0
2024-11-04;PK;2173;-3701.242109480599;2173;20.0;72.0;43.0;147.0;3.0
2024-11-04;RS;4444;-11932.252737628156;4444;26.0;152.0;84.0;466.0;2.0
2024-11-04;TW;426;-263.45476249444255;426;0.0;11.0;0.0;19.0;0.0
2024-11-04;UP;3511;-8674.745401069433;3511;13.0;88.0;71.0;403.0;4.0
2024-11-04;US;43508;-67802.95827645922;43508;523.0;2025.0;543.0;2558.0;6.0
2024-11-05;GM;2064;-4480.426218687681;2064;13.0;125.0;30.0;125.0;12.0
2024-11-05;IS;8311;-31855.092761031152;8311;139.0;362.0;189.0;1269.0;40.0
2024-11-05;NI;4009;-6231.433887004435;4009;80.0;213.0;34.0;94.0;0.0
2024-11-05;PK;2318;-4620.143774358502;2318;19.0;75.0;42.0;219.0;0.0
2024-11-05;RS;5290;-14584.686038376583;5290;20.0;182.0;67.0;603.0;0.0
2024-11-05;TW;507;40.626859067577904;507;4.0;10.0;4.0;22.0;0.0
2024-11-05;UP;3385;-6391.490505654097;3385;8.0;94.0;51.0;488.0;1.0
2024-11-05;US;52960;-74344.18855563224;52960;511.0;2504.0;622.0;2993.0;1.0
2024-11-06;GM;1948;-1840.011681190195;1948;11.0;69.0;24.0;66.0;5.0
2024-11-06;IS;9031;-24872.676892023235;9031;186.0;278.0;199.0;1151.0;32.0
2024-11-06;NI;3978;-4012.400842763758;3978;55.0;197.0;44.0;134.0;0.0
2024-11-06;PK;1962;-2396.6353720339307;1962;18.0;57.0;16.0;141.0;0.0
2024-11-06;RS;5342;-10167.01151813051;5342;13.0;116.0;43.0;532.0;0.0
2024-11-06;TW;698;208.57920993840415;698;2.0;17.0;2.0;37.0;0.0
2024-11-06;UP;4881;-2707.963055797398;4881;19.0;84.0;34.0;483.0;0.0
2024-11-06;US;71777;-46669.616584137686;71777;416.0;2999.0;605.0;3755.0;15.0
2024-11-07;GM;2653;-4191.002670388315;2653;11.0;147.0;7.0;89.0;5.0
2024-11-07;IS;7839;-27034.423895004307;7839;120.0;291.0;236.0;1217.0;35.0
2024-11-07;NI;4409;-4582.717769869971;4409;36.0;145.0;76.0;166.0;2.0
2024-11-07;PK;2302;-3484.4164740868105;2302;23.0;77.0;70.0;225.0;0.0
2024-11-07;RS;5148;-10939.522457232088;5148;19.0;128.0;52.0;384.0;0.0
2024-11-07;TW;869;-309.23366915031005;869;0.0;39.0;0.0;26.0;0.0
2024-11-07;UP;4614;-6351.936145293253;4614;17.0;73.0;43.0;380.0;0.0
2024-11-07;US;55795;-68302.00651119147;55795;316.0;3041.0;678.0;3088.0;5.0
2024-11-08;GM;2044;-3713.742628226627;2044;18.0;104.0;15.0;105.0;0.0
2024-11-08;IS;6338;-22361.84784115334;6338;78.0;279.0;169.0;910.0;37.0
2024-11-08;NI;3725;-4272.825375998071;3725;33.0;228.0;97.0;173.0;0.0
2024-11-08;PK;2268;-5567.983959663639;2268;52.0;102.0;53.0;190.0;2.0
2024-11-08;RS;4567;-11401.041104336233;4567;18.0;116.0;64.0;495.0;2.0
2024-11-08;TW;603;-588.6807973660634;603;0.0;29.0;0.0;25.0;0.0
2024-11-08;UP;4184;-9352.276548145786;4184;13.0;81.0;56.0;493.0;1.0
2024-11-08;US;47951;-81758.60588809609;47951;227.0;2963.0;762.0;2985.0;5.0
2024-11-09;GM;1275;-2535.7072818079673;1275;11.0;28.0;14.0;88.0;3.0
2024-11-09;IS;4495;-17706.098307663455;4495;61.0;165.0;134.0;729.0;10.0
2024-11-09;NI;2778;-1628.1872389328762;2778;17.0;124.0;49.0;124.0;1.0
2024-11-09;PK;2959;-13211.26257248563;2959;24.0;93.0;135.0;308.0;0.0
2024-11-09;RS;2727;-7410.726591590028;2727;20.0;66.0;60.0;304.0;0.0
2024-11-09;TW;272;-142.56654404505727;272;2.0;8.0;4.0;10.0;0.0
2024-11-09;UP;2479;-5538.780196333842;2479;9.0;39.0;41.0;274.0;0.0
2024-11-09;US;30112;-58862.310105661374;30112;147.0;1958.0;534.0;2041.0;0.0
2024-11-10;GM;938;-1604.775765920428;938;8.0;47.0;8.0;66.0;0.0
2024-11-10;IS;5880;-24442.05546605858;5880;79.0;174.0;174.0;957.0;33.0
2024-11-10;NI;3235;-2844.8112072997883;3235;13.0;141.0;31.0;181.0;1.0
2024-11-10;PK;1802;-6909.324750234323;1802;22.0;45.0;77.0;259.0;0.0
2024-11-10;RS;3063;-9013.321925833405;3063;11.0;65.0;47.0;443.0;0.0
2024-11-10;TW;229;-397.5984192060827;229;8.0;16.0;0.0;2.0;0.0
2024-11-10;UP;2629;-6557.891573507288;2629;4.0;31.0;28.0;385.0;1.0
2024-11-10;US;20083;-28610.23494483511;20083;152.0;884.0;239.0;1623.0;1.0
2024-11-11;GM;1913;-3471.6458985233076;1913;7.0;104.0;17.0;117.0;3.0
2024-11-11;IS;7609;-27849.112104163603;7609;112.0;238.0;166.0;1059.0;27.0
2024-11-11;NI;3828;-4359.941345935859;3828;43.0;148.0;35.0;184.0;0.0
2024-11-11;PK;2513;-5619.574321175859;2513;25.0;105.0;27.0;223.0;0.0
2024-11-11;RS;5318;-13358.719108006182;5318;14.0;118.0;106.0;554.0;2.0
2024-11-11;TW;566;-569.2459712557055;566;1.0;13.0;2.0;11.0;0.0
2024-11-11;UP;4558;-11057.86561131942;4558;10.0;78.0;85.0;552.0;0.0
2024-11-11;US;35363;-42606.49531536056;35363;179.0;1722.0;436.0;2224.0;8.0
2024-11-12;GM;2047;-2803.786237217186;2047;9.0;108.0;19.0;110.0;0.0
2024-11-12;IS;8689;-30445.350164708525;8689;85.0;238.0;225.0;1116.0;44.0
2024-11-12;NI;3834;-3186.3023960399014;3834;35.0;156.0;62.0;116.0;1.0
2024-11-12;PK;2247;-4965.0022444906535;2247;21.0;118.0;32.0;130.0;2.0
2024-11-12;RS;4947;-12208.050789854213;4947;19.0;157.0;60.0;344.0;3.0
2024-11-12;TW;660;-554.1867947277732;660;7.0;11.0;2.0;40.0;0.0
2024-11-12;UP;3828;-8885.593784062461;3828;13.0;120.0;78.0;344.0;0.0
2024-11-12;US;46986;-64154.68036853582;46986;243.0;2541.0;634.0;2697.0;7.0
2024-11-13;GM;1757;-1398.4559824912517;1757;17.0;74.0;4.0;63.0;0.0
2024-11-13;IS;8131;-26129.552849239324;8131;77.0;264.0;168.0;1135.0;38.0
2024-11-13;NI;3741;-1418.4196148046235;3741;36.0;131.0;50.0;114.0;0.0
2024-11-13;PK;2167;-4920.401596742022;2167;28.0;83.0;23.0;162.0;0.0
2024-11-13;RS;4882;-12806.861981240783;4882;25.0;163.0;189.0;533.0;0.0
2024-11-13;TW;655;-124.22751412428612;655;6.0;12.0;3.0;16.0;0.0
2024-11-13;UP;4331;-11436.251621070933;4331;22.0;113.0;156.0;495.0;0.0
2024-11-13;US;53710;-79608.66672244981;53710;245.0;2966.0;864.0;2958.0;14.0
2024-11-14;GM;1752;-1316.061477413141;1752;11.0;65.0;1.0;39.0;2.0
2024-11-14;IS;8221;-30484.736478374252;8221;99.0;293.0;260.0;1075.0;57.0
2024-11-14;NI;3738;-2370.6602630525167;3738;16.0;206.0;28.0;139.0;0.0
2024-11-14;PK;2251;-4478.174660637388;2251;18.0;83.0;64.0;201.0;2.0
2024-11-14;RS;4732;-11453.484523572395;4732;30.0;172.0;98.0;431.0;1.0
2024-11-14;TW;612;-264.2624736043747;612;1.0;30.0;8.0;10.0;0.0
2024-11-14;UP;3687;-7713.138012303554;3687;26.0;97.0;84.0;359.0;3.0
2024-11-14;US;51465;-85296.89056870615;51465;236.0;2920.0;742.0;2914.0;21.0
2024-11-15;GM;2225;-2715.2151453991405;2225;11.0;76.0;11.0;103.0;0.0
2024-11-15;IS;7766;-29924.41842122208;7766;139.0;288.0;229.0;971.0;40.0
2024-11-15;NI;3410;-278.10603707704206;3410;17.0;142.0;34.0;119.0;1.0
2024-11-15;PK;2431;-5113.514495656315;2431;23.0;123.0;43.0;207.0;1.0
2024-11-15;RS;4838;-13742.671854354565;4838;59.0;218.0;92.0;390.0;0.0
2024-11-15;TW;775;109.8631672333477;775;4.0;10.0;3.0;9.0;0.0
2024-11-15;UP;3646;-9007.201095052616;3646;25.0;90.0;57.0;343.0;0.0
2024-11-15;US;48773;-87576.05503109505;48773;238.0;3022.0;680.0;2565.0;7.0
2024-11-16;GM;1287;-2087.137824958994;1287;10.0;32.0;13.0;68.0;1.0
2024-11-16;IS;4545;-19317.832961218755;4545;67.0;193.0;141.0;819.0;22.0
2024-11-16;NI;3334;1765.6101768790818;3334;18.0;127.0;67.0;84.0;0.0
2024-11-16;PK;2017;-5078.984663608557;2017;42.0;104.0;33.0;164.0;0.0
2024-11-16;RS;3432;-9468.661313853549;3432;29.0;65.0;31.0;277.0;2.0
2024-11-16;TW;567;-190.85766958369328;567;5.0;10.0;0.0;3.0;0.0
2024-11-16;UP;2720;-6584.693569071956;2720;5.0;43.0;12.0;224.0;0.0
2024-11-16;US;29685;-53301.82447249879;29685;130.0;1641.0;456.0;1667.0;3.0
2024-11-17;GM;1073;-2858.602365029287;1073;30.0;44.0;4.0;41.0;0.0
2024-11-17;IS;5408;-26718.686666766676;5408;102.0;182.0;212.0;1184.0;15.0
2024-11-17;NI;3981;5115.52147841561;3981;16.0;158.0;27.0;125.0;0.0
2024-11-17;PK;1902;-5534.900620537797;1902;33.0;81.0;15.0;132.0;0.0
2024-11-17;RS;4041;-15131.317993928604;4041;35.0;123.0;70.0;681.0;0.0
2024-11-17;TW;419;-362.06276066057467;419;3.0;12.0;1.0;21.0;0.0
2024-11-17;UP;3474;-13654.103963484082;3474;17.0;62.0;66.0;668.0;0.0
2024-11-17;US;20185;-33420.59889157396;20185;127.0;955.0;300.0;1247.0;10.0
2024-11-18;GM;2119;-3868.492438314148;2119;15.0;78.0;13.0;75.0;0.0
2024-11-18;IS;7733;-34403.528920303106;7733;121.0;319.0;259.0;1155.0;31.0
2024-11-18;NI;4803;1711.1887240423252;4803;15.0;177.0;73.0;214.0;0.0
2024-11-18;PK;1940;-5068.681298384218;1940;42.0;142.0;39.0;97.0;0.0
2024-11-18;RS;7159;-23568.90227736095;7159;37.0;187.0;106.0;930.0;0.0
2024-11-18;TW;664;130.79567169901384;664;2.0;15.0;1.0;23.0;0.0
2024-11-18;UP;6446;-20842.157982999455;6446;24.0;115.0;88.0;978.0;0.0
2024-11-18;US;36822;-64521.45636053285;36822;284.0;1925.0;536.0;2205.0;9.0
2024-11-19;GM;2559;-4124.40398598008;2559;16.0;70.0;17.0;78.0;2.0
2024-11-19;IS;8033;-31815.103323236508;8033;150.0;292.0;203.0;1233.0;24.0
2024-11-19;NI;3814;-1179.2384750224194;3814;22.0;162.0;49.0;137.0;0.0
2024-11-19;PK;2392;-6450.320156202487;2392;32.0;177.0;66.0;134.0;0.0
2024-11-19;RS;7938;-28197.780363495243;7938;59.0;201.0;117.0;1104.0;5.0
2024-11-19;TW;621;-535.8395022191086;621;2.0;22.0;1.0;6.0;0.0
2024-11-19;UP;6395;-22078.669094156085;6395;21.0;129.0;88.0;1034.0;2.0
2024-11-19;US;46971;-94229.74318167432;46971;218.0;2976.0;812.0;2773.0;0.0
2024-11-20;GM;2142;-4891.934374632943;2142;26.0;102.0;11.0;108.0;0.0
2024-11-20;IS;7325;-30734.847398875245;7325;133.0;318.0;191.0;1030.0;32.0
2024-11-20;NI;4245;-2854.495447460069;4245;8.0;180.0;68.0;197.0;0.0
2024-11-20;PK;2923;-9224.640884639211;2923;24.0;120.0;130.0;294.0;0.0
2024-11-20;RS;7391;-27924.377111229263;7391;29.0;207.0;85.0;999.0;0.0
2024-11-20;TW;694;-182.5161720851508;694;2.0;16.0;8.0;13.0;0.0
2024-11-20;UP;6118;-21279.6090373534;6118;26.0;84.0;62.0;928.0;0.0
2024-11-20;US;48572;-95873.84302798414;48572;238.0;3090.0;770.0;2878.0;11.0
2024-11-21;GM;1782;-3095.112191126946;1782;14.0;79.0;13.0;58.0;0.0
2024-11-21;IS;10300;-54541.68432947268;10300;107.0;835.0;265.0;1205.0;44.0
2024-11-21;NI;4308;-4928.205335082103;4308;22.0;274.0;76.0;232.0;1.0
2024-11-21;PK;3170;-12119.607091055164;3170;36.0;154.0;58.0;337.0;1.0
2024-11-21;RS;7449;-27110.093158454456;7449;21.0;250.0;74.0;1445.0;2.0
2024-11-21;TW;636;-258.8361086823947;636;1.0;12.0;12.0;12.0;0.0
2024-11-21;UP;6248;-22150.35352460452;6248;24.0;127.0;60.0;1273.0;0.0
2024-11-21;US;52227;-120761.71045038285;52227;242.0;3450.0;1016.0;3043.0;15.0
2024-11-22;GM;1792;-3766.765534391493;1792;12.0;59.0;13.0;74.0;1.0
2024-11-22;IS;9703;-50321.891934964486;9703;95.0;983.0;198.0;1061.0;27.0
2024-11-22;NI;4073;-2803.080463659347;4073;19.0;306.0;41.0;154.0;0.0
2024-11-22;PK;2442;-8977.325666497365;2442;52.0;107.0;51.0;265.0;0.0
2024-11-22;RS;6841;-25480.771408921435;6841;33.0;204.0;55.0;1061.0;2.0
2024-11-22;TW;545;-70.02318493442557;545;0.0;22.0;9.0;12.0;0.0
2024-11-22;UP;5463;-20486.128030039396;5463;24.0;97.0;41.0;923.0;1.0
2024-11-22;US;47257;-100379.98109325714;47257;228.0;3126.0;849.0;2673.0;7.0
2024-11-23;GM;1166;-2335.399252045865;1166;5.0;49.0;21.0;49.0;0.0
2024-11-23;IS;5653;-29557.716101216527;5653;82.0;405.0;224.0;921.0;18.0
2024-11-23;NI;2961;-839.226800579438;2961;9.0;160.0;59.0;68.0;0.0
2024-11-23;PK;2583;-10182.448076674626;2583;55.0;141.0;49.0;320.0;1.0
2024-11-23;RS;3577;-12728.073035897398;3577;7.0;107.0;43.0;547.0;0.0
2024-11-23;TW;364;-181.66531667147385;364;1.0;23.0;5.0;9.0;0.0
2024-11-23;UP;2895;-9852.095313288077;2895;7.0;45.0;40.0;454.0;0.0
2024-11-23;US;27823;-56867.60693674171;27823;92.0;1797.0;406.0;1701.0;1.0
2024-11-24;GM;1231;-1284.8772673824517;1231;15.0;44.0;18.0;20.0;0.0
2024-11-24;IS;6714;-35843.59976129823;6714;151.0;352.0;249.0;1389.0;13.0
2024-11-24;NI;3028;-1982.606332329934;3028;12.0;169.0;51.0;141.0;0.0
2024-11-24;PK;2473;-12071.791371967647;2473;101.0;228.0;68.0;280.0;1.0
2024-11-24;RS;3878;-14075.312646024437;3878;17.0;120.0;48.0;605.0;1.0
2024-11-24;TW;429;-165.24867711734043;429;3.0;16.0;3.0;3.0;0.0
2024-11-24;UP;2897;-10934.84103959271;2897;7.0;45.0;44.0;497.0;0.0
2024-11-24;US;18981;-35922.167540774724;18981;85.0;981.0;306.0;1231.0;2.0
2024-11-25;GM;2147;-3069.5151874956;2147;14.0;65.0;34.0;97.0;0.0
2024-11-25;IS;8942;-43256.78419535992;8942;96.0;570.0;223.0;1319.0;26.0
2024-11-25;NI;3923;-4878.555639149042;3923;29.0;220.0;24.0;216.0;1.0
2024-11-25;PK;3025;-11488.272469015716;3025;108.0;268.0;73.0;321.0;0.0
2024-11-25;RS;5529;-16885.87616146216;5529;13.0;198.0;92.0;799.0;1.0
2024-11-25;TW;533;85.37302001881957;533;5.0;27.0;2.0;10.0;0.0
2024-11-25;UP;4219;-11956.226291574903;4219;15.0;126.0;69.0;626.0;1.0
2024-11-25;US;34779;-61723.669354164784;34779;199.0;2035.0;579.0;2066.0;2.0
2024-11-26;GM;2458;-3545.3857682927664;2458;8.0;60.0;16.0;94.0;0.0
2024-11-26;IS;10193;-45101.878810270326;10193;134.0;489.0;221.0;1285.0;33.0
2024-11-26;NI;3532;-2492.936488551119;3532;19.0;185.0;43.0;175.0;0.0
2024-11-26;PK;3143;-12823.5725156496;3143;154.0;205.0;75.0;365.0;0.0
2024-11-26;RS;5571;-19461.4550930282;5571;29.0;313.0;65.0;672.0;1.0
2024-11-26;TW;684;580.4427083756173;684;8.0;35.0;0.0;6.0;0.0
2024-11-26;UP;4180;-13434.232895885229;4180;9.0;121.0;46.0;545.0;5.0
2024-11-26;US;44988;-90732.98345139982;44988;214.0;2743.0;793.0;2555.0;8.0
2024-11-27;GM;2070;-3497.5535037888626;2070;27.0;79.0;16.0;68.0;1.0
2024-11-27;IS;11509;-46063.31493004033;11509;102.0;435.0;208.0;1212.0;34.0
2024-11-27;NI;3631;-1928.2884725122271;3631;28.0;199.0;88.0;133.0;0.0
2024-11-27;PK;2988;-11163.652079471998;2988;90.0;192.0;50.0;234.0;0.0
2024-11-27;RS;4836;-14782.577759157772;4836;12.0;219.0;64.0;495.0;3.0
2024-11-27;TW;641;-212.5498527639709;641;0.0;16.0;0.0;14.0;0.0
2024-11-27;UP;3517;-9608.444599729652;3517;17.0;92.0;51.0;398.0;5.0
2024-11-27;US;43536;-85410.36292402327;43536;206.0;2720.0;685.0;2356.0;8.0
2024-11-28;GM;1751;-1950.956774487868;1751;10.0;70.0;8.0;68.0;1.0
2024-11-28;IS;7752;-35412.14249003852;7752;125.0;430.0;201.0;942.0;23.0
2024-11-28;NI;4318;-4274.322102427503;4318;58.0;263.0;72.0;161.0;0.0
2024-11-28;PK;2914;-10665.125257642734;2914;77.0;194.0;82.0;165.0;0.0
2024-11-28;RS;5410;-19777.45182581803;5410;7.0;134.0;93.0;816.0;0.0
2024-11-28;TW;613;-414.0747600845842;613;1.0;26.0;3.0;7.0;0.0
2024-11-28;UP;3949;-15259.774346831002;3949;14.0;87.0;71.0;717.0;1.0
2024-11-28;US;27795;-45835.43972362865;27795;169.0;1630.0;401.0;1538.0;4.0
2024-11-29;GM;1771;-2108.434813766488;1771;20.0;35.0;15.0;75.0;0.0
2024-11-29;IS;6117;-27797.445799982594;6117;99.0;331.0;142.0;771.0;31.0
2024-11-29;NI;4472;-6077.243367349904;4472;45.0;324.0;73.0;142.0;0.0
2024-11-29;PK;2461;-8596.242675958421;2461;41.0;231.0;56.0;133.0;0.0
2024-11-29;RS;5855;-19187.597101318486;5855;46.0;204.0;103.0;717.0;0.0
2024-11-29;TW;869;83.09718414389857;869;0.0;9.0;3.0;12.0;0.0
2024-11-29;UP;3598;-12283.323370267635;3598;8.0;88.0;83.0;490.0;0.0
2024-11-29;US;23531;-34950.54367933006;23531;166.0;1314.0;276.0;1382.0;1.0
2024-11-30;GM;1128;-916.0595005516976;1128;8.0;47.0;7.0;47.0;0.0
2024-11-30;IS;4796;-22485.244706405116;4796;91.0;201.0;157.0;730.0;51.0
2024-11-30;NI;3209;-2733.386241439047;3209;19.0;162.0;50.0;107.0;0.0
2024-11-30;PK;2283;-9305.62112070294;2283;58.0;191.0;49.0;173.0;3.0
2024-11-30;RS;4636;-16068.139396894536;4636;40.0;143.0;71.0;586.0;9.0
2024-11-30;TW;838;487.49601843476125;838;3.0;9.0;4.0;7.0;0.0
2024-11-30;UP;2604;-6195.371468208185;2604;13.0;58.0;38.0;307.0;0.0
2024-11-30;US;20828;-32460.03108572643;20828;126.0;1116.0;226.0;1262.0;1.0
2024-12-01;GM;998;-923.2591678473808;998;5.0;25.0;13.0;44.0;1.0
2024-12-01;IS;5347;-24900.530881495062;5347;71.0;164.0;170.0;794.0;61.0
2024-12-01;NI;3003;-1082.977182568865;3003;14.0;138.0;22.0;101.0;0.0
2024-12-01;PK;2092;-7803.241213838383;2092;49.0;124.0;44.0;200.0;1.0
2024-12-01;RS;4273;-15950.828168857524;4273;56.0;119.0;69.0;625.0;0.0
2024-12-01;TW;903;368.95889137799475;903;1.0;9.0;1.0;21.0;0.0
2024-12-01;UP;2416;-6280.5442593637335;2416;15.0;57.0;54.0;289.0;0.0
2024-12-01;US;18929;-26972.622572196175;18929;108.0;858.0;227.0;1156.0;2.0
2024-12-02;GM;2305;-4455.934577697524;2305;27.0;33.0;8.0;92.0;1.0
2024-12-02;IS;7651;-39197.50908656615;7651;95.0;304.0;249.0;1071.0;90.0
2024-12-02;NI;4008;-4351.778046066486;4008;21.0;145.0;51.0;176.0;0.0
2024-12-02;PK;2224;-7795.558892296779;2224;39.0;151.0;49.0;225.0;0.0
2024-12-02;RS;5997;-21192.27837508099;5997;73.0;223.0;84.0;772.0;1.0
2024-12-02;TW;1029;185.05327316070407;1029;1.0;9.0;1.0;11.0;0.0
2024-12-02;UP;4016;-10476.930625980443;4016;22.0;111.0;36.0;406.0;1.0
2024-12-02;US;38577;-77943.54416777755;38577;225.0;2273.0;591.0;2448.0;12.0
2024-12-03;GM;1989;-2325.0890558062024;1989;15.0;74.0;10.0;96.0;0.0
2024-12-03;IS;7635;-36581.993223734535;7635;91.0;328.0;247.0;1123.0;36.0
2024-12-03;NI;4095;-3331.612239681173;4095;22.0;159.0;80.0;115.0;0.0
2024-12-03;PK;2537;-5576.103785731236;2537;35.0;136.0;45.0;203.0;1.0
2024-12-03;RS;6242;-19422.078709270896;6242;67.0;219.0;78.0;692.0;0.0
2024-12-03;TW;887;-419.60891506736857;887;9.0;11.0;4.0;16.0;0.0
2024-12-03;UP;4300;-9656.786415160315;4300;27.0;115.0;66.0;356.0;0.0
2024-12-03;US;50022;-110957.41948334184;50022;225.0;3374.0;850.0;2925.0;7.0
2024-12-04;GM;2344;-3280.7589769918745;2344;14.0;62.0;17.0;95.0;0.0
2024-12-04;IS;7457;-33295.59262022533;7457;91.0;371.0;286.0;1126.0;35.0
2024-12-04;NI;4369;-4168.958375561122;4369;12.0;203.0;72.0;130.0;0.0
2024-12-04;PK;2252;-4047.4868759893407;2252;40.0;116.0;44.0;180.0;0.0
2024-12-04;RS;5607;-18229.83131637391;5607;27.0;203.0;107.0;669.0;1.0
2024-12-04;TW;748;-8.24013473649184;748;3.0;22.0;5.0;13.0;0.0
2024-12-04;UP;4011;-10187.258825420851;4011;13.0;90.0;92.0;381.0;3.0
2024-12-04;US;49858;-99397.30332306807;49858;231.0;3052.0;824.0;3099.0;8.0
2024-12-05;GM;1972;-2430.0901501942435;1972;24.0;76.0;11.0;109.0;2.0
2024-12-05;IS;6475;-28583.847373031665;6475;114.0;266.0;225.0;675.0;51.0
2024-12-05;NI;4245;-4371.08286344622;4245;44.0;151.0;54.0;131.0;0.0
2024-12-05;PK;2401;-5598.238117907987;2401;25.0;146.0;17.0;174.0;0.0
2024-12-05;RS;6039;-18749.02159959205;6039;30.0;261.0;94.0;560.0;0.0
2024-12-05;TW;1036;-654.9639585222931;1036;10.0;20.0;5.0;9.0;0.0
2024-12-05;UP;4266;-14175.255366883142;4266;25.0;163.0;81.0;371.0;0.0
2024-12-05;US;49453;-94429.62569987604;49453;249.0;2851.0;732.0;2991.0;7.0
2024-12-06;GM;1749;-3103.1524013546405;1749;13.0;84.0;24.0;64.0;1.0
2024-12-06;IS;5499;-24565.622879659037;5499;97.0;254.0;235.0;658.0;36.0
2024-12-06;NI;4143;-3004.315710455211;4143;16.0;199.0;31.0;135.0;0.0
2024-12-06;PK;2626;-5639.723825916626;2626;42.0;167.0;20.0;191.0;0.0
2024-12-06;RS;5573;-16424.763588010155;5573;32.0;175.0;85.0;530.0;2.0
2024-12-06;TW;908;-361.7155901903658;908;6.0;18.0;4.0;25.0;1.0
2024-12-06;UP;3475;-9567.72812092084;3475;17.0;98.0;81.0;322.0;1.0
2024-12-06;US;46590;-93991.81830775252;46590;283.0;3049.0;779.0;2769.0;5.0
2024-12-07;GM;1208;-1385.6695754271457;1208;16.0;29.0;4.0;32.0;0.0
2024-12-07;IS;3714;-17839.558429794582;3714;44.0;164.0;117.0;580.0;7.0
2024-12-07;NI;2666;-1737.4931159938385;2666;15.0;133.0;27.0;87.0;0.0
2024-12-07;PK;2408;-6892.381643302739;2408;52.0;159.0;35.0;175.0;0.0
2024-12-07;RS;4914;-17649.940672471683;4914;17.0;97.0;43.0;410.0;0.0
2024-12-07;TW;476;-69.10634536660334;476;6.0;23.0;9.0;9.0;0.0
2024-12-07;UP;2748;-3161.672763838433;2748;7.0;29.0;25.0;175.0;0.0
2024-12-07;US;29735;-54802.198815876174;29735;162.0;1665.0;540.0;1868.0;1.0
2024-12-08;GM;1139;-2023.2447953626513;1139;13.0;22.0;12.0;31.0;2.0
2024-12-08;IS;4967;-19868.7856340835;4967;40.0;162.0;115.0;826.0;11.0
2024-12-08;NI;2678;-1170.3233103841833;2678;21.0;149.0;31.0;71.0;0.0
2024-12-08;PK;1804;-5825.762182298602;1804;48.0;107.0;13.0;88.0;2.0
2024-12-08;RS;6124;-25280.29445134391;6124;45.0;124.0;59.0;375.0;0.0
2024-12-08;TW;553;-431.7308475576019;553;9.0;12.0;8.0;3.0;0.0
2024-12-08;UP;2698;-4979.043042275388;2698;10.0;27.0;34.0;127.0;0.0
2024-12-08;US;20817;-38884.33882442376;20817;99.0;1087.0;313.0;1415.0;5.0
2024-12-09;GM;2646;-5100.266397701749;2646;39.0;70.0;27.0;101.0;1.0
2024-12-09;IS;7201;-30827.642531748676;7201;89.0;288.0;209.0;1194.0;29.0
2024-12-09;NI;3819;-3488.0813343460923;3819;41.0;219.0;62.0;111.0;0.0
2024-12-09;PK;1992;-4163.686521899483;1992;28.0;101.0;28.0;113.0;0.0
2024-12-09;RS;7515;-27663.526889576973;7515;43.0;157.0;88.0;552.0;1.0
2024-12-09;TW;868;71.580281165655;868;2.0;14.0;5.0;34.0;0.0
2024-12-09;UP;3743;-9003.81105190931;3743;8.0;61.0;37.0;278.0;2.0
2024-12-09;US;38309;-75843.38545281188;38309;216.0;2356.0;580.0;2536.0;3.0
2024-12-10;GM;2453;-4925.081780353066;2453;23.0;131.0;11.0;73.0;0.0
2024-12-10;IS;8746;-38328.35633164423;8746;105.0;361.0;170.0;1159.0;20.0
2024-12-10;NI;4550;-7502.45890154336;4550;31.0;278.0;102.0;192.0;0.0
2024-12-10;PK;2261;-5753.365975148153;2261;25.0;136.0;23.0;156.0;0.0
2024-12-10;RS;5767;-19036.29557269607;5767;38.0;188.0;83.0;467.0;1.0
2024-12-10;TW;916;-463.990901120536;916;3.0;19.0;3.0;19.0;0.0
2024-12-10;UP;2896;-7075.160587524977;2896;13.0;66.0;38.0;261.0;1.0
2024-12-10;US;50050;-112741.13026686014;50050;258.0;3385.0;806.0;3501.0;6.0
2024-12-11;GM;2347;-2246.621475452604;2347;7.0;84.0;19.0;81.0;0.0
2024-12-11;IS;8307;-34521.978167531684;8307;88.0;324.0;167.0;1095.0;23.0
2024-12-11;NI;4029;-2897.1716091261083;4029;14.0;235.0;64.0;149.0;0.0
2024-12-11;PK;2376;-6162.888381322202;2376;22.0;109.0;40.0;191.0;0.0
2024-12-11;RS;5734;-17464.646051503274;5734;24.0;180.0;91.0;589.0;2.0
2024-12-11;TW;794;-775.6586118540321;794;0.0;17.0;3.0;26.0;0.0
2024-12-11;UP;3108;-7999.821411230199;3108;3.0;66.0;63.0;371.0;0.0
2024-12-11;US;49948;-108035.68374830176;49948;264.0;3483.0;775.0;3121.0;6.0
2024-12-12;GM;2347;-2237.049965732811;2347;18.0;75.0;14.0;40.0;0.0
2024-12-12;IS;8539;-34146.56839120369;8539;41.0;352.0;197.0;1102.0;16.0
2024-12-12;NI;4287;-2972.500141045083;4287;17.0;293.0;38.0;70.0;0.0
2024-12-12;PK;2277;-5088.387794928098;2277;27.0;152.0;24.0;135.0;2.0
2024-12-12;RS;5127;-14738.072950810756;5127;35.0;203.0;128.0;522.0;0.0
2024-12-12;TW;786;-10.75019241046614;786;2.0;7.0;1.0;26.0;0.0
2024-12-12;UP;3803;-9143.169096815642;3803;16.0;85.0;99.0;357.0;0.0
2024-12-12;US;50536;-99446.00505110325;50536;157.0;3435.0;726.0;2945.0;8.0
2024-12-13;GM;1840;-1851.9945694293656;1840;17.0;60.0;13.0;68.0;0.0
2024-12-13;IS;6792;-26951.302529394703;6792;86.0;246.0;213.0;898.0;47.0
2024-12-13;NI;4151;-4725.994241142115;4151;26.0;340.0;28.0;104.0;0.0
2024-12-13;PK;2346;-4504.772810469154;2346;37.0;96.0;46.0;195.0;0.0
2024-12-13;RS;4876;-15702.24710906674;4876;21.0;161.0;104.0;601.0;0.0
2024-12-13;TW;583;-757.6644823524648;583;0.0;23.0;2.0;14.0;0.0
2024-12-13;UP;3557;-10877.61360248616;3557;13.0;87.0;89.0;514.0;0.0
2024-12-13;US;47138;-101544.92843422752;47138;221.0;3369.0;781.0;2943.0;4.0
2024-12-14;GM;934;-928.9092250436754;934;3.0;40.0;10.0;35.0;0.0
2024-12-14;IS;3976;-17302.651867857352;3976;29.0;144.0;127.0;626.0;17.0
2024-12-14;NI;2790;-669.219531121788;2790;6.0;134.0;15.0;85.0;0.0
2024-12-14;PK;2051;-4531.223726767807;2051;48.0;113.0;38.0;130.0;0.0
2024-12-14;RS;2994;-9785.791049064372;2994;17.0;73.0;84.0;391.0;1.0
2024-12-14;TW;413;-357.38186042712505;413;1.0;25.0;2.0;19.0;0.0
2024-12-14;UP;1901;-5484.0751304100595;1901;6.0;46.0;75.0;306.0;0.0
2024-12-14;US;28987;-63670.352746201665;28987;105.0;1894.0;587.0;2029.0;1.0
2024-12-15;GM;1140;-1659.9095378199038;1140;4.0;56.0;15.0;36.0;1.0
2024-12-15;IS;5375;-23252.898650390103;5375;28.0;169.0;185.0;925.0;19.0
2024-12-15;NI;2918;-1085.8286928801865;2918;28.0;144.0;45.0;83.0;0.0
2024-12-15;PK;2023;-6573.089647913214;2023;16.0;111.0;19.0;140.0;0.0
2024-12-15;RS;2507;-8107.566318721191;2507;12.0;83.0;79.0;301.0;0.0
2024-12-15;TW;383;-142.80373244124326;383;5.0;1.0;6.0;5.0;0.0
2024-12-15;UP;1488;-4023.204081958403;1488;5.0;28.0;62.0;209.0;0.0
2024-12-15;US;19919;-40662.34903754154;19919;65.0;1173.0;422.0;1387.0;0.0
2024-12-16;GM;1890;-2518.358181472959;1890;21.0;46.0;8.0;107.0;1.0
2024-12-16;IS;7761;-32647.974991386254;7761;81.0;255.0;190.0;1027.0;29.0
2024-12-16;NI;3544;-3716.781870435533;3544;26.0;191.0;50.0;97.0;0.0
2024-12-16;PK;2670;-6910.12534828372;2670;56.0;129.0;42.0;191.0;1.0
2024-12-16;RS;4385;-14609.310805027651;4385;6.0;161.0;106.0;466.0;0.0
2024-12-16;TW;518;-879.7592972971397;518;6.0;9.0;2.0;23.0;0.0
2024-12-16;UP;2696;-8468.379686456146;2696;6.0;96.0;70.0;299.0;1.0
2024-12-16;US;36227;-74175.19594616177;36227;153.0;2150.0;652.0;2723.0;8.0
2024-12-17;GM;2159;-3790.414088710879;2159;22.0;64.0;3.0;58.0;0.0
2024-12-17;IS;7668;-29873.380743220925;7668;101.0;276.0;146.0;862.0;31.0
2024-12-17;NI;3515;-586.5976397775462;3515;26.0;197.0;33.0;154.0;0.0
2024-12-17;PK;2422;-6345.872958832177;2422;45.0;117.0;33.0;145.0;1.0
2024-12-17;RS;6451;-26303.652721252456;6451;27.0;331.0;188.0;715.0;5.0
2024-12-17;TW;610;-312.83213156289617;610;1.0;21.0;0.0;16.0;0.0
2024-12-17;UP;4450;-18595.821368873596;4450;11.0;225.0;168.0;609.0;1.0
2024-12-17;US;47850;-113211.3409134038;47850;210.0;3389.0;811.0;3538.0;22.0
2024-12-18;GM;1801;-1837.7080914504504;1801;10.0;54.0;2.0;59.0;0.0
2024-12-18;IS;6624;-25860.06216047263;6624;80.0;260.0;129.0;808.0;36.0
2024-12-18;NI;3416;-2737.0980238300363;3416;24.0;240.0;42.0;161.0;6.0
2024-12-18;PK;2458;-3971.268735890761;2458;22.0;103.0;30.0;116.0;0.0
2024-12-18;RS;5296;-20308.811364127443;5296;20.0;290.0;218.0;568.0;0.0
2024-12-18;TW;572;-327.01437161650995;572;4.0;13.0;5.0;7.0;0.0
2024-12-18;UP;4285;-13619.767575567746;4285;10.0;219.0;174.0;443.0;0.0
2024-12-18;US;45899;-99317.54930483096;45899;185.0;3068.0;843.0;3027.0;9.0
2024-12-19;GM;1809;-2295.505229346731;1809;9.0;94.0;16.0;76.0;4.0
2024-12-19;IS;6744;-31056.82217705579;6744;65.0;323.0;191.0;1131.0;43.0
2024-12-19;NI;3197;-6064.672194469418;3197;10.0;254.0;47.0;155.0;0.0
2024-12-19;PK;2304;-4172.863441855813;2304;30.0;148.0;21.0;131.0;0.0
2024-12-19;RS;5122;-16628.824494024597;5122;15.0;250.0;124.0;544.0;7.0
2024-12-19;TW;465;-232.77875230341263;465;2.0;17.0;5.0;11.0;0.0
2024-12-19;UP;4252;-8251.451751428676;4252;6.0;142.0;91.0;372.0;1.0
2024-12-19;US;47932;-117265.7440612432;47932;248.0;3388.0;764.0;3415.0;6.0
2024-12-20;GM;2597;-6053.039133641935;2597;25.0;176.0;34.0;162.0;0.0
2024-12-20;IS;6879;-30823.21592911208;6879;99.0;331.0;237.0;944.0;44.0
2024-12-20;NI;3712;-7975.532807777151;3712;11.0;289.0;84.0;149.0;0.0
2024-12-20;PK;2278;-4723.128754916296;2278;18.0;97.0;22.0;171.0;0.0
2024-12-20;RS;4524;-15947.378385613389;4524;24.0;194.0;105.0;659.0;0.0
2024-12-20;TW;483;-578.6503329770386;483;11.0;18.0;5.0;29.0;0.0
2024-12-20;UP;3686;-10817.807710458645;3686;21.0;101.0;102.0;594.0;0.0
2024-12-20;US;45924;-106701.20708823274;45924;273.0;3211.0;860.0;2957.0;6.0
2024-12-21;GM;3746;-21424.572403246995;3746;19.0;288.0;83.0;300.0;3.0
2024-12-21;IS;3912;-19453.285503147184;3912;80.0;176.0;125.0;714.0;25.0
2024-12-21;NI;2655;-4785.973904586778;2655;11.0;145.0;27.0;144.0;0.0
2024-12-21;PK;2242;-8256.712830072604;2242;19.0;216.0;50.0;234.0;1.0
2024-12-21;RS;2714;-10632.217090656146;2714;11.0;117.0;72.0;483.0;0.0
2024-12-21;TW;381;-162.11002654016465;381;5.0;14.0;3.0;10.0;0.0
2024-12-21;UP;1965;-6943.111126188663;1965;12.0;49.0;43.0;370.0;0.0
2024-12-21;US;27325;-58011.822142449135;27325;134.0;2035.0;556.0;1810.0;2.0
2024-12-22;GM;2360;-12840.336680633622;2360;19.0;131.0;26.0;170.0;0.0
2024-12-22;IS;4719;-22237.047906924938;4719;70.0;177.0;188.0;869.0;25.0
2024-12-22;NI;2607;-5488.8824624101835;2607;22.0;124.0;37.0;128.0;0.0
2024-12-22;PK;1858;-6107.575010492284;1858;23.0;149.0;39.0;127.0;1.0
2024-12-22;RS;2231;-8322.72360220217;2231;18.0;94.0;68.0;290.0;0.0
2024-12-22;TW;434;-172.65489031642886;434;7.0;5.0;12.0;2.0;0.0
2024-12-22;UP;1607;-5828.895627561404;1607;2.0;39.0;51.0;249.0;1.0
2024-12-22;US;18352;-33873.34239444075;18352;63.0;998.0;351.0;1309.0;8.0
2024-12-23;GM;2177;-6881.275498931833;2177;22.0;74.0;26.0;149.0;0.0
2024-12-23;IS;6048;-27223.81802631543;6048;72.0;208.0;222.0;963.0;31.0
2024-12-23;NI;2945;-5335.259876647815;2945;19.0;146.0;44.0;97.0;0.0
2024-12-23;PK;2303;-6396.2230669512255;2303;22.0;138.0;23.0;165.0;0.0
2024-12-23;RS;4519;-14278.65085054712;4519;20.0;120.0;107.0;436.0;1.0
2024-12-23;TW;659;-623.1049519823368;659;7.0;19.0;2.0;10.0;0.0
2024-12-23;UP;2604;-8998.513185481337;2604;5.0;58.0;82.0;388.0;0.0
2024-12-23;US;32179;-64149.85892974532;32179;134.0;2026.0;550.0;2235.0;5.0
2024-12-24;GM;1341;-2798.5727299742616;1341;12.0;49.0;13.0;81.0;0.0
2024-12-24;IS;5922;-26842.862284989045;5922;71.0;254.0;275.0;1172.0;26.0
2024-12-24;NI;2736;-2989.921369156251;2736;20.0;134.0;34.0;85.0;0.0
2024-12-24;PK;2607;-7285.990711549408;2607;22.0;159.0;50.0;140.0;1.0
2024-12-24;RS;4038;-12758.34166004226;4038;28.0;205.0;79.0;412.0;0.0
2024-12-24;TW;350;-544.1748684857093;350;0.0;11.0;7.0;6.0;0.0
2024-12-24;UP;2269;-6839.455602705957;2269;10.0;72.0;64.0;290.0;0.0
2024-12-24;US;31563;-67792.74754732936;31563;111.0;1990.0;485.0;2226.0;6.0
2024-12-25;GM;936;-1167.5906746132275;936;21.0;28.0;5.0;72.0;0.0
2024-12-25;IS;4485;-20248.250922631774;4485;44.0;156.0;186.0;850.0;14.0
2024-12-25;NI;2323;-878.8193855714227;2323;9.0;105.0;54.0;124.0;0.0
2024-12-25;PK;2917;-7344.92430334911;2917;35.0;61.0;46.0;325.0;0.0
2024-12-25;RS;3405;-14298.089274459297;3405;6.0;96.0;76.0;565.0;0.0
2024-12-25;TW;316;-490.3333785184321;316;1.0;13.0;2.0;20.0;0.0
2024-12-25;UP;2463;-10535.95342140159;2463;11.0;39.0;83.0;611.0;0.0
2024-12-25;US;17588;-28330.117463664723;17588;80.0;897.0;266.0;1217.0;3.0
2024-12-26;GM;938;-1704.0863149516383;938;14.0;28.0;15.0;54.0;0.0
2024-12-26;IS;5621;-26183.314022791434;5621;48.0;209.0;178.0;1103.0;17.0
2024-12-26;NI;3023;-6315.332309278825;3023;18.0;202.0;46.0;224.0;0.0
2024-12-26;PK;3336;-13481.74083326293;3336;53.0;343.0;43.0;342.0;0.0
2024-12-26;RS;4738;-18144.987952819403;4738;14.0;142.0;129.0;747.0;2.0
2024-12-26;TW;624;-1367.3747296124866;624;1.0;66.0;2.0;27.0;0.0
2024-12-26;UP;2786;-10075.788297007946;2786;6.0;56.0;117.0;578.0;0.0
2024-12-26;US;23498;-44786.10924834362;23498;88.0;1403.0;432.0;1774.0;0.0
2024-12-27;GM;1218;-2408.001439874759;1218;24.0;45.0;17.0;58.0;0.0
2024-12-27;IS;5664;-28221.32313117323;5664;67.0;224.0;219.0;1138.0;24.0
2024-12-27;NI;3494;-6594.133041092388;3494;8.0;172.0;43.0;211.0;3.0
2024-12-27;PK;2811;-8993.117525548532;2811;29.0;192.0;59.0;284.0;0.0
2024-12-27;RS;5542;-21596.65470671733;5542;21.0;199.0;109.0;740.0;3.0
2024-12-27;TW;428;-653.0932892002774;428;0.0;21.0;3.0;18.0;0.0
2024-12-27;UP;3079;-10358.206207846344;3079;12.0;87.0;117.0;518.0;2.0
2024-12-27;US;28058;-62869.66071377297;28058;119.0;1791.0;587.0;2004.0;11.0
2024-12-28;GM;986;-1281.213319244935;986;20.0;26.0;8.0;54.0;0.0
2024-12-28;IS;3821;-17705.411628402522;3821;37.0;233.0;139.0;712.0;22.0
2024-12-28;NI;2658;-4969.950741978573;2658;6.0;94.0;33.0;120.0;0.0
2024-12-28;PK;2136;-7342.909560121683;2136;53.0;100.0;20.0;262.0;0.0
2024-12-28;RS;4215;-18156.79638834332;4215;14.0;163.0;92.0;606.0;3.0
2024-12-28;TW;261;-509.4841880915597;261;0.0;7.0;4.0;14.0;0.0
2024-12-28;UP;2534;-9766.301915027598;2534;10.0;71.0;94.0;412.0;3.0
2024-12-28;US;20702;-44127.629955261786;20702;77.0;1331.0;469.0;1440.0;1.0
2024-12-29;GM;1153;-2002.0400104965645;1153;18.0;28.0;10.0;43.0;0.0
2024-12-29;IS;4212;-20896.151218627176;4212;24.0;232.0;183.0;737.0;21.0
2024-12-29;NI;2972;-3468.8547069701885;2972;11.0;155.0;31.0;158.0;0.0
2024-12-29;PK;1708;-5830.664282647462;1708;37.0;72.0;58.0;192.0;2.0
2024-12-29;RS;3309;-14705.565608662437;3309;6.0;133.0;47.0;486.0;1.0
2024-12-29;TW;385;-744.1226370625318;385;6.0;13.0;5.0;17.0;0.0
2024-12-29;UP;2025;-6915.606491924319;2025;12.0;51.0;41.0;316.0;0.0
2024-12-29;US;17148;-27416.97136653488;17148;64.0;863.0;245.0;1216.0;1.0
2024-12-30;GM;1354;-2093.5343942264235;1354;22.0;41.0;20.0;54.0;0.0
2024-12-30;IS;6011;-23027.3643678606;6011;75.0;232.0;225.0;858.0;36.0
2024-12-30;NI;3543;-2758.8905200297177;3543;19.0;156.0;55.0;123.0;3.0
2024-12-30;PK;2117;-7344.912118872099;2117;65.0;98.0;46.0;240.0;0.0
2024-12-30;RS;4305;-14338.034072037575;4305;17.0;168.0;99.0;426.0;0.0
2024-12-30;TW;445;-191.1990401578151;445;3.0;10.0;7.0;12.0;0.0
2024-12-30;UP;2922;-6736.9243745541635;2922;20.0;60.0;64.0;258.0;0.0
2024-12-30;US;31481;-38590.04146703362;31481;180.0;1500.0;541.0;1814.0;1.0
2024-12-31;GM;1525;-2902.5390846944933;1525;18.0;36.0;9.0;86.0;0.0
2024-12-31;IS;5740;-24223.6420528504;5740;82.0;219.0;215.0;937.0;29.0
2024-12-31;NI;3653;-5215.550453968231;3653;8.0;194.0;55.0;178.0;0.0
2024-12-31;PK;2253;-6259.676713191819;2253;60.0;154.0;30.0;218.0;0.0
2024-12-31;RS;3670;-10720.833950641429;3670;15.0;157.0;77.0;433.0;0.0
2024-12-31;TW;477;-456.8921645078534;477;0.0;24.0;9.0;18.0;0.0
2024-12-31;UP;2468;-6383.329256318021;2468;10.0;66.0;59.0;354.0;0.0
2024-12-31;US;34339;-70840.67431503799;34339;152.0;2209.0;743.0;2364.0;9.0
2025-01-01;GM;1139;-2713.7093506797746;1139;7.0;42.0;42.0;60.0;1.0
2025-01-01;IS;3560;-17268.65170300706;3560;46.0;152.0;148.0;707.0;38.0
2025-01-01;NI;3111;1231.6530531466365;3111;4.0;143.0;52.0;60.0;0.0
2025-01-01;PK;2368;-8127.540737544908;2368;85.0;163.0;61.0;252.0;1.0
2025-01-01;RS;2691;-7681.802103294138;2691;22.0;89.0;35.0;357.0;0.0
2025-01-01;TW;429;-233.42292240613568;429;2.0;7.0;0.0;16.0;0.0
2025-01-01;UP;1795;-4858.488287339282;1795;16.0;53.0;41.0;321.0;0.0
2025-01-01;US;23519;-51815.98975178726;23519;91.0;1361.0;558.0;1950.0;2.0
2025-01-02;GM;1351;-3492.4236706912475;1351;16.0;53.0;25.0;87.0;0.0
2025-01-02;IS;4817;-24370.333040384117;4817;58.0;240.0;210.0;966.0;20.0
2025-01-02;NI;3270;592.6984435465216;3270;17.0;153.0;44.0;100.0;0.0
2025-01-02;PK;2151;-7102.7855144577425;2151;26.0;177.0;35.0;138.0;0.0
2025-01-02;RS;2500;-8587.054967957733;2500;11.0;80.0;82.0;348.0;4.0
2025-01-02;TW;548;-615.8701913706973;548;4.0;34.0;0.0;26.0;1.0
2025-01-02;UP;2122;-6014.776103442631;2122;18.0;49.0;62.0;321.0;3.0
2025-01-02;US;30730;-66109.25136451605;30730;168.0;1485.0;612.0;2649.0;10.0
2025-01-03;GM;1933;-4817.1347335232;1933;11.0;80.0;41.0;90.0;0.0
2025-01-03;IS;5497;-26555.942759885853;5497;82.0;294.0;170.0;998.0;28.0
2025-01-03;NI;3006;-333.88705624491956;3006;17.0;95.0;60.0;103.0;3.0
2025-01-03;PK;2244;-5684.307302370144;2244;11.0;156.0;58.0;172.0;1.0
2025-01-03;RS;2789;-10332.926573267629;2789;16.0;113.0;59.0;420.0;2.0
2025-01-03;TW;407;-578.2192480858135;407;0.0;24.0;2.0;7.0;0.0
2025-01-03;UP;2283;-7204.904044159201;2283;19.0;59.0;40.0;345.0;0.0
2025-01-03;US;38694;-88735.53098100334;38694;191.0;2202.0;659.0;2966.0;8.0
2025-01-04;GM;1315;-2521.4746658298077;1315;16.0;37.0;15.0;46.0;0.0
2025-01-04;IS;3786;-20206.669457506378;3786;34.0;130.0;120.0;818.0;13.0
2025-01-04;NI;2794;-1197.219724119367;2794;4.0;106.0;62.0;116.0;0.0
2025-01-04;PK;2076;-7288.853502627692;2076;27.0;79.0;62.0;174.0;3.0
2025-01-04;RS;2210;-8212.146169876507;2210;4.0;56.0;53.0;391.0;3.0
2025-01-04;TW;377;-493.1552549298688;377;3.0;14.0;1.0;14.0;0.0
2025-01-04;UP;1747;-6395.4048405723715;1747;4.0;41.0;44.0;327.0;0.0
2025-01-04;US;26097;-58322.776136550674;26097;91.0;1469.0;402.0;2016.0;2.0
2025-01-05;GM;1087;-2455.9083164372873;1087;5.0;39.0;15.0;48.0;0.0
2025-01-05;IS;4928;-24012.217854715604;4928;63.0;228.0;144.0;759.0;18.0
2025-01-05;NI;2965;-3493.9105887687256;2965;7.0;222.0;44.0;205.0;1.0
2025-01-05;PK;1864;-4214.4934556237295;1864;12.0;84.0;37.0;126.0;1.0
2025-01-05;RS;2578;-10742.642747071835;2578;2.0;68.0;87.0;627.0;4.0
2025-01-05;TW;328;-675.4843691050428;328;2.0;5.0;0.0;6.0;0.0
2025-01-05;UP;2011;-8300.521351703059;2011;8.0;33.0;62.0;537.0;0.0
2025-01-05;US;18493;-38397.75563256347;18493;83.0;1044.0;275.0;1419.0;2.0
2025-01-06;GM;1610;-3620.0171904164654;1610;16.0;67.0;31.0;77.0;1.0
2025-01-06;IS;6220;-30788.6336381569;6220;44.0;262.0;168.0;1123.0;22.0
2025-01-06;NI;3889;-6587.105212941025;3889;13.0;253.0;69.0;319.0;1.0
2025-01-06;PK;2598;-8625.198154699128;2598;45.0;116.0;71.0;166.0;2.0
2025-01-06;RS;3985;-12266.803967003889;3985;18.0;147.0;82.0;587.0;0.0
2025-01-06;TW;580;-681.4479077470803;580;2.0;19.0;0.0;15.0;0.0
2025-01-06;UP;2991;-9488.009822443197;2991;18.0;68.0;79.0;563.0;0.0
2025-01-06;US;33964;-66369.09887951407;33964;162.0;1898.0;556.0;2087.0;5.0
2025-01-07;GM;1667;-3087.099984805747;1667;4.0;59.0;26.0;57.0;0.0
2025-01-07;IS;6245;-30512.624279432977;6245;61.0;291.0;264.0;1080.0;13.0
2025-01-07;NI;3939;-6780.730616373474;3939;22.0;235.0;65.0;258.0;0.0
2025-01-07;PK;2389;-6547.509053474456;2389;30.0;139.0;61.0;196.0;0.0
2025-01-07;RS;3660;-11679.318069750114;3660;19.0;118.0;115.0;509.0;0.0
2025-01-07;TW;523;-962.8434374441448;523;1.0;35.0;3.0;27.0;0.0
2025-01-07;UP;2754;-8338.361142130352;2754;9.0;76.0;77.0;459.0;0.0
2025-01-07;US;45524;-91121.42906963611;45524;156.0;2883.0;714.0;2608.0;18.0
2025-01-08;GM;2116;-1953.355612061186;2116;14.0;50.0;16.0;99.0;1.0
2025-01-08;IS;6111;-27770.98075164989;6111;58.0;286.0;243.0;845.0;24.0
2025-01-08;NI;3799;-6408.294196726234;3799;21.0;209.0;74.0;198.0;2.0
2025-01-08;PK;2293;-4590.957427340493;2293;42.0;111.0;62.0;127.0;0.0
2025-01-08;RS;3385;-10311.891881281152;3385;19.0;117.0;56.0;458.0;6.0
2025-01-08;TW;450;-765.540880456767;450;2.0;22.0;4.0;10.0;0.0
2025-01-08;UP;2453;-6806.065507301511;2453;5.0;54.0;39.0;347.0;0.0
2025-01-08;US;50960;-107013.93351009252;50960;197.0;3398.0;761.0;3308.0;1.0
2025-01-09;GM;2701;-3617.56381135683;2701;26.0;100.0;21.0;109.0;0.0
2025-01-09;IS;6120;-26555.38246770238;6120;72.0;307.0;218.0;743.0;16.0
2025-01-09;NI;4589;-5213.949021578352;4589;18.0;175.0;110.0;293.0;2.0
2025-01-09;PK;2372;-6452.2106531871395;2372;11.0;140.0;108.0;138.0;0.0
2025-01-09;RS;3900;-10872.906699483883;3900;15.0;125.0;84.0;464.0;1.0
2025-01-09;TW;558;-471.85090589354064;558;17.0;22.0;1.0;20.0;0.0
2025-01-09;UP;3851;-8549.691666574865;3851;13.0;63.0;76.0;418.0;0.0
2025-01-09;US;51893;-104371.97373460932;51893;226.0;3266.0;617.0;3523.0;9.0
2025-01-10;GM;2292;-3416.2900035498096;2292;11.0;69.0;17.0;62.0;0.0
2025-01-10;IS;5432;-24312.443180758233;5432;78.0;253.0;190.0;737.0;16.0
2025-01-10;NI;4700;-2394.235095774527;4700;26.0;241.0;72.0;263.0;4.0
2025-01-10;PK;2259;-6684.341234956876;2259;42.0;199.0;76.0;131.0;0.0
2025-01-10;RS;3915;-11211.456562081024;3915;34.0;138.0;77.0;342.0;2.0
2025-01-10;TW;508;-369.9105657769729;508;5.0;12.0;3.0;20.0;0.0
2025-01-10;UP;3603;-6376.192669478682;3603;15.0;48.0;65.0;301.0;14.0
2025-01-10;US;49673;-115419.23591456783;49673;331.0;3696.0;672.0;3277.0;5.0
2025-01-11;GM;1204;-2545.1578281681223;1204;11.0;56.0;5.0;91.0;0.0
2025-01-11;IS;3350;-15484.134318179304;3350;49.0;110.0;98.0;518.0;8.0
2025-01-11;NI;3048;-949.6221728432802;3048;13.0;131.0;62.0;206.0;0.0
2025-01-11;PK;2273;-4505.691127872625;2273;22.0;132.0;59.0;117.0;0.0
2025-01-11;RS;2800;-9166.431002621166;2800;15.0;115.0;56.0;368.0;0.0
2025-01-11;TW;293;-97.86790904031687;293;1.0;19.0;1.0;8.0;0.0
2025-01-11;UP;1991;-5784.70016856705;1991;6.0;68.0;45.0;271.0;1.0
2025-01-11;US;29244;-65373.38914996949;29244;134.0;2027.0;351.0;2089.0;4.0
2025-01-12;GM;1252;-2696.120735222467;1252;15.0;23.0;14.0;97.0;3.0
2025-01-12;IS;3971;-18427.13544632855;3971;50.0;180.0;177.0;547.0;15.0
2025-01-12;NI;3437;-5355.889661689054;3437;10.0;152.0;74.0;319.0;4.0
2025-01-12;PK;2476;-5600.495722766337;2476;22.0;118.0;41.0;151.0;0.0
2025-01-12;RS;2408;-8265.959977071778;2408;8.0;104.0;47.0;368.0;0.0
2025-01-12;TW;347;-73.82658260521715;347;0.0;14.0;2.0;20.0;0.0
2025-01-12;UP;1744;-6248.1751193880455;1744;10.0;69.0;43.0;308.0;1.0
2025-01-12;US;21081;-42024.85289210999;21081;139.0;1173.0;246.0;1833.0;2.0
2025-01-13;GM;2099;-3890.8742198429386;2099;9.0;83.0;19.0;65.0;0.0
2025-01-13;IS;6123;-25469.14328521916;6123;67.0;220.0;168.0;629.0;30.0
2025-01-13;NI;4144;-8539.567649391613;4144;18.0;225.0;120.0;389.0;0.0
2025-01-13;PK;2770;-4074.6608263384583;2770;20.0;93.0;33.0;157.0;0.0
2025-01-13;RS;4636;-14069.948543719178;4636;20.0;157.0;127.0;566.0;0.0
2025-01-13;TW;514;30.964555881407595;514;1.0;23.0;4.0;23.0;0.0
2025-01-13;UP;3365;-9741.327925632477;3365;10.0;87.0;140.0;511.0;2.0
2025-01-13;US;38954;-70582.47126594966;38954;208.0;2516.0;437.0;2597.0;3.0
2025-01-14;GM;2096;-4109.2786709181;2096;7.0;74.0;16.0;82.0;0.0
2025-01-14;IS;7429;-31306.877068197075;7429;58.0;222.0;216.0;818.0;36.0
2025-01-14;NI;3803;-7199.788856390598;3803;21.0;202.0;54.0;307.0;2.0
2025-01-14;PK;2390;-3900.927948204235;2390;25.0;79.0;28.0;168.0;0.0
2025-01-14;RS;5305;-14726.623829029097;5305;16.0;178.0;94.0;562.0;2.0
2025-01-14;TW;445;-25.361718789911237;445;2.0;5.0;6.0;22.0;0.0
2025-01-14;UP;3522;-9186.188554837929;3522;15.0;96.0;75.0;439.0;2.0
2025-01-14;US;48787;-99242.40732303324;48787;215.0;3020.0;788.0;3036.0;9.0
2025-01-15;GM;2172;-4516.646588091414;2172;16.0;61.0;11.0;122.0;1.0
2025-01-15;IS;11206;-43773.60214984505;11206;160.0;360.0;319.0;968.0;30.0
2025-01-15;NI;4469;-6002.911251932333;4469;15.0;247.0;103.0;320.0;0.0
2025-01-15;PK;2304;-5114.885115426204;2304;21.0;138.0;42.0;137.0;0.0
2025-01-15;RS;5373;-16715.406867957718;5373;17.0;227.0;96.0;650.0;0.0
2025-01-15;TW;654;-690.212608398906;654;1.0;14.0;7.0;28.0;0.0
2025-01-15;UP;4157;-13691.081753003236;4157;12.0;103.0;66.0;627.0;14.0
2025-01-15;US;53411;-103956.5692082758;53411;215.0;3137.0;820.0;3021.0;5.0
2025-01-16;GM;1955;-3758.49757462937;1955;23.0;68.0;16.0;57.0;0.0
2025-01-16;IS;13722;-47754.22722414839;13722;136.0;448.0;356.0;1099.0;19.0
2025-01-16;NI;4126;-3965.262177614394;4126;19.0;261.0;68.0;288.0;0.0
2025-01-16;PK;2794;-7129.1789047125785;2794;20.0;135.0;84.0;170.0;0.0
2025-01-16;RS;4880;-12185.04325192049;4880;6.0;186.0;85.0;422.0;0.0
2025-01-16;TW;660;-674.5644093141025;660;5.0;31.0;3.0;14.0;0.0
2025-01-16;UP;4733;-7196.864420877166;4733;4.0;90.0;70.0;347.0;0.0
2025-01-16;US;54378;-99311.055893269;54378;225.0;3408.0;824.0;3057.0;9.0
2025-01-17;GM;1922;-3177.2104889324237;1922;12.0;89.0;29.0;70.0;0.0
2025-01-17;IS;9955;-38928.58540876794;9955;104.0;356.0;272.0;775.0;32.0
2025-01-17;NI;4036;-5226.3053988891215;4036;43.0;266.0;63.0;184.0;2.0
2025-01-17;PK;2928;-9720.941381671735;2928;34.0;346.0;52.0;118.0;0.0
2025-01-17;RS;5290;-13751.38307976534;5290;18.0;250.0;58.0;449.0;0.0
2025-01-17;TW;661;-200.2594264660157;661;1.0;18.0;3.0;7.0;0.0
2025-01-17;UP;3936;-7167.270536317105;3936;5.0;93.0;46.0;396.0;3.0
2025-01-17;US;52684;-101510.35523465266;52684;270.0;3777.0;850.0;2836.0;13.0
2025-01-18;GM;1003;-1544.4416717642378;1003;8.0;30.0;16.0;49.0;0.0
2025-01-18;IS;7596;-33009.14835022973;7596;84.0;230.0;225.0;665.0;29.0
2025-01-18;NI;2959;-5315.017272108631;2959;6.0;173.0;48.0;145.0;2.0
2025-01-18;PK;2147;-5192.288895856329;2147;23.0;131.0;43.0;93.0;0.0
2025-01-18;RS;3113;-8984.482320092386;3113;11.0;112.0;42.0;392.0;0.0
2025-01-18;TW;386;-122.35583849019127;386;1.0;9.0;0.0;8.0;0.0
2025-01-18;UP;2008;-6310.721107505799;2008;5.0;34.0;53.0;311.0;0.0
2025-01-18;US;33345;-65920.10209297825;33345;224.0;2333.0;481.0;2098.0;5.0
2025-01-19;GM;934;-1355.5840438132395;934;5.0;34.0;9.0;40.0;0.0
2025-01-19;IS;10875;-49547.91184047983;10875;117.0;376.0;482.0;998.0;23.0
2025-01-19;NI;3269;-4459.869220181285;3269;22.0;186.0;43.0;198.0;0.0
2025-01-19;PK;1596;-3654.883665660959;1596;26.0;83.0;41.0;98.0;0.0
2025-01-19;RS;1974;-5119.8638711770745;1974;15.0;94.0;32.0;228.0;17.0
2025-01-19;TW;206;-148.09779408815874;206;1.0;3.0;2.0;12.0;0.0
2025-01-19;UP;1522;-4585.709841123392;1522;5.0;34.0;25.0;205.0;10.0
2025-01-19;US;24191;-36397.794170727735;24191;265.0;1487.0;378.0;1406.0;0.0
2025-01-20;GM;1517;-1519.1458696861273;1517;22.0;49.0;22.0;68.0;0.0
2025-01-20;IS;9199;-34710.41802154422;9199;87.0;372.0;287.0;621.0;14.0
2025-01-20;NI;4045;-7227.545623908696;4045;26.0;231.0;31.0;242.0;0.0
2025-01-20;PK;2314;-4334.471872249837;2314;17.0;131.0;56.0;86.0;2.0
2025-01-20;RS;3226;-8646.721785758658;3226;21.0;118.0;62.0;351.0;12.0
2025-01-20;TW;446;-411.5425143003864;446;1.0;24.0;6.0;23.0;0.0
2025-01-20;UP;2882;-7087.624018266945;2882;8.0;67.0;56.0;294.0;4.0
2025-01-20;US;42385;-43993.410307281905;42385;268.0;2254.0;570.0;2124.0;8.0
2025-01-21;GM;2000;-1767.1736787747686;2000;13.0;54.0;26.0;65.0;0.0
2025-01-21;IS;9864;-39744.16891872172;9864;132.0;381.0;368.0;964.0;18.0
2025-01-21;NI;4137;-4475.582410504574;4137;12.0;191.0;71.0;136.0;0.0
2025-01-21;PK;2436;-3313.378798218362;2436;21.0;147.0;58.0;111.0;0.0
2025-01-21;RS;3872;-6717.709209626939;3872;14.0;136.0;47.0;220.0;2.0
2025-01-21;TW;557;-604.9969823734505;557;4.0;21.0;7.0;21.0;0.0
2025-01-21;UP;3012;-4801.38765996732;3012;5.0;50.0;34.0;223.0;2.0
2025-01-21;US;57801;-89339.10013362473;57801;378.0;3514.0;949.0;3052.0;13.0
2025-01-22;GM;2171;-4135.512949362443;2171;10.0;96.0;25.0;171.0;0.0
2025-01-22;IS;8858;-36392.11187584238;8858;131.0;412.0;290.0;1032.0;29.0
2025-01-22;NI;3694;-5210.442470997384;3694;11.0;243.0;120.0;118.0;0.0
2025-01-22;PK;2283;-4570.088776604381;2283;15.0;98.0;33.0;135.0;0.0
2025-01-22;RS;4519;-11161.953375462552;4519;15.0;144.0;61.0;321.0;0.0
2025-01-22;TW;566;-881.1272382580905;566;0.0;27.0;7.0;21.0;0.0
2025-01-22;UP;3346;-6776.150853128763;3346;6.0;70.0;42.0;260.0;0.0
2025-01-22;US;57728;-119084.576514964;57728;365.0;3796.0;986.0;3022.0;15.0
2025-01-23;GM;2421;-6074.193011934691;2421;10.0;105.0;20.0;136.0;4.0
2025-01-23;IS;8532;-38059.4433362155;8532;86.0;418.0;304.0;1032.0;26.0
2025-01-23;NI;3720;-4394.013043881373;3720;15.0;222.0;127.0;140.0;0.0
2025-01-23;PK;2373;-5351.276641523432;2373;20.0;116.0;21.0;109.0;0.0
2025-01-23;RS;4591;-12401.644534887684;4591;15.0;118.0;87.0;319.0;4.0
2025-01-23;TW;618;-85.1060381793575;618;1.0;35.0;8.0;31.0;0.0
2025-01-23;UP;3380;-7986.308341458116;3380;13.0;70.0;73.0;283.0;7.0
2025-01-23;US;57371;-121786.36743904994;57371;271.0;3541.0;1070.0;3487.0;8.0
2025-01-24;GM;1792;-3836.094406485743;1792;28.0;100.0;15.0;140.0;0.0
2025-01-24;IS;7426;-35742.0815966872;7426;73.0;412.0;282.0;755.0;14.0
2025-01-24;NI;4005;-2994.0321616703663;4005;4.0;174.0;110.0;143.0;0.0
2025-01-24;PK;2705;-6636.726500435569;2705;27.0;146.0;29.0;124.0;0.0
2025-01-24;RS;5233;-18093.627644902102;5233;33.0;143.0;79.0;518.0;2.0
2025-01-24;TW;531;-300.1418328422496;531;0.0;11.0;4.0;22.0;0.0
2025-01-24;UP;3192;-9929.937680692015;3192;23.0;32.0;60.0;337.0;2.0
2025-01-24;US;55649;-127293.30143191098;55649;245.0;3838.0;1095.0;3672.0;5.0
2025-01-25;GM;1186;-2928.5751585058006;1186;23.0;84.0;18.0;100.0;0.0
2025-01-25;IS;8168;-39050.626453312485;8168;60.0;404.0;341.0;659.0;19.0
2025-01-25;NI;3089;-1688.2144090807749;3089;14.0;117.0;73.0;83.0;0.0
2025-01-25;PK;2297;-7263.797651214215;2297;31.0;222.0;27.0;194.0;0.0
2025-01-25;RS;2895;-8442.677959708599;2895;31.0;84.0;31.0;231.0;0.0
2025-01-25;TW;464;-452.3187442879473;464;0.0;14.0;7.0;26.0;0.0
2025-01-25;UP;2465;-6188.865685155085;2465;23.0;45.0;25.0;207.0;1.0
2025-01-25;US;37163;-85974.73226412706;37163;196.0;2466.0;587.0;2258.0;12.0
2025-01-26;GM;1241;-2731.4355432468624;1241;20.0;61.0;29.0;93.0;4.0
2025-01-26;IS;9247;-41779.60186427017;9247;71.0;378.0;285.0;736.0;52.0
2025-01-26;NI;2399;-1942.3071967326505;2399;7.0;130.0;32.0;161.0;0.0
2025-01-26;PK;1886;-6296.980432219275;1886;37.0;135.0;39.0;159.0;0.0
2025-01-26;RS;2211;-6576.500131561509;2211;16.0;79.0;31.0;223.0;0.0
2025-01-26;TW;230;-99.44505265674034;230;5.0;3.0;0.0;10.0;0.0
2025-01-26;UP;1422;-3722.07359316248;1422;13.0;34.0;16.0;153.0;2.0
2025-01-26;US;24478;-54358.784973497335;24478;119.0;1507.0;354.0;1567.0;10.0
2025-01-27;GM;2519;-7138.009589109609;2519;23.0;100.0;29.0;210.0;5.0
2025-01-27;IS;10527;-43399.41273678914;10527;101.0;395.0;244.0;866.0;75.0
2025-01-27;NI;3696;-8079.077275617572;3696;23.0;254.0;76.0;200.0;2.0
2025-01-27;PK;2103;-6402.605793004483;2103;21.0;120.0;53.0;130.0;1.0
2025-01-27;RS;4043;-12008.73441249259;4043;36.0;156.0;54.0;389.0;0.0
2025-01-27;TW;369;-151.3747817968091;369;5.0;16.0;6.0;11.0;0.0
2025-01-27;UP;2540;-7490.22092992659;2540;11.0;78.0;34.0;271.0;0.0
2025-01-27;US;42724;-91274.97877394866;42724;226.0;2962.0;669.0;2412.0;20.0
2025-01-28;GM;2326;-3528.2239069121797;2326;13.0;32.0;30.0;157.0;2.0
2025-01-28;IS;9079;-34013.55554000853;9079;82.0;396.0;183.0;677.0;66.0
2025-01-28;NI;3776;-5181.109756651424;3776;19.0;195.0;68.0;141.0;0.0
2025-01-28;PK;2577;-5974.7706444931055;2577;57.0;105.0;28.0;168.0;0.0
2025-01-28;RS;4072;-11311.907337448092;4072;10.0;119.0;103.0;297.0;5.0
2025-01-28;TW;315;32.94411255237996;315;0.0;18.0;2.0;12.0;0.0
2025-01-28;UP;2789;-7721.174603195372;2789;1.0;82.0;79.0;236.0;0.0
2025-01-28;US;54774;-112738.68520193308;54774;290.0;3608.0;864.0;3164.0;15.0
2025-01-29;GM;1787;-2757.1659263853157;1787;16.0;77.0;18.0;81.0;0.0
2025-01-29;IS;8705;-33719.35138235173;8705;81.0;321.0;241.0;794.0;41.0
2025-01-29;NI;3796;-4113.822730760437;3796;25.0;182.0;64.0;118.0;0.0
2025-01-29;PK;2254;-4488.2903229596395;2254;69.0;148.0;26.0;99.0;0.0
2025-01-29;RS;3861;-11237.313850647237;3861;10.0;87.0;82.0;390.0;0.0
2025-01-29;TW;355;65.50984398268004;355;0.0;16.0;2.0;14.0;2.0
2025-01-29;UP;2806;-8386.374161276995;2806;10.0;47.0;40.0;321.0;2.0
2025-01-29;US;57760;-126397.247390597;57760;355.0;3768.0;860.0;3110.0;11.0
2025-01-30;GM;1937;-3718.021371140164;1937;27.0;69.0;32.0;97.0;1.0
2025-01-30;IS;10401;-52056.22139021494;10401;84.0;550.0;405.0;770.0;22.0
2025-01-30;NI;3621;-4119.57328833071;3621;47.0;157.0;48.0;97.0;0.0
2025-01-30;PK;2339;-4900.950587133998;2339;30.0;86.0;58.0;126.0;0.0
2025-01-30;RS;3690;-10947.469516775254;3690;9.0;125.0;50.0;352.0;0.0
2025-01-30;TW;291;93.35768764526524;291;1.0;7.0;2.0;5.0;0.0
2025-01-30;UP;2345;-7751.132988661246;2345;10.0;67.0;38.0;317.0;0.0
2025-01-30;US;54459;-124057.67654554707;54459;311.0;3503.0;764.0;2841.0;11.0
2025-01-31;GM;1642;-3211.3469961782284;1642;27.0;54.0;12.0;67.0;1.0
2025-01-31;IS;8105;-37098.07368735952;8105;83.0;392.0;330.0;721.0;23.0
2025-01-31;NI;3448;-4246.205703666419;3448;12.0;186.0;62.0;104.0;0.0
2025-01-31;PK;2050;-5624.1061620508735;2050;27.0;117.0;44.0;205.0;0.0
2025-01-31;RS;3964;-12197.42721206345;3964;25.0;142.0;77.0;413.0;0.0
2025-01-31;TW;320;-309.39756796039245;320;0.0;22.0;2.0;10.0;0.0
2025-01-31;UP;2660;-7293.653853702433;2660;18.0;84.0;47.0;339.0;4.0
2025-01-31;US;51072;-116669.7514037925;51072;238.0;3238.0;685.0;3003.0;8.0
2025-02-01;GM;922;-1154.623498379589;922;21.0;27.0;12.0;53.0;0.0
2025-02-01;IS;7966;-36742.73683123004;7966;51.0;342.0;334.0;600.0;22.0
2025-02-01;NI;2241;-2883.590895721088;2241;7.0;70.0;26.0;80.0;0.0
2025-02-01;PK;2168;-6290.627713546511;2168;20.0;82.0;49.0;229.0;0.0
2025-02-01;RS;2494;-8791.135907906893;2494;10.0;81.0;51.0;396.0;0.0
2025-02-01;TW;177;-123.12626956978826;177;1.0;14.0;0.0;7.0;1.0
2025-02-01;UP;2064;-8010.372041292181;2064;3.0;53.0;43.0;405.0;0.0
2025-02-01;US;35780;-82333.43034563639;35780;187.0;2199.0;566.0;2094.0;9.0
2025-02-02;GM;1100;-1851.0085480420512;1100;23.0;59.0;11.0;39.0;0.0
2025-02-02;IS;7570;-29877.911005922648;7570;63.0;277.0;269.0;813.0;18.0
2025-02-02;NI;2342;-2781.312338110237;2342;14.0;92.0;48.0;115.0;0.0
2025-02-02;PK;1801;-5273.0129092301;1801;27.0;82.0;25.0;158.0;0.0
2025-02-02;RS;2950;-11797.590118035529;2950;9.0;103.0;79.0;478.0;0.0
2025-02-02;TW;221;-120.97100560812916;221;2.0;7.0;1.0;2.0;0.0
2025-02-02;UP;2520;-10579.956548077897;2520;12.0;56.0;73.0;451.0;0.0
2025-02-02;US;25135;-50339.65289065662;25135;175.0;1251.0;298.0;1579.0;4.0
2025-02-03;GM;1847;-1627.588687889135;1847;25.0;32.0;15.0;44.0;1.0
2025-02-03;IS;7342;-26346.281363593647;7342;62.0;212.0;189.0;650.0;62.0
2025-02-03;NI;3286;-4755.875243593897;3286;16.0;148.0;60.0;182.0;0.0
2025-02-03;PK;2330;-3586.573570821776;2330;36.0;92.0;48.0;114.0;0.0
2025-02-03;RS;4348;-12283.777769233082;4348;20.0;107.0;74.0;467.0;1.0
2025-02-03;TW;505;-506.17772776119415;505;0.0;20.0;0.0;13.0;0.0
2025-02-03;UP;3230;-10674.656550254813;3230;9.0;71.0;74.0;442.0;0.0
2025-02-03;US;43580;-81114.32619384634;43580;409.0;2533.0;632.0;2184.0;14.0
2025-02-04;GM;1614;-1673.534525584481;1614;11.0;52.0;10.0;53.0;2.0
2025-02-04;IS;9089;-34212.28401080367;9089;105.0;335.0;164.0;717.0;49.0
2025-02-04;NI;3072;-5158.166626853807;3072;21.0;175.0;56.0;133.0;0.0
2025-02-04;PK;2226;-2980.9365607931063;2226;40.0;75.0;21.0;79.0;0.0
2025-02-04;RS;4020;-10163.306582120773;4020;30.0;126.0;108.0;340.0;5.0
2025-02-04;TW;418;-459.6915283711059;418;2.0;36.0;0.0;12.0;0.0
2025-02-04;UP;2967;-7473.020447254092;2967;13.0;51.0;67.0;312.0;0.0
2025-02-04;US;56014;-124002.29553240223;56014;487.0;3501.0;810.0;2658.0;10.0
2025-02-05;GM;1820;-2003.3424889218527;1820;7.0;67.0;24.0;84.0;0.0
2025-02-05;IS;16390;-46660.77292852447;16390;151.0;353.0;182.0;848.0;302.0
2025-02-05;NI;4064;-6306.698089802133;4064;15.0;310.0;61.0;175.0;0.0
2025-02-05;PK;2865;-2792.037313515339;2865;34.0;98.0;53.0;117.0;1.0
2025-02-05;RS;4293;-11492.219145366033;4293;19.0;133.0;83.0;324.0;7.0
2025-02-05;TW;528;-59.30492682576807;528;3.0;27.0;10.0;9.0;0.0
2025-02-05;UP;3422;-8786.02976126991;3422;10.0;48.0;80.0;310.0;6.0
2025-02-05;US;60267;-126850.19391922548;60267;683.0;3445.0;830.0;2849.0;211.0
2025-02-06;GM;1884;-2598.4718702697805;1884;19.0;65.0;22.0;71.0;4.0
2025-02-06;IS;13068;-38107.39922430358;13068;114.0;369.0;197.0;649.0;266.0
2025-02-06;NI;3953;-5518.379430113571;3953;30.0;190.0;116.0;134.0;0.0
2025-02-06;PK;3028;-4395.650654225121;3028;39.0;95.0;84.0;184.0;1.0
2025-02-06;RS;4123;-13189.064630451732;4123;16.0;176.0;65.0;402.0;4.0
2025-02-06;TW;545;-717.516812061247;545;1.0;43.0;1.0;20.0;0.0
2025-02-06;UP;3287;-8948.73705023842;3287;9.0;96.0;45.0;335.0;3.0
2025-02-06;US;57999;-122384.73769912;57999;873.0;3414.0;759.0;2768.0;168.0
2025-02-07;GM;1818;-2515.247043249677;1818;20.0;58.0;11.0;55.0;4.0
2025-02-07;IS;9291;-34802.06249046214;9291;111.0;442.0;161.0;510.0;124.0
2025-02-07;NI;3268;-5044.753767442374;3268;9.0;200.0;76.0;101.0;0.0
2025-02-07;PK;2493;-4581.084748378144;2493;28.0;112.0;49.0;178.0;0.0
2025-02-07;RS;3945;-12148.700125024032;3945;26.0;187.0;85.0;357.0;11.0
2025-02-07;TW;477;-613.1727434801358;477;2.0;31.0;5.0;19.0;0.0
2025-02-07;UP;3275;-8795.370987618564;3275;16.0;102.0;57.0;326.0;0.0
2025-02-07;US;52601;-110885.49595663522;52601;444.0;3464.0;726.0;2628.0;61.0
2025-02-08;GM;1125;-1472.8729107599536;1125;13.0;34.0;23.0;28.0;1.0
2025-02-08;IS;6744;-32038.26582978201;6744;44.0;316.0;235.0;472.0;62.0
2025-02-08;NI;2965;-4471.226341745701;2965;8.0;187.0;130.0;139.0;1.0
2025-02-08;PK;2284;-5538.299204102955;2284;110.0;121.0;75.0;146.0;0.0
2025-02-08;RS;2686;-7644.533833101777;2686;9.0;85.0;44.0;316.0;0.0
2025-02-08;TW;390;326.3822831329024;390;3.0;4.0;4.0;8.0;0.0
2025-02-08;UP;2548;-5957.876074787518;2548;10.0;67.0;23.0;279.0;5.0
2025-02-08;US;33804;-71334.58575060486;33804;285.0;2021.0;468.0;1688.0;30.0
2025-02-09;GM;1008;-2294.1673310358997;1008;24.0;34.0;21.0;47.0;0.0
2025-02-09;IS;8076;-36116.06150489866;8076;30.0;233.0;331.0;791.0;70.0
2025-02-09;NI;2677;-3757.815960917322;2677;8.0;169.0;57.0;119.0;0.0
2025-02-09;PK;1694;-3614.3855816290625;1694;52.0;80.0;25.0;91.0;0.0
2025-02-09;RS;2665;-7724.70011323095;2665;5.0;85.0;61.0;224.0;0.0
2025-02-09;TW;299;-45.456813951554;299;0.0;11.0;6.0;14.0;0.0
2025-02-09;UP;2400;-6211.1375615625075;2400;3.0;36.0;30.0;233.0;1.0
2025-02-09;US;21773;-44526.33377048775;21773;151.0;1253.0;258.0;1240.0;21.0
2025-02-10;GM;1883;-2297.1248990344866;1883;15.0;56.0;17.0;51.0;1.0
2025-02-10;IS;8858;-36245.200940993775;8858;62.0;319.0;229.0;691.0;98.0
2025-02-10;NI;3692;-5605.373748841779;3692;27.0;217.0;74.0;197.0;0.0
2025-02-10;PK;2144;-2980.888283066105;2144;40.0;114.0;25.0;125.0;0.0
2025-02-10;RS;3800;-8589.403067266217;3800;14.0;102.0;82.0;264.0;7.0
2025-02-10;TW;498;-413.4110367003779;498;8.0;15.0;6.0;11.0;0.0
2025-02-10;UP;3447;-7631.6430177457505;3447;12.0;60.0;46.0;239.0;0.0
2025-02-10;US;38546;-75302.19752347967;38546;348.0;2177.0;495.0;2025.0;21.0
2025-02-11;GM;2488;-3740.4894359332825;2488;15.0;87.0;25.0;89.0;1.0
2025-02-11;IS;10020;-46396.398765955135;10020;103.0;335.0;261.0;583.0;122.0
2025-02-11;NI;3609;-4094.1036524045817;3609;12.0;209.0;38.0;102.0;0.0
2025-02-11;PK;2169;-4250.859146839235;2169;45.0;84.0;40.0;109.0;0.0
2025-02-11;RS;5198;-9521.473214439073;5198;30.0;267.0;85.0;292.0;4.0
2025-02-11;TW;474;-513.7075056245957;474;2.0;33.0;6.0;19.0;0.0
2025-02-11;UP;4400;-6161.250373776244;4400;6.0;84.0;58.0;260.0;1.0
2025-02-11;US;54787;-118445.57344517164;54787;382.0;3178.0;754.0;2662.0;35.0
2025-02-12;GM;3139;-2487.066369635507;3139;26.0;63.0;19.0;77.0;2.0
2025-02-12;IS;9506;-40544.48802460642;9506;68.0;277.0;172.0;615.0;90.0
2025-02-12;NI;3601;-1446.7466120852512;3601;30.0;109.0;65.0;115.0;3.0
2025-02-12;PK;2376;-1805.1895584392048;2376;33.0;85.0;40.0;125.0;1.0
2025-02-12;RS;8200;-15965.80754190053;8200;41.0;504.0;93.0;440.0;1.0
2025-02-12;TW;556;-237.26151535374456;556;0.0;51.0;8.0;6.0;0.0
2025-02-12;UP;7411;-10538.570018954171;7411;15.0;136.0;74.0;406.0;0.0
2025-02-12;US;58327;-110578.3063269433;58327;355.0;3539.0;773.0;2612.0;26.0
2025-02-13;GM;4003;-4883.292500448095;4003;56.0;112.0;51.0;131.0;1.0
2025-02-13;IS;8856;-36169.08753745112;8856;80.0;284.0;196.0;631.0;64.0
2025-02-13;NI;3624;-3937.6748165158992;3624;23.0;130.0;82.0;139.0;1.0
2025-02-13;PK;2875;-2359.238247351048;2875;53.0;104.0;18.0;195.0;0.0
2025-02-13;RS;8902;-13740.586966180144;8902;18.0;292.0;84.0;375.0;0.0
2025-02-13;TW;745;-1451.6405285894402;745;1.0;34.0;18.0;16.0;0.0
2025-02-13;UP;9464;-11975.459627987815;9464;10.0;140.0;74.0;331.0;7.0
2025-02-13;US;56163;-103940.42695952122;56163;332.0;3215.0;726.0;2824.0;20.0
2025-02-14;GM;5123;-10309.585938034372;5123;30.0;148.0;47.0;157.0;0.0
2025-02-14;IS;7200;-30168.1045275382;7200;68.0;310.0;251.0;512.0;77.0
2025-02-14;NI;3478;-2394.065017660468;3478;31.0;110.0;37.0;85.0;0.0
2025-02-14;PK;2859;-8634.97151132177;2859;24.0;157.0;53.0;294.0;2.0
2025-02-14;RS;7949;-17779.713504559782;7949;23.0;225.0;91.0;310.0;0.0
2025-02-14;TW;445;-523.0549634699573;445;1.0;12.0;3.0;9.0;0.0
2025-02-14;UP;8832;-15986.811317020534;8832;16.0;136.0;70.0;337.0;5.0
2025-02-14;US;54523;-108612.6744991174;54523;358.0;3506.0;758.0;2687.0;27.0
2025-02-15;GM;4043;-5965.053255894937;4043;35.0;64.0;41.0;114.0;0.0
2025-02-15;IS;6735;-35113.81254699818;6735;78.0;281.0;319.0;435.0;25.0
2025-02-15;NI;2513;-3655.499412765833;2513;10.0;90.0;45.0;80.0;0.0
2025-02-15;PK;2628;-4905.43903460795;2628;38.0;130.0;49.0;167.0;0.0
2025-02-15;RS;5014;-9670.092914448129;5014;16.0;117.0;88.0;213.0;0.0
2025-02-15;TW;287;-53.472539818561145;287;2.0;7.0;2.0;16.0;0.0
2025-02-15;UP;6341;-8025.448909489738;6341;11.0;97.0;48.0;193.0;0.0
2025-02-15;US;33571;-75998.53928970723;33571;219.0;1985.0;523.0;1817.0;7.0
2025-02-16;GM;3766;-5339.584166440155;3766;28.0;56.0;26.0;99.0;6.0
2025-02-16;IS;7206;-28854.75025164614;7206;44.0;200.0;200.0;571.0;28.0
2025-02-16;NI;2690;-2722.743450449921;2690;11.0;110.0;41.0;155.0;2.0
2025-02-16;PK;1664;-4324.768585399444;1664;13.0;90.0;39.0;141.0;0.0
2025-02-16;RS;5589;-11620.068963932776;5589;12.0;159.0;62.0;211.0;4.0
2025-02-16;TW;449;223.82884583121063;449;6.0;11.0;5.0;15.0;0.0
2025-02-16;UP;6413;-7155.552740420416;6413;12.0;78.0;39.0;186.0;3.0
2025-02-16;US;24586;-45503.420457060805;24586;176.0;1209.0;292.0;1362.0;7.0
2025-02-17;GM;5496;-6983.820174647752;5496;21.0;150.0;26.0;117.0;2.0
2025-02-17;IS;8165;-32482.70068901116;8165;52.0;220.0;199.0;746.0;69.0
2025-02-17;NI;4085;-7880.512448554325;4085;21.0;212.0;83.0;325.0;1.0
2025-02-17;PK;2017;-4518.983911704331;2017;22.0;85.0;47.0;111.0;0.0
2025-02-17;RS;9050;-14438.165086929976;9050;33.0;165.0;51.0;299.0;2.0
2025-02-17;TW;988;-343.38862699891683;988;10.0;33.0;2.0;9.0;0.0
2025-02-17;UP;11149;-11175.470087851718;11149;25.0;112.0;39.0;242.0;0.0
2025-02-17;US;37791;-70988.57235539735;37791;444.0;1914.0;466.0;2065.0;19.0
2025-02-18;GM;3545;-6411.272728188083;3545;16.0;109.0;18.0;128.0;0.0
2025-02-18;IS;7740;-28113.98416888987;7740;48.0;256.0;237.0;699.0;64.0
2025-02-18;NI;3894;-7305.668297845746;3894;24.0;152.0;79.0;242.0;0.0
2025-02-18;PK;1951;-3587.181335887001;1951;14.0;72.0;45.0;148.0;0.0
2025-02-18;RS;9822;-13490.615065904722;9822;12.0;167.0;46.0;326.0;1.0
2025-02-18;TW;924;-883.6356847376729;924;6.0;47.0;5.0;10.0;0.0
2025-02-18;UP;10347;-12008.331207700392;10347;19.0;99.0;36.0;285.0;0.0
2025-02-18;US;51216;-104265.46961392045;51216;937.0;2734.0;719.0;2877.0;27.0
2025-02-19;GM;2808;-5762.452634176158;2808;12.0;70.0;29.0;113.0;0.0
2025-02-19;IS;7290;-32412.975519542237;7290;82.0;336.0;211.0;647.0;66.0
2025-02-19;NI;3674;-3825.952669994469;3674;23.0;193.0;81.0;167.0;0.0
2025-02-19;PK;2418;-5275.235836928542;2418;21.0;160.0;60.0;200.0;0.0
2025-02-19;RS;9945;-20138.18252932455;9945;32.0;212.0;67.0;403.0;6.0
2025-02-19;TW;539;-392.09941853538066;539;0.0;29.0;9.0;11.0;0.0
2025-02-19;UP;11743;-23220.820906020504;11743;38.0;114.0;78.0;418.0;7.0
2025-02-19;US;53489;-117942.31629476434;53489;529.0;3038.0;804.0;2873.0;23.0
2025-02-20;GM;2558;-4464.9096548673915;2558;15.0;67.0;26.0;77.0;3.0
2025-02-20;IS;8249;-37487.75649140125;8249;69.0;348.0;401.0;605.0;39.0
2025-02-20;NI;3817;-2464.844796300829;3817;25.0;152.0;87.0;86.0;0.0
2025-02-20;PK;2199;-3318.671781218409;2199;32.0;110.0;46.0;123.0;0.0
2025-02-20;RS;8819;-22107.155723568147;8819;30.0;152.0;64.0;402.0;7.0
2025-02-20;TW;561;75.74680231123932;561;0.0;26.0;2.0;7.0;0.0
2025-02-20;UP;10534;-26821.132826913778;10534;17.0;112.0;78.0;398.0;4.0
2025-02-20;US;55702;-116004.31904794744;55702;492.0;2936.0;820.0;2690.0;13.0
2025-02-21;GM;3064;-6925.708389751592;3064;7.0;148.0;51.0;135.0;2.0
2025-02-21;IS;7896;-39986.49908789235;7896;82.0;323.0;333.0;894.0;31.0
2025-02-21;NI;3146;-2844.7280763013555;3146;11.0;122.0;47.0;110.0;0.0
2025-02-21;PK;2041;-3193.3211560132704;2041;29.0;111.0;32.0;159.0;0.0
2025-02-21;RS;7447;-17827.450729067517;7447;21.0;209.0;56.0;295.0;2.0
2025-02-21;TW;524;-148.28360818048162;524;3.0;11.0;3.0;13.0;0.0
2025-02-21;UP;8365;-18710.81889918775;8365;31.0;143.0;62.0;298.0;3.0
2025-02-21;US;52584;-118666.22092230956;52584;352.0;3263.0;899.0;2742.0;8.0
2025-02-22;GM;2156;-6875.125711761376;2156;28.0;124.0;53.0;121.0;0.0
2025-02-22;IS;6102;-31271.70221529232;6102;43.0;263.0;265.0;645.0;7.0
2025-02-22;NI;2557;-2125.5785101635897;2557;8.0;86.0;61.0;111.0;0.0
2025-02-22;PK;1587;-2981.8852974799756;1587;18.0;73.0;18.0;105.0;0.0
2025-02-22;RS;4315;-11650.299351304791;4315;51.0;99.0;70.0;220.0;0.0
2025-02-22;TW;267;74.18584420617114;267;3.0;13.0;2.0;6.0;0.0
2025-02-22;UP;5509;-13022.79334527509;5509;57.0;75.0;50.0;246.0;3.0
2025-02-22;US;34677;-78711.54374420922;34677;259.0;2104.0;486.0;2240.0;6.0
2025-02-23;GM;2445;-5076.407267904758;2445;47.0;90.0;40.0;115.0;0.0
2025-02-23;IS;5072;-27238.80619549218;5072;25.0;190.0;157.0;721.0;14.0
2025-02-23;NI;2619;-3018.2441604017827;2619;17.0;154.0;42.0;120.0;0.0
2025-02-23;PK;1472;-4140.085685313774;1472;9.0;87.0;19.0;109.0;0.0
2025-02-23;RS;4787;-10984.266261392582;4787;35.0;57.0;59.0;288.0;0.0
2025-02-23;TW;316;-135.6955891596969;316;1.0;14.0;3.0;11.0;0.0
2025-02-23;UP;6548;-13852.500326234229;6548;52.0;56.0;69.0;373.0;1.0
2025-02-23;US;23447;-46131.70609904201;23447;208.0;1056.0;360.0;1646.0;5.0
2025-02-24;GM;3726;-3879.160173593213;3726;31.0;112.0;32.0;105.0;1.0
2025-02-24;IS;6315;-28158.523443407517;6315;80.0;270.0;181.0;629.0;11.0
2025-02-24;NI;3808;-3787.7960371469617;3808;27.0;133.0;69.0;154.0;0.0
2025-02-24;PK;2006;-1975.5731177396833;2006;41.0;67.0;18.0;168.0;0.0
2025-02-24;RS;9901;-23727.693065116255;9901;73.0;228.0;121.0;449.0;4.0
2025-02-24;TW;467;-151.1175416579095;467;5.0;9.0;0.0;9.0;0.0
2025-02-24;UP;12834;-25261.541852887447;12834;92.0;152.0;121.0;520.0;2.0
2025-02-24;US;43533;-81078.93751219974;43533;316.0;2271.0;605.0;2491.0;9.0
2025-02-25;GM;2691;-4081.20278176635;2691;12.0;101.0;11.0;112.0;0.0
2025-02-25;IS;7350;-33095.387145621076;7350;77.0;297.0;248.0;791.0;52.0
2025-02-25;NI;3425;-4383.085857216856;3425;11.0;140.0;88.0;118.0;2.0
2025-02-25;PK;2471;-2600.5947818682153;2471;32.0;96.0;36.0;133.0;0.0
2025-02-25;RS;9095;-20022.64321651542;9095;23.0;182.0;78.0;416.0;3.0
2025-02-25;TW;558;-845.1619075664975;558;0.0;21.0;1.0;14.0;0.0
2025-02-25;UP;10538;-19283.343840978032;10538;29.0;124.0;62.0;507.0;0.0
2025-02-25;US;54528;-114733.17158541712;54528;452.0;3083.0;830.0;2875.0;18.0
2025-02-26;GM;2013;-3455.4712654016134;2013;20.0;74.0;12.0;54.0;2.0
2025-02-26;IS;7412;-34987.637785747305;7412;82.0;285.0;242.0;809.0;39.0
2025-02-26;NI;3927;-3800.6390402649536;3927;10.0;145.0;94.0;249.0;0.0
2025-02-26;PK;1787;-2085.111875170614;1787;22.0;71.0;21.0;99.0;5.0
2025-02-26;RS;6958;-12058.675430835156;6958;21.0;144.0;74.0;447.0;4.0
2025-02-26;TW;765;-1433.225025475957;765;1.0;46.0;6.0;49.0;0.0
2025-02-26;UP;7870;-9310.120438818798;7870;24.0;73.0;63.0;493.0;4.0
2025-02-26;US;55876;-111017.0532388318;55876;396.0;3127.0;784.0;3024.0;27.0
2025-02-27;GM;2085;-3505.263038679035;2085;16.0;71.0;16.0;61.0;1.0
2025-02-27;IS;8184;-40769.10639998686;8184;137.0;361.0;299.0;777.0;41.0
2025-02-27;NI;3550;-4363.513207296227;3550;30.0;147.0;79.0;100.0;0.0
2025-02-27;PK;2435;-2963.927057463733;2435;35.0;91.0;29.0;138.0;0.0
2025-02-27;RS;6807;-11709.436466242603;6807;14.0;145.0;93.0;472.0;4.0
2025-02-27;TW;838;-1781.9525032415866;838;2.0;12.0;2.0;56.0;0.0
2025-02-27;UP;7691;-7527.074151251663;7691;26.0;84.0;79.0;425.0;2.0
2025-02-27;US;56821;-109589.37496524096;56821;499.0;3145.0;936.0;2783.0;14.0
2025-02-28;GM;2145;-3450.929962759507;2145;10.0;66.0;40.0;117.0;0.0
2025-02-28;IS;6275;-29408.208829996376;6275;71.0;277.0;198.0;750.0;40.0
2025-02-28;NI;3709;-2645.0864551120903;3709;16.0;153.0;57.0;128.0;0.0
2025-02-28;PK;2450;-5662.757306746045;2450;17.0;76.0;105.0;248.0;1.0
2025-02-28;RS;7913;-12127.4380639939;7913;48.0;234.0;114.0;394.0;5.0
2025-02-28;TW;572;-1083.9214041716816;572;4.0;25.0;2.0;22.0;0.0
2025-02-28;UP;11967;-12774.195416303528;11967;62.0;204.0;94.0;529.0;1.0
2025-02-28;US;58019;-118991.51397178676;58019;476.0;3385.0;942.0;3077.0;14.0
2025-03-01;GM;1787;-3198.1433630699566;1787;22.0;45.0;28.0;61.0;0.0
2025-03-01;IS;3781;-17525.58336246231;3781;40.0;173.0;124.0;395.0;14.0
2025-03-01;NI;2831;-2545.362650786395;2831;20.0;84.0;93.0;140.0;0.0
2025-03-01;PK;1952;-5048.36321533511;1952;20.0;69.0;49.0;162.0;0.0
2025-03-01;RS;7676;-14744.648182611658;7676;29.0;132.0;103.0;489.0;0.0
2025-03-01;TW;317;-519.5137541327498;317;2.0;9.0;1.0;9.0;0.0
2025-03-01;UP;15264;-21271.727439030135;15264;43.0;139.0;112.0;816.0;0.0
2025-03-01;US;39764;-79557.19544617507;39764;316.0;2000.0;539.0;2482.0;0.0
2025-03-02;GM;1500;-1740.441199086912;1500;17.0;39.0;8.0;47.0;0.0
2025-03-02;IS;5274;-22474.34115233874;5274;64.0;196.0;154.0;474.0;23.0
2025-03-02;NI;2831;-2420.5454360888657;2831;26.0;176.0;110.0;88.0;0.0
2025-03-02;PK;1514;-3615.3848960303058;1514;11.0;91.0;39.0;138.0;0.0
2025-03-02;RS;5479;-9165.000379871328;5479;44.0;92.0;60.0;317.0;0.0
2025-03-02;TW;332;-341.47672271518377;332;4.0;6.0;1.0;25.0;0.0
2025-03-02;UP;12514;-10682.929144720812;12514;81.0;93.0;67.0;556.0;2.0
2025-03-02;US;26523;-44391.66444852821;26523;375.0;1202.0;295.0;1552.0;9.0
2025-03-03;GM;2253;-5240.226400510449;2253;13.0;111.0;22.0;148.0;1.0
2025-03-03;IS;7150;-29692.91460677399;7150;106.0;272.0;193.0;627.0;49.0
2025-03-03;NI;3713;-4366.292668887131;3713;31.0;193.0;90.0;118.0;0.0
2025-03-03;PK;1636;-5298.391362549028;1636;19.0;120.0;61.0;161.0;1.0
2025-03-03;RS;7710;-14326.847314798915;7710;37.0;124.0;89.0;530.0;1.0
2025-03-03;TW;495;-546.1365247069282;495;10.0;2.0;0.0;6.0;0.0
2025-03-03;UP;13433;-15514.114184735006;13433;68.0;114.0;101.0;729.0;0.0
2025-03-03;US;43820;-71184.05490285296;43820;570.0;2118.0;533.0;2449.0;12.0
2025-03-04;GM;2178;-4144.738195660099;2178;27.0;80.0;26.0;97.0;1.0
2025-03-04;IS;7679;-29517.12626893237;7679;126.0;266.0;193.0;721.0;37.0
2025-03-04;NI;3953;-2958.7912529840055;3953;26.0;166.0;65.0;143.0;0.0
2025-03-04;PK;2102;-8985.103772265418;2102;19.0;99.0;69.0;293.0;0.0
2025-03-04;RS;8065;-14719.624456884878;8065;26.0;189.0;55.0;584.0;1.0
2025-03-04;TW;710;-572.0950756288255;710;8.0;10.0;0.0;11.0;0.0
2025-03-04;UP;12977;-15585.170210207823;12977;70.0;164.0;86.0;726.0;1.0
2025-03-04;US;56960;-107167.44664271448;56960;530.0;2964.0;836.0;2908.0;6.0
2025-03-05;GM;2269;-3839.1707158707336;2269;22.0;47.0;29.0;91.0;0.0
2025-03-05;IS;7588;-25963.027710552633;7588;99.0;248.0;228.0;508.0;52.0
2025-03-05;NI;3900;-4556.85641388039;3900;27.0;155.0;57.0;220.0;0.0
2025-03-05;PK;2882;-10419.381267170467;2882;27.0;234.0;102.0;359.0;0.0
2025-03-05;RS;7585;-15166.183809714586;7585;44.0;292.0;97.0;558.0;3.0
2025-03-05;TW;642;-655.2568247564224;642;4.0;8.0;8.0;12.0;0.0
2025-03-05;UP;10759;-13330.050246745326;10759;96.0;279.0;91.0;614.0;0.0
2025-03-05;US;61079;-122373.08276282447;61079;724.0;3281.0;875.0;3109.0;43.0
2025-03-06;GM;2418;-3117.4890873932723;2418;12.0;71.0;25.0;70.0;2.0
2025-03-06;IS;7971;-31313.60568127478;7971;142.0;307.0;208.0;476.0;32.0
2025-03-06;NI;4162;-5067.659791193967;4162;32.0;190.0;152.0;192.0;0.0
2025-03-06;PK;2505;-9171.200728708658;2505;31.0;264.0;72.0;216.0;0.0
2025-03-06;RS;7025;-15643.026867714229;7025;24.0;205.0;113.0;520.0;0.0
2025-03-06;TW;540;-909.619570150968;540;2.0;16.0;0.0;14.0;0.0
2025-03-06;UP;9652;-13675.950081079523;9652;28.0;146.0;113.0;605.0;0.0
2025-03-06;US;58284;-124717.6019001766;58284;541.0;3233.0;898.0;2915.0;15.0
2025-03-07;GM;2023;-3163.9718071951606;2023;15.0;72.0;13.0;62.0;1.0
2025-03-07;IS;6218;-22733.91144736097;6218;107.0;296.0;179.0;515.0;19.0
2025-03-07;NI;4042;-5644.920691653209;4042;32.0;213.0;115.0;235.0;0.0
2025-03-07;PK;2186;-6719.944250284127;2186;41.0;206.0;52.0;127.0;0.0
2025-03-07;RS;8086;-17767.68772417897;8086;51.0;237.0;76.0;664.0;3.0
2025-03-07;TW;639;-1102.5988595148403;639;1.0;25.0;0.0;11.0;0.0
2025-03-07;UP;9669;-14012.18796288554;9669;43.0;139.0;82.0;765.0;0.0
2025-03-07;US;52808;-113563.9872929094;52808;567.0;3162.0;748.0;2832.0;12.0
2025-03-08;GM;1071;-1442.3895477030342;1071;23.0;13.0;10.0;40.0;0.0
2025-03-08;IS;4711;-17920.181501755735;4711;86.0;142.0;200.0;427.0;37.0
2025-03-08;NI;2748;-1734.8568524541502;2748;20.0;86.0;98.0;128.0;0.0
2025-03-08;PK;2017;-6224.822724849693;2017;77.0;144.0;48.0;173.0;0.0
2025-03-08;RS;4523;-14703.007122489342;4523;50.0;159.0;87.0;679.0;2.0
2025-03-08;TW;309;-427.0656274395354;309;7.0;8.0;0.0;9.0;0.0
2025-03-08;UP;5351;-13930.96134937688;5351;28.0;75.0;94.0;626.0;3.0
2025-03-08;US;33093;-78554.24281301009;33093;448.0;1955.0;504.0;2057.0;6.0
2025-03-09;GM;1227;-2303.1738798854894;1227;22.0;31.0;12.0;45.0;0.0
2025-03-09;IS;5371;-22001.03003373244;5371;112.0;288.0;211.0;443.0;27.0
2025-03-09;NI;2772;-2623.8341751488488;2772;26.0;161.0;62.0;90.0;0.0
2025-03-09;PK;1575;-5908.101363093625;1575;19.0;117.0;48.0;181.0;2.0
2025-03-09;RS;4345;-13404.888287794867;4345;39.0;125.0;138.0;547.0;4.0
2025-03-09;TW;337;-475.3450047359295;337;13.0;19.0;0.0;3.0;0.0
2025-03-09;UP;4886;-11374.685750886329;4886;49.0;57.0;105.0;553.0;0.0
2025-03-09;US;24278;-56496.061669641254;24278;402.0;1422.0;363.0;1603.0;6.0
2025-03-10;GM;1641;-2100.8718988421983;1641;24.0;61.0;12.0;49.0;2.0
2025-03-10;IS;7116;-31160.285891352407;7116;182.0;590.0;265.0;538.0;27.0
2025-03-10;NI;4354;-6493.2106942471755;4354;19.0;214.0;100.0;182.0;0.0
2025-03-10;PK;1936;-6391.052288731689;1936;44.0;145.0;29.0;142.0;0.0
2025-03-10;RS;6781;-17504.701328121482;6781;52.0;257.0;107.0;528.0;0.0
2025-03-10;TW;490;-528.3440090070795;490;10.0;14.0;1.0;16.0;0.0
2025-03-10;UP;7963;-12467.800286301232;7963;45.0;124.0;94.0;547.0;3.0
2025-03-10;US;44615;-92415.40599437965;44615;522.0;2726.0;644.0;2497.0;8.0
2025-03-11;GM;2027;-3324.9857364534505;2027;32.0;77.0;20.0;62.0;4.0
2025-03-11;IS;7948;-38306.97243168843;7948;342.0;754.0;146.0;819.0;47.0
2025-03-11;NI;3690;-6391.567474382617;3690;29.0;173.0;55.0;179.0;3.0
2025-03-11;PK;2982;-12022.899591549063;2982;19.0;117.0;134.0;347.0;1.0
2025-03-11;RS;8358;-20101.578167845037;8358;49.0;179.0;121.0;868.0;7.0
2025-03-11;TW;452;-358.2174678583906;452;0.0;4.0;0.0;5.0;0.0
2025-03-11;UP;10514;-17836.457867232304;10514;34.0;149.0;101.0;784.0;6.0
2025-03-11;US;54916;-122918.60983192794;54916;840.0;3740.0;811.0;2791.0;14.0
2025-03-12;GM;1915;-2349.121585295205;1915;16.0;51.0;25.0;61.0;0.0
2025-03-12;IS;7322;-28847.062415470144;7322;259.0;570.0;158.0;539.0;37.0
2025-03-12;NI;3671;-6090.334457153506;3671;36.0;143.0;55.0;182.0;0.0
2025-03-12;PK;3674;-18985.66360895587;3674;21.0;131.0;174.0;440.0;1.0
2025-03-12;RS;8619;-17105.850166647993;8619;54.0;239.0;92.0;737.0;6.0
2025-03-12;TW;528;-381.27395391139856;528;1.0;16.0;5.0;7.0;0.0
2025-03-12;UP;9504;-13059.572367736968;9504;47.0;136.0;70.0;693.0;2.0
2025-03-12;US;59302;-128465.82968211242;59302;802.0;3946.0;874.0;2978.0;12.0
2025-03-13;GM;2128;-3013.3554339710204;2128;10.0;73.0;9.0;100.0;1.0
2025-03-13;IS;8273;-33294.480863912824;8273;269.0;612.0;185.0;556.0;67.0
2025-03-13;NI;4234;-6165.381108520011;4234;30.0;151.0;55.0;150.0;1.0
2025-03-13;PK;2827;-13877.960443805669;2827;27.0;103.0;110.0;271.0;0.0
2025-03-13;RS;9347;-21866.098613383536;9347;34.0;216.0;115.0;682.0;2.0
2025-03-13;TW;558;-663.9436516587673;558;2.0;28.0;3.0;2.0;0.0
2025-03-13;UP;8708;-17329.138027828292;8708;27.0;128.0;101.0;558.0;1.0
2025-03-13;US;57006;-126205.23894597383;57006;638.0;3384.0;756.0;2706.0;12.0
2025-03-14;GM;2279;-2742.681465602051;2279;14.0;48.0;29.0;62.0;0.0
2025-03-14;IS;8039;-35858.74298732881;8039;214.0;619.0;220.0;656.0;36.0
2025-03-14;NI;3905;-5740.511003992074;3905;41.0;142.0;68.0;111.0;1.0
2025-03-14;PK;2632;-12230.159432885355;2632;24.0;109.0;126.0;255.0;0.0
2025-03-14;RS;8930;-23676.967876662708;8930;32.0;275.0;121.0;569.0;2.0
2025-03-14;TW;521;-489.7576890766287;521;3.0;15.0;0.0;17.0;0.0
2025-03-14;UP;8280;-18339.16856317977;8280;29.0;178.0;105.0;504.0;5.0
2025-03-14;US;54453;-130360.87037513847;54453;757.0;3436.0;837.0;2709.0;8.0
2025-03-15;GM;1184;-1751.8602429644366;1184;12.0;23.0;15.0;41.0;0.0
2025-03-15;IS;5292;-25881.335853204917;5292;159.0;433.0;162.0;469.0;35.0
2025-03-15;NI;2429;-2041.6540954280213;2429;21.0;105.0;78.0;83.0;0.0
2025-03-15;PK;2503;-10203.967848773484;2503;21.0;99.0;91.0;271.0;0.0
2025-03-15;RS;5840;-13988.946379323736;5840;35.0;200.0;90.0;484.0;1.0
2025-03-15;TW;352;-447.75559533376634;352;3.0;14.0;0.0;7.0;0.0
2025-03-15;UP;5465;-10313.682959534555;5465;24.0;100.0;75.0;418.0;0.0
2025-03-15;US;33954;-82530.1917838138;33954;450.0;2504.0;458.0;1876.0;6.0
2025-03-16;GM;969;-1641.0599111947445;969;7.0;27.0;28.0;57.0;0.0
2025-03-16;IS;4830;-22416.138283503547;4830;122.0;246.0;111.0;572.0;34.0
2025-03-16;NI;3093;-4271.665604229559;3093;31.0;189.0;66.0;131.0;0.0
2025-03-16;PK;2496;-14654.182229746675;2496;19.0;88.0;152.0;534.0;0.0
2025-03-16;RS;4662;-10341.657118567797;4662;27.0;98.0;77.0;376.0;0.0
2025-03-16;TW;271;-171.27877817383714;271;6.0;10.0;1.0;7.0;0.0
2025-03-16;UP;4226;-8060.749394480554;4226;22.0;53.0;49.0;307.0;1.0
2025-03-16;US;24264;-61356.72279437295;24264;366.0;1747.0;385.0;1487.0;2.0
2025-03-17;GM;1812;-3870.8912291357183;1812;5.0;93.0;38.0;88.0;1.0
2025-03-17;IS;6384;-28998.0884540484;6384;149.0;409.0;200.0;820.0;47.0
2025-03-17;NI;4145;-8338.29172799973;4145;33.0;219.0;69.0;184.0;0.0
2025-03-17;PK;2645;-11753.911350927994;2645;32.0;118.0;89.0;385.0;0.0
2025-03-17;RS;6622;-14201.302650031665;6622;50.0;201.0;70.0;442.0;9.0
2025-03-17;TW;553;-55.78625720705958;553;3.0;11.0;5.0;9.0;0.0
2025-03-17;UP;6332;-11881.412179891253;6332;17.0;133.0;70.0;445.0;2.0
2025-03-17;US;45488;-101273.64309154853;45488;500.0;3022.0;705.0;2413.0;13.0
2025-03-18;GM;2079;-3120.409974776844;2079;14.0;61.0;35.0;88.0;0.0
2025-03-18;IS;10345;-61254.580268490965;10345;186.0;373.0;319.0;1371.0;62.0
2025-03-18;NI;4278;-7945.707611373435;4278;33.0;291.0;56.0;151.0;3.0
2025-03-18;PK;2463;-7403.097801205684;2463;37.0;82.0;66.0;220.0;0.0
2025-03-18;RS;7825;-17104.415532658917;7825;26.0;178.0;69.0;410.0;11.0
2025-03-18;TW;694;-1145.065019371099;694;4.0;37.0;5.0;23.0;0.0
2025-03-18;UP;7115;-14718.224848908369;7115;29.0;96.0;63.0;385.0;9.0
2025-03-18;US;54617;-127444.84347532396;54617;511.0;3652.0;822.0;2955.0;16.0
2025-03-19;GM;2037;-3456.3643082766453;2037;27.0;56.0;37.0;57.0;3.0
2025-03-19;IS;9394;-49688.82075362053;9394;309.0;404.0;264.0;1240.0;59.0
2025-03-19;NI;4081;-10774.351123445236;4081;30.0;293.0;41.0;161.0;2.0
2025-03-19;PK;2499;-8244.810078421622;2499;30.0;123.0;40.0;172.0;2.0
2025-03-19;RS;9121;-22767.935668152244;9121;31.0;157.0;155.0;726.0;4.0
2025-03-19;TW;658;-757.1834238430184;658;11.0;15.0;1.0;25.0;0.0
2025-03-19;UP;8288;-18932.86834472184;8288;30.0;82.0;100.0;679.0;1.0
2025-03-19;US;57624;-132286.77991064306;57624;786.0;3925.0;998.0;3061.0;15.0
2025-03-20;GM;1849;-3809.065067541398;1849;18.0;86.0;16.0;72.0;2.0
2025-03-20;IS;8947;-45714.34320365312;8947;226.0;478.0;318.0;1366.0;62.0
2025-03-20;NI;3859;-9548.110634347217;3859;16.0;203.0;55.0;131.0;0.0
2025-03-20;PK;2274;-5082.756151045003;2274;45.0;124.0;20.0;139.0;1.0
2025-03-20;RS;6860;-13981.08363898475;6860;45.0;185.0;120.0;682.0;2.0
2025-03-20;TW;575;-760.7942504846645;575;2.0;17.0;5.0;28.0;0.0
2025-03-20;UP;7298;-11588.748101279416;7298;22.0;126.0;97.0;641.0;0.0
2025-03-20;US;56211;-128832.03964732873;56211;638.0;4020.0;914.0;2986.0;7.0
2025-03-21;GM;1941;-3941.243532857753;1941;21.0;77.0;19.0;57.0;1.0
2025-03-21;IS;7019;-36424.05288135574;7019;254.0;381.0;227.0;806.0;39.0
2025-03-21;NI;3693;-7461.667667989085;3693;29.0;244.0;63.0;142.0;4.0
2025-03-21;PK;2379;-5794.508864790663;2379;40.0;109.0;41.0;185.0;0.0
2025-03-21;RS;6315;-17427.51805386167;6315;28.0;193.0;108.0;597.0;4.0
2025-03-21;TW;676;-971.8985678821316;676;14.0;19.0;2.0;21.0;0.0
2025-03-21;UP;5963;-13286.483874863872;5963;28.0;99.0;86.0;578.0;1.0
2025-03-21;US;55113;-128770.92075644834;55113;677.0;3929.0;868.0;2880.0;13.0
2025-03-22;GM;1017;-2550.316993044281;1017;9.0;32.0;15.0;48.0;0.0
2025-03-22;IS;5743;-31774.852536978335;5743;140.0;212.0;132.0;898.0;20.0
2025-03-22;NI;2521;-4361.882229464737;2521;27.0;169.0;48.0;109.0;0.0
2025-03-22;PK;1990;-7066.761097403701;1990;53.0;143.0;37.0;176.0;1.0
2025-03-22;RS;3738;-11468.749526549162;3738;13.0;110.0;69.0;392.0;0.0
2025-03-22;TW;293;-275.8249074228317;293;2.0;21.0;1.0;7.0;0.0
2025-03-22;UP;3127;-9258.2137782037;3127;24.0;44.0;60.0;358.0;2.0
2025-03-22;US;32142;-75450.55660264383;32142;349.0;2166.0;508.0;1850.0;3.0
2025-03-23;GM;867;-1968.71151927284;867;18.0;40.0;12.0;53.0;0.0
2025-03-23;IS;5904;-32122.40772559971;5904;145.0;236.0;166.0;934.0;27.0
2025-03-23;NI;3070;-8213.771686691938;3070;18.0;230.0;105.0;138.0;0.0
2025-03-23;PK;2526;-5926.966894504859;2526;50.0;167.0;30.0;223.0;1.0
2025-03-23;RS;3579;-11703.943731829357;3579;18.0;76.0;57.0;330.0;0.0
2025-03-23;TW;229;-87.90253047768033;229;2.0;14.0;0.0;2.0;0.0
2025-03-23;UP;3496;-9576.351246077498;3496;18.0;35.0;53.0;299.0;1.0
2025-03-23;US;23084;-56410.17365579922;23084;361.0;1370.0;397.0;1683.0;9.0
2025-03-24;GM;1849;-4486.317323762537;1849;25.0;106.0;27.0;67.0;2.0
2025-03-24;IS;7410;-37876.20661395592;7410;177.0;306.0;302.0;1075.0;31.0
2025-03-24;NI;4249;-8425.45319379684;4249;34.0;240.0;133.0;209.0;0.0
2025-03-24;PK;2453;-6236.209207850383;2453;55.0;152.0;56.0;193.0;2.0
2025-03-24;RS;6100;-15425.87684775221;6100;36.0;175.0;82.0;572.0;0.0
2025-03-24;TW;530;-1104.1694300076597;530;6.0;24.0;4.0;14.0;0.0
2025-03-24;UP;5940;-12828.261171202195;5940;30.0;76.0;84.0;584.0;0.0
2025-03-24;US;46326;-99090.57837445178;46326;673.0;2868.0;735.0;2543.0;12.0
2025-03-25;GM;1665;-3567.2489537498523;1665;20.0;78.0;24.0;47.0;0.0
2025-03-25;IS;8444;-41811.7533005598;8444;181.0;547.0;366.0;1284.0;38.0
2025-03-25;NI;3988;-4685.986741643089;3988;30.0;202.0;31.0;142.0;0.0
2025-03-25;PK;2623;-8265.152182051317;2623;84.0;186.0;40.0;187.0;3.0
2025-03-25;RS;6780;-13379.472219836744;6780;35.0;184.0;89.0;524.0;2.0
2025-03-25;TW;525;-725.3082230781658;525;6.0;32.0;4.0;18.0;0.0
2025-03-25;UP;5920;-10546.715708785676;5920;7.0;126.0;76.0;525.0;2.0
2025-03-25;US;56507;-122173.8211185675;56507;551.0;3309.0;865.0;2891.0;15.0
2025-03-26;GM;1879;-3807.422216385501;1879;31.0;65.0;15.0;122.0;0.0
2025-03-26;IS;7164;-33438.612044461435;7164;284.0;452.0;257.0;840.0;31.0
2025-03-26;NI;3593;-7157.501779269846;3593;23.0;206.0;77.0;183.0;0.0
2025-03-26;PK;2233;-8078.813251370924;2233;72.0;193.0;59.0;141.0;0.0
2025-03-26;RS;6550;-18321.72068684382;6550;35.0;227.0;72.0;575.0;2.0
2025-03-26;TW;660;-1311.2726293276742;660;3.0;45.0;4.0;21.0;0.0
2025-03-26;UP;5284;-13363.43575245139;5284;30.0;124.0;59.0;467.0;0.0
2025-03-26;US;56089;-122778.93762005764;56089;541.0;3462.0;823.0;3063.0;12.0
2025-03-27;GM;2004;-3967.1063979697033;2004;12.0;62.0;10.0;75.0;0.0
2025-03-27;IS;7295;-33641.99257361855;7295;256.0;432.0;212.0;917.0;37.0
2025-03-27;NI;3410;-4680.1064180547655;3410;47.0;157.0;62.0;152.0;0.0
2025-03-27;PK;2224;-9762.138279647312;2224;36.0;116.0;95.0;225.0;0.0
2025-03-27;RS;6650;-15307.750195554592;6650;14.0;146.0;68.0;502.0;2.0
2025-03-27;TW;576;-1367.669787512687;576;2.0;39.0;2.0;7.0;0.0
2025-03-27;UP;5167;-9668.421540211264;5167;7.0;62.0;54.0;399.0;1.0
2025-03-27;US;57400;-131411.39153617306;57400;521.0;3808.0;861.0;3088.0;14.0
2025-03-28;GM;1802;-2303.5538238708364;1802;22.0;63.0;11.0;52.0;0.0
2025-03-28;IS;7069;-32062.978234761104;7069;258.0;500.0;159.0;968.0;36.0
2025-03-28;NI;4812;-7612.812753571967;4812;42.0;239.0;68.0;241.0;1.0
2025-03-28;PK;2408;-8072.669098526851;2408;37.0;155.0;87.0;175.0;0.0
2025-03-28;RS;5470;-12475.3610249694;5470;41.0;175.0;65.0;392.0;0.0
2025-03-28;TW;596;-1082.93640234855;596;1.0;48.0;4.0;33.0;0.0
2025-03-28;UP;4238;-8796.371109323863;4238;27.0;82.0;57.0;344.0;0.0
2025-03-28;US;54908;-119690.20990371516;54908;543.0;3876.0;801.0;2667.0;28.0
2025-03-29;GM;1043;-2227.698788456102;1043;29.0;52.0;9.0;81.0;0.0
2025-03-29;IS;4085;-19836.2271482567;4085;170.0;292.0;175.0;511.0;22.0
2025-03-29;NI;3334;-6525.353736585023;3334;40.0;157.0;53.0;205.0;0.0
2025-03-29;PK;2189;-7109.59011894014;2189;64.0;105.0;31.0;197.0;0.0
2025-03-29;RS;2965;-8957.78770055726;2965;18.0;110.0;68.0;310.0;1.0
2025-03-29;TW;250;-380.7923421518227;250;0.0;5.0;2.0;14.0;0.0
2025-03-29;UP;2232;-6247.855845813482;2232;20.0;25.0;47.0;284.0;2.0
2025-03-29;US;31938;-67566.55980546038;31938;393.0;2335.0;458.0;1677.0;9.0
2025-03-30;GM;822;-1302.8191195250445;822;34.0;18.0;11.0;68.0;0.0
2025-03-30;IS;4922;-23765.868713928787;4922;126.0;257.0;193.0;724.0;7.0
2025-03-30;NI;2663;-4011.774897691904;2663;26.0;121.0;39.0;161.0;0.0
2025-03-30;PK;2070;-4682.36932880061;2070;24.0;112.0;47.0;142.0;0.0
2025-03-30;RS;2820;-10013.785699010818;2820;10.0;68.0;66.0;296.0;1.0
2025-03-30;TW;376;-375.2101382136603;376;3.0;6.0;3.0;16.0;0.0
2025-03-30;UP;2381;-8456.306644319748;2381;7.0;56.0;72.0;283.0;0.0
2025-03-30;US;24116;-48308.09137628742;24116;453.0;1417.0;295.0;1369.0;9.0
2025-03-31;GM;1678;-1277.8913423498143;1678;27.0;82.0;7.0;59.0;0.0
2025-03-31;IS;6515;-27686.042199498188;6515;184.0;384.0;206.0;744.0;44.0
2025-03-31;NI;3500;-3402.9383138992603;3500;11.0;141.0;51.0;175.0;0.0
2025-03-31;PK;1785;-2294.6939522264893;1785;23.0;127.0;21.0;97.0;0.0
2025-03-31;RS;4892;-16275.263647149986;4892;23.0;179.0;80.0;340.0;7.0
2025-03-31;TW;581;-468.52353704667894;581;3.0;10.0;0.0;18.0;0.0
2025-03-31;UP;3969;-11023.66803529447;3969;11.0;81.0;68.0;283.0;6.0
2025-03-31;US;41014;-83195.80543316173;41014;520.0;2527.0;548.0;2199.0;14.0
2025-04-01;GM;2044;-2841.3843122071003;2044;14.0;88.0;17.0;87.0;0.0
2025-04-01;IS;6587;-31379.019662847473;6587;165.0;356.0;216.0;733.0;28.0
2025-04-01;NI;3259;-6611.884304086081;3259;22.0;203.0;47.0;161.0;1.0
2025-04-01;PK;1388;-3966.0331447864664;1388;18.0;103.0;20.0;116.0;1.0
2025-04-01;RS;5007;-14126.400532202662;5007;18.0;210.0;77.0;378.0;1.0
2025-04-01;TW;1306;-4076.643183344643;1306;7.0;38.0;2.0;54.0;0.0
2025-04-01;UP;3857;-10017.873518841769;3857;13.0;100.0;70.0;335.0;1.0
2025-04-01;US;51216;-118218.20414593596;51216;543.0;3298.0;756.0;2795.0;5.0
2025-04-02;GM;2036;-2798.8441204632;2036;15.0;113.0;24.0;90.0;0.0
2025-04-02;IS;6763;-32890.87986638291;6763;134.0;346.0;195.0;879.0;19.0
2025-04-02;NI;3659;-8069.788128494283;3659;29.0;229.0;82.0;195.0;3.0
2025-04-02;PK;1346;-2959.5037651688076;1346;15.0;71.0;27.0;121.0;1.0
2025-04-02;RS;4461;-11104.184424408342;4461;28.0;133.0;61.0;292.0;0.0
2025-04-02;TW;1295;-3367.295467336718;1295;26.0;15.0;6.0;47.0;0.0
2025-04-02;UP;3189;-7579.509802886815;3189;12.0;68.0;40.0;263.0;0.0
2025-04-02;US;55629;-113247.57543336108;55629;524.0;3375.0;853.0;2918.0;6.0
2025-04-03;GM;2064;-3868.133870512833;2064;17.0;114.0;31.0;92.0;3.0
2025-04-03;IS;7661;-39764.567349588826;7661;188.0;458.0;241.0;910.0;36.0
2025-04-03;NI;3747;-4954.395774201642;3747;28.0;193.0;103.0;166.0;5.0
2025-04-03;PK;1956;-5566.746211011119;1956;18.0;93.0;22.0;136.0;2.0
2025-04-03;RS;4239;-11098.347225006071;4239;4.0;153.0;51.0;247.0;0.0
2025-04-03;TW;818;-1684.8926227653037;818;0.0;13.0;10.0;29.0;0.0
2025-04-03;UP;3098;-6353.644951414859;3098;7.0;64.0;32.0;187.0;0.0
2025-04-03;US;53546;-111085.33886046696;53546;482.0;3357.0;712.0;2636.0;13.0
2025-04-04;GM;1573;-2064.803822421537;1573;23.0;57.0;19.0;69.0;0.0
2025-04-04;IS;6663;-34113.179507469686;6663;104.0;331.0;227.0;992.0;28.0
2025-04-04;NI;3349;-4816.21775532708;3349;32.0;163.0;112.0;146.0;2.0
2025-04-04;PK;1739;-3633.829478938828;1739;16.0;96.0;23.0;96.0;0.0
2025-04-04;RS;4943;-13403.517180198904;4943;24.0;151.0;78.0;387.0;3.0
2025-04-04;TW;725;-1099.4801880829891;725;2.0;12.0;4.0;27.0;0.0
2025-04-04;UP;3461;-9107.907966055636;3461;14.0;66.0;68.0;322.0;1.0
2025-04-04;US;51925;-112930.67411433072;51925;458.0;3381.0;794.0;2735.0;18.0
2025-04-05;GM;980;-1893.6695201998791;980;46.0;49.0;38.0;34.0;0.0
2025-04-05;IS;4189;-16869.629612262335;4189;127.0;161.0;141.0;360.0;16.0
2025-04-05;NI;2860;-5773.93336883847;2860;19.0;165.0;90.0;215.0;0.0
2025-04-05;PK;1936;-3758.533117117376;1936;33.0;116.0;19.0;100.0;0.0
2025-04-05;RS;2905;-11496.061922099714;2905;25.0;59.0;64.0;393.0;0.0
2025-04-05;TW;491;-570.1898435057814;491;1.0;6.0;3.0;17.0;0.0
2025-04-05;UP;2646;-10335.484184183397;2646;14.0;32.0;52.0;364.0;0.0
2025-04-05;US;32780;-80333.14249552097;32780;750.0;2015.0;503.0;1649.0;6.0
2025-04-06;GM;1147;-3260.5314975491037;1147;55.0;62.0;28.0;30.0;0.0
2025-04-06;IS;6211;-28934.94163526583;6211;101.0;286.0;179.0;782.0;55.0
2025-04-06;NI;2916;-4308.116916388581;2916;42.0;239.0;62.0;145.0;6.0
2025-04-06;PK;1869;-5266.742090822471;1869;47.0;156.0;23.0;132.0;1.0
2025-04-06;RS;2307;-10782.244145516515;2307;10.0;93.0;23.0;455.0;1.0
2025-04-06;TW;418;-408.5299488662272;418;0.0;8.0;0.0;15.0;0.0
2025-04-06;UP;2278;-10542.138704353534;2278;23.0;74.0;28.0;426.0;0.0
2025-04-06;US;23900;-57530.32685106288;23900;1130.0;1250.0;283.0;1235.0;5.0
2025-04-07;GM;1627;-2537.9015301734894;1627;40.0;60.0;13.0;64.0;0.0
2025-04-07;IS;9716;-44483.57441650257;9716;249.0;350.0;289.0;1169.0;49.0
2025-04-07;NI;4261;-8463.34342877806;4261;98.0;237.0;89.0;236.0;0.0
2025-04-07;PK;2695;-8812.05514342203;2695;50.0;146.0;56.0;253.0;10.0
2025-04-07;RS;3324;-11259.478230592424;3324;10.0;133.0;60.0;360.0;2.0
2025-04-07;TW;702;-1273.510134461441;702;2.0;18.0;2.0;13.0;0.0
2025-04-07;UP;2515;-8280.025901137187;2515;13.0;87.0;37.0;332.0;0.0
2025-04-07;US;42092;-93750.66164055312;42092;736.0;2481.0;632.0;2250.0;8.0
2025-04-08;GM;1590;-2719.983821697285;1590;22.0;85.0;19.0;62.0;0.0
2025-04-08;IS;8577;-31809.00371548599;8577;246.0;311.0;168.0;809.0;36.0
2025-04-08;NI;3615;-6303.316959502886;3615;51.0;200.0;69.0;164.0;0.0
2025-04-08;PK;2595;-4993.28398149985;2595;35.0;137.0;32.0;184.0;0.0
2025-04-08;RS;4402;-12345.434957392328;4402;30.0;138.0;44.0;512.0;0.0
2025-04-08;TW;614;-992.8577562923836;614;2.0;7.0;0.0;24.0;0.0
2025-04-08;UP;3550;-9767.730693455202;3550;15.0;97.0;56.0;429.0;0.0
2025-04-08;US;53532;-117257.37527518452;53532;487.0;3350.0;812.0;2684.0;16.0
2025-04-09;GM;1593;-2498.7666669523364;1593;36.0;53.0;6.0;60.0;2.0
2025-04-09;IS;6895;-27471.51567315354;6895;164.0;377.0;215.0;684.0;33.0
2025-04-09;NI;3567;-6276.6489874342205;3567;38.0;145.0;83.0;195.0;3.0
2025-04-09;PK;3189;-6417.252047446957;3189;46.0;178.0;60.0;171.0;3.0
2025-04-09;RS;4639;-13419.330470862413;4639;34.0;202.0;73.0;398.0;4.0
2025-04-09;TW;622;-355.92100322493957;622;3.0;7.0;0.0;14.0;0.0
2025-04-09;UP;3535;-9885.77345707316;3535;7.0;147.0;66.0;364.0;0.0
2025-04-09;US;53887;-117845.81852827968;53887;440.0;3372.0;895.0;2744.0;20.0
2025-04-10;GM;1802;-1881.0583090851037;1802;16.0;101.0;11.0;89.0;0.0
2025-04-10;IS;7423;-29444.10819220165;7423;190.0;362.0;188.0;635.0;35.0
2025-04-10;NI;3389;-2596.2717790126862;3389;26.0;143.0;75.0;128.0;7.0
2025-04-10;PK;3932;-11540.161134845725;3932;42.0;294.0;64.0;253.0;1.0
2025-04-10;RS;5890;-18106.894848007974;5890;22.0;528.0;70.0;362.0;3.0
2025-04-10;TW;721;-1136.8979969348172;721;5.0;26.0;5.0;15.0;1.0
2025-04-10;UP;4153;-10878.075148576529;4153;6.0;179.0;78.0;316.0;3.0
2025-04-10;US;54194;-115005.3730899472;54194;489.0;3423.0;769.0;2998.0;22.0
2025-04-11;GM;2193;-2514.449824539722;2193;10.0;75.0;12.0;76.0;0.0
2025-04-11;IS;6214;-27172.11068222113;6214;185.0;402.0;168.0;568.0;23.0
2025-04-11;NI;3916;-2267.789676036227;3916;32.0;159.0;97.0;162.0;0.0
2025-04-11;PK;3165;-4976.167105127841;3165;29.0;169.0;52.0;216.0;0.0
2025-04-11;RS;6005;-16372.358445684878;6005;22.0;272.0;56.0;319.0;1.0
2025-04-11;TW;611;-938.4620658837018;611;1.0;32.0;2.0;14.0;0.0
2025-04-11;UP;5556;-9705.71648384787;5556;16.0;122.0;45.0;301.0;0.0
2025-04-11;US;52934;-119041.53773144828;52934;416.0;3507.0;748.0;2862.0;8.0
2025-04-12;GM;870;-1183.4726208923582;870;8.0;40.0;5.0;49.0;0.0
2025-04-12;IS;4608;-18785.8925949035;4608;162.0;327.0;126.0;410.0;14.0
2025-04-12;NI;2821;-2660.6833032230156;2821;15.0;70.0;59.0;161.0;0.0
2025-04-12;PK;2518;-5388.267168630114;2518;29.0;110.0;41.0;303.0;1.0
2025-04-12;RS;3514;-8209.438856968678;3514;9.0;118.0;32.0;226.0;0.0
2025-04-12;TW;444;-733.7505488776615;444;2.0;20.0;3.0;4.0;0.0
2025-04-12;UP;2812;-6073.776113432044;2812;4.0;72.0;27.0;224.0;0.0
2025-04-12;US;31575;-71338.7941335935;31575;290.0;2123.0;456.0;1734.0;5.0
2025-04-13;GM;695;-1608.225951389083;695;2.0;50.0;12.0;27.0;0.0
2025-04-13;IS;4230;-18857.74681614176;4230;66.0;171.0;137.0;534.0;12.0
2025-04-13;NI;2571;-4221.830872782373;2571;20.0;152.0;19.0;102.0;0.0
2025-04-13;PK;2315;-7003.913936095011;2315;22.0;104.0;69.0;316.0;0.0
2025-04-13;RS;3083;-14008.06081539352;3083;14.0;88.0;53.0;453.0;1.0
2025-04-13;TW;289;-324.7647372750159;289;7.0;6.0;0.0;2.0;0.0
2025-04-13;UP;2875;-13805.069313016704;2875;14.0;67.0;42.0;475.0;0.0
2025-04-13;US;21210;-40885.00027216476;21210;192.0;1126.0;417.0;1320.0;1.0
2025-04-14;GM;1508;-3901.811967864385;1508;7.0;59.0;29.0;78.0;0.0
2025-04-14;IS;5656;-23287.779564412547;5656;102.0;277.0;143.0;633.0;29.0
2025-04-14;NI;3564;-5450.6224279901;3564;11.0;159.0;62.0;200.0;0.0
2025-04-14;PK;2527;-5456.103797903015;2527;44.0;109.0;41.0;240.0;5.0
2025-04-14;RS;5195;-22544.312941501437;5195;22.0;118.0;112.0;608.0;0.0
2025-04-14;TW;558;-560.9763018052303;558;3.0;21.0;11.0;37.0;0.0
2025-04-14;UP;4583;-22127.513831923647;4583;14.0;81.0;112.0;661.0;0.0
2025-04-14;US;41818;-91294.94139671992;41818;306.0;2728.0;780.0;2360.0;8.0
2025-04-15;GM;1755;-3747.516370770813;1755;4.0;57.0;16.0;87.0;0.0
2025-04-15;IS;6641;-27860.806512033803;6641;172.0;458.0;138.0;548.0;39.0
2025-04-15;NI;3932;-7317.457273914085;3932;41.0;147.0;55.0;220.0;0.0
2025-04-15;PK;3006;-8076.7446863939795;3006;60.0;109.0;79.0;211.0;1.0
2025-04-15;RS;5573;-18956.46598558803;5573;14.0;217.0;115.0;518.0;1.0
2025-04-15;TW;496;-711.2584563434887;496;0.0;28.0;1.0;10.0;0.0
2025-04-15;UP;4531;-16631.256237787955;4531;6.0;104.0;95.0;483.0;2.0
2025-04-15;US;53676;-130944.14094193964;53676;414.0;4008.0;879.0;3116.0;6.0
2025-04-16;GM;1733;-4471.81439064715;1733;16.0;81.0;24.0;81.0;0.0
2025-04-16;IS;6843;-29744.766864018657;6843;168.0;450.0;251.0;613.0;29.0
2025-04-16;NI;3917;-6825.149987263973;3917;37.0;151.0;59.0;186.0;4.0
2025-04-16;PK;2632;-4844.917371127181;2632;60.0;107.0;54.0;179.0;0.0
2025-04-16;RS;4368;-12235.627757015767;4368;21.0;182.0;57.0;341.0;0.0
2025-04-16;TW;542;-553.0492978118965;542;2.0;17.0;3.0;14.0;0.0
2025-04-16;UP;4178;-10426.806811092156;4178;21.0;101.0;53.0;357.0;0.0
2025-04-16;US;57045;-132187.15875984775;57045;410.0;3711.0;908.0;3229.0;7.0
2025-04-17;GM;1898;-4668.393530496706;1898;29.0;105.0;18.0;76.0;0.0
2025-04-17;IS;6579;-28463.429034611985;6579;133.0;451.0;209.0;604.0;22.0
2025-04-17;NI;4375;-5918.871178043319;4375;36.0;231.0;72.0;174.0;2.0
2025-04-17;PK;3439;-5429.736911436257;3439;66.0;142.0;43.0;225.0;0.0
2025-04-17;RS;6364;-15100.017994615053;6364;30.0;170.0;99.0;510.0;4.0
2025-04-17;TW;619;-759.2631223451856;619;12.0;20.0;0.0;14.0;0.0
2025-04-17;UP;5606;-14299.237062131137;5606;9.0;83.0;84.0;474.0;3.0
2025-04-17;US;56670;-132878.1790092934;56670;464.0;3724.0;881.0;3379.0;4.0
2025-04-18;GM;1231;-2179.840681332694;1231;5.0;60.0;14.0;50.0;0.0
2025-04-18;IS;5433;-23377.342659824782;5433;115.0;260.0;157.0;684.0;22.0
2025-04-18;NI;3471;-4157.990148271102;3471;14.0;131.0;41.0;183.0;2.0
2025-04-18;PK;2920;-5277.442256005429;2920;39.0;152.0;37.0;209.0;0.0
2025-04-18;RS;5578;-14411.13042397094;5578;16.0;152.0;58.0;418.0;0.0
2025-04-18;TW;579;-1209.6107981086263;579;3.0;28.0;4.0;18.0;0.0
2025-04-18;UP;5871;-13080.740530819528;5871;17.0;81.0;57.0;425.0;0.0
2025-04-18;US;53333;-131347.15525737137;53333;391.0;3642.0;977.0;3509.0;9.0
2025-04-19;GM;917;-1615.1223949555697;917;18.0;37.0;13.0;44.0;0.0
2025-04-19;IS;4324;-18684.472677676556;4324;79.0;217.0;130.0;596.0;19.0
2025-04-19;NI;2655;-5886.35841990102;2655;4.0;106.0;42.0;237.0;0.0
2025-04-19;PK;2890;-6897.109468986246;2890;59.0;154.0;38.0;185.0;0.0
2025-04-19;RS;4414;-13357.74943747504;4414;11.0;106.0;43.0;371.0;0.0
2025-04-19;TW;350;-335.13992689761193;350;3.0;7.0;5.0;16.0;0.0
2025-04-19;UP;4453;-13108.08961509256;4453;18.0;69.0;51.0;351.0;0.0
2025-04-19;US;32930;-83161.00460996844;32930;593.0;2193.0;512.0;2165.0;3.0
2025-04-20;GM;793;-1629.9208782152257;793;23.0;58.0;13.0;77.0;4.0
2025-04-20;IS;5098;-22622.481377147345;5098;94.0;193.0;166.0;673.0;18.0
2025-04-20;NI;2405;-5204.0530026341485;2405;6.0;125.0;49.0;157.0;0.0
2025-04-20;PK;2409;-3664.444072731047;2409;42.0;134.0;23.0;98.0;0.0
2025-04-20;RS;4555;-14725.376198404874;4555;15.0;104.0;107.0;494.0;5.0
2025-04-20;TW;361;-290.2868216719163;361;4.0;5.0;0.0;9.0;1.0
2025-04-20;UP;3881;-13641.057211886624;3881;19.0;52.0;99.0;474.0;4.0
2025-04-20;US;23727;-53390.685923958;23727;767.0;1188.0;320.0;1472.0;3.0
2025-04-21;GM;1452;-2689.513100704808;1452;10.0;61.0;14.0;67.0;0.0
2025-04-21;IS;6884;-23573.842317908544;6884;77.0;249.0;141.0;597.0;18.0
2025-04-21;NI;3456;-6630.182891157079;3456;25.0;151.0;56.0;199.0;3.0
2025-04-21;PK;2625;-2422.860856261888;2625;37.0;125.0;21.0;145.0;5.0
2025-04-21;RS;5110;-14761.731306837271;5110;12.0;137.0;105.0;563.0;0.0
2025-04-21;TW;672;247.3335378099648;672;3.0;10.0;0.0;20.0;0.0
2025-04-21;UP;4856;-13538.701837553004;4856;9.0;59.0;85.0;557.0;0.0
2025-04-21;US;47534;-86854.46356735728;47534;382.0;2380.0;556.0;2686.0;5.0
2025-04-22;GM;1477;-1877.407192666086;1477;20.0;44.0;9.0;64.0;2.0
2025-04-22;IS;7008;-26687.856646495853;7008;107.0;339.0;188.0;650.0;16.0
2025-04-22;NI;3327;-6046.881005560453;3327;26.0;142.0;72.0;230.0;4.0
2025-04-22;PK;3663;-10481.01747629306;3663;74.0;168.0;65.0;345.0;3.0
2025-04-22;RS;4661;-11317.53396705482;4661;17.0;118.0;64.0;362.0;1.0
2025-04-22;TW;692;-567.7438076522063;692;3.0;8.0;7.0;40.0;0.0
2025-04-22;UP;4665;-11286.668223446615;4665;25.0;68.0;52.0;339.0;2.0
2025-04-22;US;55275;-110515.27725827576;55275;379.0;3237.0;715.0;3195.0;3.0
2025-04-23;GM;2096;-3530.8333676498874;2096;13.0;40.0;18.0;55.0;1.0
2025-04-23;IS;6258;-25637.55659859951;6258;129.0;363.0;139.0;579.0;27.0
2025-04-23;NI;3522;-4500.553846035748;3522;23.0;100.0;58.0;204.0;3.0
2025-04-23;PK;5959;-28874.841271870875;5959;117.0;161.0;87.0;758.0;13.0
2025-04-23;RS;6603;-17541.37382307499;6603;13.0;162.0;68.0;412.0;3.0
2025-04-23;TW;593;45.06151192516746;593;4.0;11.0;0.0;14.0;0.0
2025-04-23;UP;8002;-19844.746965124286;8002;9.0;54.0;72.0;418.0;2.0
2025-04-23;US;56475;-126715.0316674199;56475;332.0;3676.0;849.0;3307.0;9.0
2025-04-24;GM;1813;-2443.5268498020555;1813;9.0;43.0;13.0;101.0;0.0
2025-04-24;IS;6133;-24559.283250217537;6133;137.0;309.0;152.0;677.0;22.0
2025-04-24;NI;3864;-4746.083260816281;3864;44.0;160.0;57.0;167.0;5.0
2025-04-24;PK;8569;-42386.138855532416;8569;176.0;435.0;109.0;836.0;18.0
2025-04-24;RS;7120;-23186.091775098637;7120;24.0;178.0;133.0;661.0;7.0
2025-04-24;TW;637;-316.87295413130136;637;2.0;16.0;2.0;6.0;0.0
2025-04-24;UP;8263;-25388.78595956182;8263;20.0;128.0;142.0;714.0;8.0
2025-04-24;US;54885;-113045.68032603351;54885;382.0;3492.0;827.0;2989.0;9.0
2025-04-25;GM;1628;-2263.2958584941057;1628;18.0;46.0;17.0;49.0;0.0
2025-04-25;IS;5649;-24316.374973575435;5649;133.0;371.0;137.0;523.0;12.0
2025-04-25;NI;3583;-3637.502725841309;3583;16.0;151.0;86.0;195.0;0.0
2025-04-25;PK;8045;-40098.499293193614;8045;133.0;384.0;106.0;960.0;16.0
2025-04-25;RS;7259;-22456.261057362855;7259;14.0;142.0;206.0;637.0;6.0
2025-04-25;TW;446;-640.7520930113759;446;5.0;14.0;2.0;3.0;0.0
2025-04-25;UP;7136;-21053.306117375043;7136;19.0;97.0;159.0;651.0;5.0
2025-04-25;US;54652;-131340.54119260123;54652;393.0;3905.0;759.0;2958.0;10.0
2025-04-26;GM;953;-2050.2275420764445;953;5.0;26.0;6.0;43.0;0.0
2025-04-26;IS;3773;-15495.080517378865;3773;69.0;184.0;97.0;410.0;13.0
2025-04-26;NI;2806;-4520.970813472692;2806;19.0;169.0;37.0;193.0;1.0
2025-04-26;PK;6643;-34110.0106668612;6643;153.0;382.0;68.0;728.0;3.0
2025-04-26;RS;5257;-13335.928345667378;5257;13.0;77.0;51.0;369.0;4.0
2025-04-26;TW;332;-7.538175032045281;332;2.0;5.0;0.0;12.0;0.0
2025-04-26;UP;7189;-15376.894180741136;7189;6.0;83.0;48.0;369.0;2.0
2025-04-26;US;32811;-76641.86921456923;32811;197.0;2046.0;445.0;1724.0;13.0
2025-04-27;GM;771;-1243.9888482025558;771;2.0;31.0;8.0;27.0;0.0
2025-04-27;IS;4508;-20707.56996866314;4508;112.0;161.0;150.0;640.0;21.0
2025-04-27;NI;2796;-4615.827732217725;2796;11.0;161.0;61.0;189.0;4.0
2025-04-27;PK;5262;-26552.146612772085;5262;103.0;283.0;88.0;612.0;4.0
2025-04-27;RS;3915;-10556.573353779242;3915;9.0;55.0;91.0;436.0;0.0
2025-04-27;TW;418;-380.4814194476047;418;9.0;9.0;0.0;9.0;0.0
2025-04-27;UP;4071;-10483.109705771683;4071;14.0;46.0;81.0;397.0;2.0
2025-04-27;US;22059;-46812.16281294411;22059;180.0;1174.0;291.0;1421.0;9.0
2025-04-28;GM;1708;-1334.3070212434966;1708;6.0;52.0;17.0;52.0;1.0
2025-04-28;IS;5853;-24585.613252434818;5853;74.0;242.0;159.0;550.0;18.0
2025-04-28;NI;3469;-3983.135921075295;3469;17.0;158.0;27.0;140.0;2.0
2025-04-28;PK;5726;-25428.83295865389;5726;134.0;285.0;76.0;612.0;14.0
2025-04-28;RS;6538;-16152.44680415848;6538;19.0;131.0;96.0;562.0;3.0
2025-04-28;TW;359;-266.57760329806075;359;4.0;7.0;3.0;13.0;0.0
2025-04-28;UP;5640;-15286.580504497291;5640;25.0;95.0;86.0;522.0;2.0
2025-04-28;US;41419;-90751.73581123244;41419;359.0;2396.0;627.0;2624.0;19.0
2025-04-29;GM;1533;-2464.4732947402413;1533;7.0;73.0;12.0;79.0;0.0
2025-04-29;IS;6082;-26464.49931071772;6082;80.0;368.0;156.0;627.0;24.0
2025-04-29;NI;3920;-4423.48913340008;3920;21.0;248.0;56.0;222.0;1.0
2025-04-29;PK;5654;-23623.985356908128;5654;81.0;229.0;86.0;658.0;4.0
2025-04-29;RS;4566;-13643.421112871409;4566;6.0;155.0;68.0;418.0;4.0
2025-04-29;TW;493;-63.699225989918915;493;3.0;13.0;3.0;15.0;0.0
2025-04-29;UP;4035;-12056.670989752258;4035;7.0;103.0;62.0;287.0;0.0
2025-04-29;US;51318;-109284.08441905884;51318;438.0;3311.0;793.0;2845.0;17.0
2025-04-30;GM;1871;-2284.96902315984;1871;17.0;77.0;13.0;91.0;2.0
2025-04-30;IS;7183;-30960.1204107736;7183;131.0;555.0;217.0;791.0;11.0
2025-04-30;NI;3873;-4574.484495680869;3873;19.0;226.0;50.0;218.0;2.0
2025-04-30;PK;5733;-26426.184477237424;5733;64.0;282.0;48.0;574.0;10.0
2025-04-30;RS;5407;-14039.404745206277;5407;14.0;119.0;105.0;396.0;3.0
2025-04-30;TW;591;-262.75832452995917;591;8.0;24.0;1.0;15.0;0.0
2025-04-30;UP;4506;-10705.079644644546;4506;9.0;68.0;93.0;328.0;6.0
2025-04-30;US;54728;-108494.52067114114;54728;492.0;3326.0;874.0;2873.0;4.0
2025-05-01;GM;1285;-1187.084760152846;1285;20.0;62.0;19.0;52.0;0.0
2025-05-01;IS;5977;-26210.05634989952;5977;108.0;392.0;192.0;655.0;19.0
2025-05-01;NI;3176;-1969.548128014393;3176;23.0;105.0;38.0;119.0;0.0
2025-05-01;PK;5073;-24722.83630974027;5073;39.0;287.0;75.0;534.0;8.0
2025-05-01;RS;4377;-7278.145731942099;4377;15.0;111.0;74.0;362.0;0.0
2025-05-01;TW;477;-628.3874145702323;477;9.0;18.0;0.0;10.0;0.0
2025-05-01;UP;5457;-5067.7229467117195;5457;12.0;84.0;64.0;393.0;2.0
2025-05-01;US;54754;-108682.81389139482;54754;521.0;3583.0;897.0;2955.0;9.0
2025-05-02;GM;1643;-2781.6254536435863;1643;8.0;75.0;12.0;67.0;3.0
2025-05-02;IS;6322;-28715.16561310684;6322;115.0;331.0;172.0;847.0;31.0
2025-05-02;NI;3553;-4782.57136336694;3553;16.0;191.0;108.0;132.0;0.0
2025-05-02;PK;4743;-19814.469844253563;4743;41.0;208.0;38.0;419.0;3.0
2025-05-02;RS;3417;-7661.311836500048;3417;11.0;120.0;78.0;297.0;0.0
2025-05-02;TW;455;-660.1076644693001;455;10.0;11.0;9.0;16.0;1.0
2025-05-02;UP;3052;-5528.910646607471;3052;13.0;65.0;60.0;265.0;2.0
2025-05-02;US;50517;-109706.02660981427;50517;681.0;3341.0;841.0;2775.0;11.0
2025-05-03;GM;1086;-2413.417947349487;1086;12.0;52.0;22.0;51.0;0.0
2025-05-03;IS;4095;-19320.113036491184;4095;81.0;219.0;117.0;575.0;20.0
2025-05-03;NI;2657;-2993.311238245095;2657;10.0;96.0;45.0;139.0;0.0
2025-05-03;PK;4104;-17804.68177506343;4104;28.0;197.0;51.0;411.0;11.0
2025-05-03;RS;2681;-7255.24010991139;2681;13.0;84.0;58.0;336.0;0.0
2025-05-03;TW;416;111.4572764749693;416;4.0;9.0;1.0;4.0;0.0
2025-05-03;UP;2520;-6039.983829696291;2520;9.0;77.0;57.0;273.0;1.0
2025-05-03;US;29685;-62204.81957044505;29685;209.0;1887.0;564.0;1832.0;3.0
2025-05-04;GM;1016;-1962.7394088419423;1016;8.0;31.0;27.0;89.0;0.0
2025-05-04;IS;5511;-26347.40969885354;5511;94.0;229.0;170.0;970.0;18.0
2025-05-04;NI;3039;-4983.113617075092;3039;19.0;149.0;43.0;120.0;0.0
2025-05-04;PK;3858;-16771.370466584638;3858;35.0;227.0;59.0;326.0;5.0
2025-05-04;RS;2809;-6743.980411925674;2809;4.0;65.0;32.0;248.0;6.0
2025-05-04;TW;303;7.634512306599865;303;2.0;1.0;3.0;9.0;0.0
2025-05-04;UP;2387;-5205.802655071924;2387;5.0;50.0;28.0;266.0;7.0
2025-05-04;US;21263;-40728.89895764869;21263;169.0;1178.0;372.0;1365.0;6.0
2025-05-05;GM;1840;-1465.358514299228;1840;18.0;64.0;18.0;61.0;0.0
2025-05-05;IS;6768;-26148.732050967697;6768;121.0;269.0;156.0;892.0;22.0
2025-05-05;NI;3533;-7265.193573113236;3533;34.0;195.0;71.0;114.0;0.0
2025-05-05;PK;6050;-23304.708524018908;6050;52.0;219.0;40.0;497.0;3.0
2025-05-05;RS;4463;-11084.55151609507;4463;15.0;198.0;54.0;411.0;5.0
2025-05-05;TW;414;-178.23569446355802;414;2.0;7.0;0.0;11.0;0.0
2025-05-05;UP;3154;-6357.424197805076;3154;10.0;76.0;58.0;314.0;6.0
2025-05-05;US;40584;-77772.88942778965;40584;289.0;2401.0;557.0;2465.0;5.0
2025-05-06;GM;2757;-3589.286145850003;2757;21.0;70.0;24.0;103.0;0.0
2025-05-06;IS;7610;-33041.30796056997;7610;147.0;258.0;211.0;1068.0;24.0
2025-05-06;NI;3975;-6351.628135985066;3975;19.0;210.0;71.0;142.0;0.0
2025-05-06;PK;6351;-28910.113134810683;6351;26.0;189.0;87.0;1004.0;11.0
2025-05-06;RS;4888;-13448.786949593185;4888;9.0;166.0;105.0;505.0;1.0
2025-05-06;TW;451;-198.71330194494675;451;10.0;8.0;5.0;19.0;0.0
2025-05-06;UP;3602;-10426.689014270563;3602;3.0;72.0;83.0;465.0;1.0
2025-05-06;US;50803;-103498.91462553476;50803;289.0;3139.0;822.0;3207.0;9.0
2025-05-07;GM;3458;-6262.674031295508;3458;5.0;122.0;45.0;109.0;5.0
2025-05-07;IS;7851;-34202.391699202475;7851;137.0;334.0;223.0;1040.0;32.0
2025-05-07;NI;3778;-6020.525181633219;3778;19.0;204.0;42.0;140.0;0.0
2025-05-07;PK;16770;-91614.88973601436;16770;113.0;455.0;297.0;3861.0;32.0
2025-05-07;RS;5354;-12862.522855737472;5354;16.0;174.0;57.0;420.0;0.0
2025-05-07;TW;384;-569.2873491280579;384;2.0;14.0;0.0;9.0;0.0
2025-05-07;UP;3601;-8467.410238270131;3601;10.0;65.0;63.0;297.0;0.0
2025-05-07;US;53822;-117835.484717816;53822;300.0;3643.0;949.0;2928.0;4.0
2025-05-08;GM;3136;-4936.530765441952;3136;12.0;98.0;29.0;132.0;0.0
2025-05-08;IS;7384;-33135.37197549526;7384;259.0;516.0;199.0;1006.0;38.0
2025-05-08;NI;3912;-4025.7214448562336;3912;22.0;188.0;64.0;143.0;0.0
2025-05-08;PK;11555;-58700.26636517242;11555;62.0;300.0;198.0;2634.0;18.0
2025-05-08;RS;5566;-11745.799871807416;5566;19.0;134.0;68.0;620.0;1.0
2025-05-08;TW;589;-866.8044440911165;589;8.0;24.0;1.0;23.0;0.0
2025-05-08;UP;3702;-8826.96649211721;3702;7.0;50.0;65.0;468.0;2.0
2025-05-08;US;54913;-108760.44848884318;54913;425.0;3453.0;789.0;3393.0;5.0
2025-05-09;GM;2594;-2941.5036784768863;2594;24.0;88.0;32.0;97.0;2.0
2025-05-09;IS;6159;-23405.832216733972;6159;111.0;358.0;118.0;682.0;36.0
2025-05-09;NI;3884;-3947.5179108683246;3884;30.0;211.0;83.0;143.0;0.0
2025-05-09;PK;10594;-51379.711183149106;10594;76.0;275.0;142.0;2100.0;12.0
2025-05-09;RS;6404;-11761.668241759366;6404;37.0;193.0;85.0;405.0;3.0
2025-05-09;TW;535;372.43544325400853;535;2.0;14.0;1.0;27.0;0.0
2025-05-09;UP;4874;-11025.991421898612;4874;26.0;171.0;71.0;356.0;5.0
2025-05-09;US;54483;-93130.09805077968;54483;350.0;3357.0;727.0;2766.0;8.0
2025-05-10;GM;2313;-4115.242138384708;2313;5.0;47.0;23.0;87.0;1.0
2025-05-10;IS;3897;-14931.19458897256;3897;73.0;204.0;69.0;375.0;34.0
2025-05-10;NI;2828;-2463.3268047314427;2828;16.0;168.0;81.0;99.0;0.0
2025-05-10;PK;12854;-54369.03903366923;12854;71.0;224.0;120.0;2180.0;12.0
2025-05-10;RS;5147;-5776.792676716501;5147;2.0;92.0;23.0;309.0;1.0
2025-05-10;TW;253;-173.56068133195123;253;3.0;2.0;2.0;6.0;0.0
2025-05-10;UP;5366;-9963.613187279738;5366;0.0;86.0;23.0;255.0;0.0
2025-05-10;US;31440;-62887.46252215483;31440;272.0;2060.0;529.0;1685.0;15.0
2025-05-11;GM;1607;-3514.174610829577;1607;10.0;57.0;5.0;52.0;1.0
2025-05-11;IS;6050;-18128.229151050225;6050;54.0;202.0;124.0;426.0;20.0
2025-05-11;NI;3006;-3457.47669364266;3006;15.0;204.0;40.0;111.0;1.0
2025-05-11;PK;8186;-28809.00741899343;8186;68.0;138.0;61.0;1274.0;5.0
2025-05-11;RS;5025;-9512.605734353843;5025;15.0;77.0;53.0;317.0;0.0
2025-05-11;TW;294;-37.484092525102426;294;1.0;1.0;1.0;9.0;0.0
2025-05-11;UP;5480;-10697.766112421494;5480;9.0;75.0;37.0;255.0;0.0
2025-05-11;US;22901;-34494.145076497276;22901;148.0;996.0;273.0;1194.0;3.0
2025-05-12;GM;2559;-4417.577846085856;2559;17.0;85.0;9.0;58.0;0.0
2025-05-12;IS;11045;-35075.00756527086;11045;86.0;344.0;378.0;618.0;27.0
2025-05-12;NI;3985;-5637.610400140617;3985;29.0;187.0;76.0;195.0;0.0
2025-05-12;PK;8510;-31861.71756327329;8510;33.0;178.0;72.0;1237.0;5.0
2025-05-12;RS;6511;-14195.460633260043;6511;15.0;246.0;109.0;290.0;0.0
2025-05-12;TW;488;-200.2092305115223;488;7.0;12.0;1.0;15.0;0.0
2025-05-12;UP;5376;-11202.075026446862;5376;6.0;85.0;81.0;253.0;0.0
2025-05-12;US;44930;-78749.3934335867;44930;260.0;2317.0;785.0;2354.0;11.0
2025-05-13;GM;2511;-4535.178375026183;2511;16.0;126.0;13.0;117.0;1.0
2025-05-13;IS;9032;-31129.08985054406;9032;120.0;351.0;257.0;655.0;38.0
2025-05-13;NI;3773;-6161.278968040399;3773;23.0;252.0;96.0;176.0;0.0
2025-05-13;PK;7328;-28178.60986862961;7328;24.0;196.0;110.0;1046.0;0.0
2025-05-13;RS;5623;-13142.34999401842;5623;4.0;221.0;66.0;350.0;0.0
2025-05-13;TW;591;-479.0117888444737;591;3.0;21.0;2.0;35.0;0.0
2025-05-13;UP;5076;-10406.048803889616;5076;7.0;122.0;44.0;333.0;0.0
2025-05-13;US;51854;-99056.58254257994;51854;302.0;2951.0;808.0;2803.0;12.0
2025-05-14;GM;2200;-3855.409415322847;2200;17.0;168.0;26.0;85.0;1.0
2025-05-14;IS;8567;-30253.33979064536;8567;93.0;257.0;205.0;896.0;32.0
2025-05-14;NI;3899;-3726.113289364696;3899;24.0;163.0;69.0;226.0;0.0
2025-05-14;PK;6353;-17823.9472127609;6353;28.0;290.0;96.0;675.0;4.0
2025-05-14;RS;5867;-12777.44782588772;5867;36.0;227.0;51.0;289.0;1.0
2025-05-14;TW;475;-301.575517422733;475;2.0;18.0;2.0;12.0;0.0
2025-05-14;UP;4546;-8905.454872840492;4546;29.0;120.0;31.0;302.0;0.0
2025-05-14;US;53912;-107684.2898232505;53912;271.0;3455.0;885.0;2876.0;7.0
2025-05-15;GM;2181;-2761.443702437969;2181;12.0;83.0;37.0;72.0;0.0
2025-05-15;IS;7815;-30478.34556105039;7815;112.0;357.0;212.0;909.0;51.0
2025-05-15;NI;3544;-6025.789988864619;3544;30.0;201.0;53.0;159.0;1.0
2025-05-15;PK;6428;-20061.92653207727;6428;62.0;197.0;84.0;739.0;0.0
2025-05-15;RS;8024;-14317.353819871694;8024;46.0;203.0;27.0;280.0;0.0
2025-05-15;TW;512;-630.1926839320173;512;7.0;7.0;5.0;12.0;0.0
2025-05-15;UP;6869;-8867.14481453784;6869;24.0;99.0;22.0;232.0;0.0
2025-05-15;US;53171;-105584.839233663;53171;281.0;3337.0;749.0;2795.0;11.0
2025-05-16;GM;2355;-2984.162304753203;2355;15.0;77.0;22.0;100.0;1.0
2025-05-16;IS;6716;-26479.75914146422;6716;106.0;245.0;169.0;756.0;51.0
2025-05-16;NI;3671;-4395.121407123205;3671;27.0;232.0;79.0;199.0;0.0
2025-05-16;PK;5667;-14089.277647448234;5667;41.0;174.0;38.0;529.0;5.0
2025-05-16;RS;7882;-15703.195721540946;7882;13.0;191.0;65.0;299.0;3.0
2025-05-16;TW;623;-375.6656696315975;623;3.0;10.0;1.0;7.0;0.0
2025-05-16;UP;7506;-13113.62207871742;7506;22.0;118.0;54.0;237.0;1.0
2025-05-16;US;48470;-101401.3512129114;48470;290.0;3112.0;764.0;2716.0;10.0
2025-05-17;GM;1242;-2143.335145709478;1242;10.0;29.0;19.0;39.0;0.0
2025-05-17;IS;5641;-25384.576214337703;5641;78.0;155.0;161.0;689.0;54.0
2025-05-17;NI;2702;-2601.1984868843447;2702;15.0;114.0;34.0;164.0;2.0
2025-05-17;PK;5110;-13571.3758600722;5110;31.0;283.0;37.0;492.0;0.0
2025-05-17;RS;5510;-16592.500790826984;5510;10.0;115.0;83.0;253.0;2.0
2025-05-17;TW;310;12.258108937242266;310;4.0;16.0;1.0;2.0;0.0
2025-05-17;UP;5159;-14835.141780880713;5159;9.0;96.0;62.0;229.0;3.0
2025-05-17;US;28337;-62738.19537364321;28337;143.0;1554.0;479.0;1783.0;14.0
2025-05-18;GM;1345;-1918.0087448264212;1345;11.0;33.0;5.0;45.0;0.0
2025-05-18;IS;6328;-27980.193280175692;6328;122.0;159.0;155.0;907.0;46.0
2025-05-18;NI;3120;-3856.447798404187;3120;8.0;167.0;65.0;211.0;1.0
2025-05-18;PK;4518;-14003.521735241451;4518;13.0;229.0;26.0;542.0;7.0
2025-05-18;RS;3733;-10388.842095993516;3733;11.0;85.0;42.0;305.0;0.0
2025-05-18;TW;362;8.76092034819926;362;7.0;6.0;3.0;13.0;0.0
2025-05-18;UP;4682;-9276.457339914748;4682;13.0;44.0;33.0;408.0;1.0
2025-05-18;US;22840;-40786.31370176425;22840;128.0;1054.0;326.0;1735.0;3.0
2025-05-19;GM;1734;-2456.2644971314808;1734;10.0;56.0;15.0;66.0;2.0
2025-05-19;IS;7823;-31309.2080011778;7823;124.0;255.0;223.0;800.0;48.0
2025-05-19;NI;4204;-5128.708960378922;4204;20.0;214.0;109.0;254.0;2.0
2025-05-19;PK;5863;-20225.80615278448;5863;36.0;380.0;104.0;664.0;3.0
2025-05-19;RS;6933;-15385.047518814024;6933;30.0;194.0;49.0;267.0;1.0
2025-05-19;TW;794;200.9868657431986;794;1.0;36.0;2.0;26.0;0.0
2025-05-19;UP;6446;-13301.614279590704;6446;23.0;91.0;39.0;288.0;1.0
2025-05-19;US;39845;-75663.87180179673;39845;186.0;2091.0;554.0;2360.0;3.0
2025-05-20;GM;1651;-1523.3940109622545;1651;13.0;64.0;21.0;54.0;0.0
2025-05-20;IS;9612;-40078.4455367603;9612;108.0;244.0;182.0;832.0;51.0
2025-05-20;NI;3594;-4872.8809495864;3594;38.0;209.0;92.0;199.0;0.0
2025-05-20;PK;5612;-14946.364893088512;5612;44.0;292.0;48.0;552.0;2.0
2025-05-20;RS;5956;-13982.804064675916;5956;21.0;170.0;56.0;225.0;8.0
2025-05-20;TW;841;-307.26014203886905;841;11.0;22.0;4.0;11.0;0.0
2025-05-20;UP;4790;-10152.680692949189;4790;9.0;84.0;61.0;169.0;0.0
2025-05-20;US;51063;-108873.5564821902;51063;319.0;3260.0;1006.0;2703.0;22.0
2025-05-21;GM;1755;-2678.3445918667476;1755;17.0;72.0;19.0;76.0;0.0
2025-05-21;IS;10592;-41438.03213607819;10592;133.0;315.0;194.0;1187.0;34.0
2025-05-21;NI;4182;-4174.55534843173;4182;36.0;188.0;66.0;172.0;1.0
2025-05-21;PK;5775;-18971.25810402965;5775;52.0;224.0;184.0;607.0;10.0
2025-05-21;RS;5615;-16741.988742642283;5615;18.0;220.0;69.0;596.0;0.0
2025-05-21;TW;750;-317.6151133849709;750;2.0;20.0;2.0;15.0;0.0
2025-05-21;UP;4429;-15546.308853094351;4429;1.0;139.0;97.0;731.0;0.0
2025-05-21;US;52863;-109719.79180094357;52863;289.0;3260.0;786.0;2877.0;17.0
2025-05-22;GM;2125;-3470.827301804962;2125;8.0;66.0;12.0;153.0;1.0
2025-05-22;IS;13935;-63923.59602703472;13935;213.0;622.0;311.0;2615.0;41.0
2025-05-22;NI;4344;-3663.5233999382335;4344;36.0;172.0;81.0;239.0;1.0
2025-05-22;PK;5585;-20017.518189675236;5585;26.0;176.0;109.0;556.0;0.0
2025-05-22;RS;4618;-14629.755551591408;4618;17.0;156.0;108.0;417.0;7.0
2025-05-22;TW;555;-277.36829353149454;555;7.0;18.0;0.0;6.0;0.0
2025-05-22;UP;3195;-9365.879741317543;3195;10.0;57.0;86.0;350.0;0.0
2025-05-22;US;55194;-127783.0170164682;55194;379.0;3432.0;832.0;4467.0;14.0
2025-05-23;GM;2317;-3993.378848209704;2317;16.0;76.0;36.0;119.0;0.0
2025-05-23;IS;10820;-51841.181863573394;10820;223.0;492.0;245.0;1697.0;29.0
2025-05-23;NI;3759;-5224.118159770896;3759;24.0;251.0;73.0;166.0;0.0
2025-05-23;PK;4840;-14971.276570016356;4840;23.0;159.0;75.0;428.0;3.0
2025-05-23;RS;4638;-12082.919368638288;4638;10.0;199.0;67.0;391.0;4.0
2025-05-23;TW;469;-83.77299556788681;469;7.0;16.0;2.0;16.0;0.0
2025-05-23;UP;3549;-9067.903882874354;3549;3.0;123.0;55.0;346.0;0.0
2025-05-23;US;51001;-118114.73608969364;51001;388.0;3440.0;771.0;3526.0;3.0
2025-05-24;GM;1341;-3853.930087268731;1341;19.0;52.0;26.0;76.0;1.0
2025-05-24;IS;4673;-21811.69867890441;4673;153.0;205.0;132.0;696.0;20.0
2025-05-24;NI;2812;-2795.9542329955666;2812;9.0;144.0;63.0;184.0;0.0
2025-05-24;PK;4042;-13362.945905174802;4042;19.0;146.0;82.0;361.0;0.0
2025-05-24;RS;3302;-10823.965389192505;3302;15.0;79.0;92.0;385.0;5.0
2025-05-24;TW;332;-373.54704113127593;332;3.0;4.0;4.0;12.0;0.0
2025-05-24;UP;2769;-10410.35790905338;2769;3.0;64.0;72.0;356.0;1.0
2025-05-24;US;28517;-63567.73270294874;28517;248.0;1799.0;421.0;2014.0;10.0
2025-05-25;GM;1097;-3378.2015312917065;1097;13.0;68.0;21.0;41.0;0.0
2025-05-25;IS;4943;-24960.61492202834;4943;82.0;250.0;142.0;762.0;32.0
2025-05-25;NI;2551;-2053.679572076848;2551;7.0;98.0;21.0;125.0;0.0
2025-05-25;PK;3376;-9291.809029058437;3376;26.0;110.0;77.0;366.0;0.0
2025-05-25;RS;3138;-14235.717464562244;3138;14.0;87.0;76.0;525.0;2.0
2025-05-25;TW;254;-323.1235621743948;254;4.0;4.0;0.0;20.0;0.0
2025-05-25;UP;2649;-12637.318472457462;2649;1.0;60.0;71.0;493.0;0.0
2025-05-25;US;20859;-48953.62468116807;20859;191.0;1210.0;285.0;1710.0;11.0
2025-05-26;GM;2361;-7032.692850268588;2361;8.0;101.0;13.0;128.0;0.0
2025-05-26;IS;7355;-33270.32822583111;7355;109.0;376.0;229.0;901.0;30.0
2025-05-26;NI;4054;-6894.235397691213;4054;31.0;212.0;113.0;255.0;3.0
2025-05-26;PK;4578;-9903.3267401646;4578;31.0;218.0;43.0;387.0;0.0
2025-05-26;RS;5538;-22276.65455592456;5538;6.0;168.0;117.0;687.0;0.0
2025-05-26;TW;512;-7.421323614854901;512;1.0;8.0;0.0;25.0;0.0
2025-05-26;UP;4483;-20405.11536425653;4483;6.0;111.0;108.0;657.0;0.0
2025-05-26;US;26160;-53258.93394919674;26160;192.0;1368.0;388.0;1961.0;3.0
2025-05-27;GM;2441;-6615.382540983967;2441;4.0;90.0;37.0;160.0;2.0
2025-05-27;IS;7464;-29639.11269871569;7464;112.0;294.0;216.0;828.0;47.0
2025-05-27;NI;3660;-6611.534716057675;3660;36.0;214.0;69.0;238.0;0.0
2025-05-27;PK;4230;-9378.311217566335;4230;30.0;126.0;44.0;361.0;0.0
2025-05-27;RS;5910;-21119.29970522489;5910;27.0;187.0;141.0;581.0;1.0
2025-05-27;TW;549;47.42287596791187;549;2.0;11.0;1.0;27.0;0.0
2025-05-27;UP;4788;-19700.367861206687;4788;12.0;136.0;122.0;614.0;0.0
2025-05-27;US;41033;-77642.26224679442;41033;273.0;2550.0;683.0;2737.0;15.0
2025-05-28;GM;3114;-5973.902110397536;3114;7.0;88.0;20.0;116.0;3.0
2025-05-28;IS;8760;-35468.2379977001;8760;136.0;379.0;320.0;970.0;55.0
2025-05-28;NI;3799;-5034.155900312529;3799;7.0;214.0;59.0;217.0;2.0
2025-05-28;PK;3966;-7895.09586996216;3966;26.0;106.0;29.0;348.0;2.0
2025-05-28;RS;6341;-19801.11017864486;6341;30.0;149.0;103.0;530.0;3.0
2025-05-28;TW;595;-100.12906589760468;595;0.0;9.0;1.0;13.0;0.0
2025-05-28;UP;5575;-16392.48447630876;5575;23.0;95.0;88.0;485.0;0.0
2025-05-28;US;47870;-103580.29749462852;47870;309.0;3409.0;760.0;2856.0;15.0
2025-05-29;GM;2428;-3271.549422848091;2428;13.0;85.0;12.0;82.0;6.0
2025-05-29;IS;8927;-40311.32625135892;8927;162.0;435.0;276.0;1055.0;54.0
2025-05-29;NI;3404;-3682.5467326836106;3404;26.0;189.0;45.0;195.0;0.0
2025-05-29;PK;4608;-11601.67437348993;4608;23.0;149.0;48.0;455.0;5.0
2025-05-29;RS;5244;-14177.346069170171;5244;4.0;135.0;129.0;374.0;0.0
2025-05-29;TW;570;-780.3418961743669;570;5.0;14.0;5.0;25.0;0.0
2025-05-29;UP;3952;-10771.59177749739;3952;8.0;89.0;89.0;304.0;0.0
2025-05-29;US;50741;-110578.87584914092;50741;324.0;3496.0;725.0;2901.0;9.0
2025-05-30;GM;1662;-2346.841372191924;1662;10.0;70.0;18.0;80.0;0.0
2025-05-30;IS;6943;-29631.696111799705;6943;134.0;351.0;121.0;688.0;17.0
2025-05-30;NI;3864;-4883.683207732192;3864;10.0;184.0;82.0;228.0;0.0
2025-05-30;PK;5292;-12742.845416222914;5292;56.0;190.0;57.0;441.0;1.0
2025-05-30;RS;4611;-10875.72136184964;4611;18.0;133.0;66.0;327.0;2.0
2025-05-30;TW;515;-642.4350624090044;515;3.0;25.0;0.0;17.0;0.0
2025-05-30;UP;3667;-8490.309264821346;3667;11.0;67.0;55.0;283.0;2.0
2025-05-30;US;48169;-101214.53459712992;48169;300.0;3207.0;727.0;2646.0;15.0
2025-05-31;GM;1144;-2322.313024072887;1144;1.0;35.0;5.0;53.0;0.0
2025-05-31;IS;5277;-23630.683098537113;5277;88.0;190.0;150.0;630.0;14.0
2025-05-31;NI;2442;-3707.7787231468537;2442;13.0;99.0;20.0;96.0;0.0
2025-05-31;PK;4021;-10879.683214558014;4021;45.0;147.0;37.0;425.0;4.0
2025-05-31;RS;2732;-8291.875400122042;2732;9.0;78.0;66.0;302.0;0.0
2025-05-31;TW;469;-972.785973583742;469;2.0;1.0;0.0;19.0;0.0
2025-05-31;UP;2454;-7416.153736064916;2454;4.0;50.0;68.0;288.0;0.0
2025-05-31;US;27960;-59087.446524745246;27960;187.0;1781.0;401.0;1680.0;9.0
2025-06-01;GM;829;-1497.2260748222634;829;7.0;27.0;19.0;61.0;0.0
2025-06-01;IS;4881;-21606.920285962507;4881;85.0;131.0;145.0;616.0;34.0
2025-06-01;NI;2573;-3547.3082677558273;2573;15.0;95.0;19.0;155.0;2.0
2025-06-01;PK;3215;-11699.167692225134;3215;34.0;147.0;56.0;363.0;1.0
2025-06-01;RS;4174;-17865.77154824759;4174;7.0;93.0;142.0;688.0;0.0
2025-06-01;TW;378;-1067.628291529156;378;0.0;8.0;3.0;17.0;0.0
2025-06-01;UP;3500;-15402.932885568642;3500;5.0;68.0;120.0;595.0;0.0
2025-06-01;US;20213;-39111.85461149616;20213;134.0;1093.0;263.0;1396.0;8.0
2025-06-02;GM;2261;-4593.532471682541;2261;22.0;84.0;39.0;88.0;0.0
2025-06-02;IS;7301;-40235.07979129504;7301;176.0;443.0;344.0;968.0;16.0
2025-06-02;NI;3558;-5415.804472122705;3558;27.0;127.0;42.0;262.0;0.0
2025-06-02;PK;2962;-7607.40241999818;2962;34.0;122.0;47.0;234.0;1.0
2025-06-02;RS;7416;-25811.645727449;7416;46.0;155.0;149.0;990.0;0.0
2025-06-02;TW;390;-464.2049432729712;390;0.0;13.0;2.0;16.0;0.0
2025-06-02;UP;7170;-24172.33215911411;7170;43.0;134.0;170.0;883.0;0.0
2025-06-02;US;41780;-108884.99190404656;41780;367.0;2855.0;918.0;3053.0;11.0
2025-06-03;GM;2277;-5261.566250106213;2277;3.0;114.0;37.0;77.0;0.0
2025-06-03;IS;6755;-31844.47643453151;6755;85.0;419.0;285.0;837.0;27.0
2025-06-03;NI;3990;-7161.583541737776;3990;36.0;186.0;93.0;251.0;0.0
2025-06-03;PK;4569;-16717.270304315218;4569;32.0;289.0;77.0;540.0;2.0
2025-06-03;RS;5850;-19854.944218823024;5850;26.0;144.0;144.0;682.0;1.0
2025-06-03;TW;436;-218.08477097743224;436;9.0;21.0;4.0;13.0;0.0
2025-06-03;UP;5553;-18018.98723142727;5553;20.0;125.0;156.0;641.0;0.0
2025-06-03;US;48246;-120046.19733207944;48246;307.0;3229.0;964.0;3195.0;12.0
2025-06-04;GM;2139;-4328.807926400302;2139;13.0;133.0;37.0;60.0;0.0
2025-06-04;IS;7203;-29946.504923306613;7203;124.0;301.0;266.0;792.0;31.0
2025-06-04;NI;3989;-7737.898657965165;3989;18.0;170.0;59.0;201.0;3.0
2025-06-04;PK;4679;-14924.688864642792;4679;36.0;215.0;60.0;496.0;1.0
2025-06-04;RS;5711;-18008.653096920796;5711;29.0;157.0;111.0;512.0;1.0
2025-06-04;TW;494;-539.7224958236034;494;8.0;26.0;0.0;15.0;2.0
2025-06-04;UP;5376;-16014.397217710448;5376;29.0;81.0;121.0;502.0;1.0
2025-06-04;US;50828;-118813.4109085838;50828;328.0;3200.0;896.0;2987.0;8.0
2025-06-05;GM;3434;-6419.678325682499;3434;11.0;97.0;47.0;120.0;0.0
2025-06-05;IS;8502;-35692.889716725615;8502;132.0;338.0;295.0;853.0;29.0
2025-06-05;NI;4268;-6003.4906900421765;4268;47.0;215.0;102.0;235.0;0.0
2025-06-05;PK;3692;-9415.946713480856;3692;18.0;151.0;37.0;266.0;0.0
2025-06-05;RS;5182;-14623.82747064542;5182;17.0;145.0;96.0;537.0;2.0
2025-06-05;TW;533;-456.9765510106823;533;0.0;25.0;2.0;11.0;0.0
2025-06-05;UP;4407;-13037.355173087171;4407;16.0;72.0;112.0;569.0;1.0
2025-06-05;US;53695;-125802.60005346916;53695;249.0;4198.0;902.0;2980.0;5.0
2025-06-06;GM;2570;-5261.290625578695;2570;9.0;82.0;40.0;140.0;0.0
2025-06-06;IS;6752;-31803.931578606484;6752;122.0;352.0;194.0;726.0;28.0
2025-06-06;NI;3406;1771.1015770795136;3406;20.0;128.0;56.0;203.0;0.0
2025-06-06;PK;3195;-7655.478710349155;3195;33.0;125.0;15.0;261.0;0.0
2025-06-06;RS;4083;-15292.303324965986;4083;16.0;125.0;104.0;630.0;2.0
2025-06-06;TW;550;-270.3679089885091;550;4.0;18.0;0.0;5.0;0.0
2025-06-06;UP;3486;-13763.647064680496;3486;11.0;82.0;108.0;631.0;2.0
2025-06-06;US;50794;-121252.46090046527;50794;249.0;3819.0;760.0;3015.0;9.0
2025-06-07;GM;1488;-3129.9854668808707;1488;5.0;56.0;14.0;59.0;0.0
2025-06-07;IS;5201;-25858.5210937127;5201;100.0;210.0;291.0;688.0;35.0
2025-06-07;NI;2310;208.47829307676085;2310;19.0;31.0;24.0;94.0;0.0
2025-06-07;PK;2582;-6834.367046419568;2582;16.0;152.0;39.0;224.0;0.0
2025-06-07;RS;2707;-12342.933801338882;2707;5.0;43.0;82.0;500.0;3.0
2025-06-07;TW;351;-96.72267907934702;351;0.0;9.0;0.0;8.0;0.0
2025-06-07;UP;2359;-11503.623251098255;2359;7.0;23.0;83.0;515.0;1.0
2025-06-07;US;29742;-76406.66476308256;29742;245.0;2306.0;508.0;1876.0;0.0
2025-06-08;GM;879;-1675.0059236570282;879;5.0;29.0;12.0;44.0;0.0
2025-06-08;IS;5504;-22658.1966946444;5504;86.0;225.0;216.0;744.0;25.0
2025-06-08;NI;2618;-35.409767723877756;2618;13.0;111.0;36.0;94.0;1.0
2025-06-08;PK;1536;-3382.9564370691364;1536;23.0;52.0;22.0;170.0;0.0
2025-06-08;RS;2704;-10782.81545952414;2704;3.0;73.0;50.0;387.0;0.0
2025-06-08;TW;240;-188.91012187910368;240;1.0;7.0;1.0;6.0;0.0
2025-06-08;UP;2323;-9357.241082126984;2323;5.0;55.0;43.0;416.0;2.0
2025-06-08;US;23379;-69407.69287808385;23379;474.0;1511.0;462.0;1686.0;0.0
2025-06-09;GM;1540;-2461.7589470506005;1540;9.0;45.0;35.0;59.0;0.0
2025-06-09;IS;7412;-25707.0426478779;7412;142.0;413.0;277.0;650.0;36.0
2025-06-09;NI;3478;-2621.7018746156796;3478;23.0;149.0;68.0;157.0;2.0
2025-06-09;PK;1587;-4797.031632343549;1587;27.0;79.0;30.0;146.0;0.0
2025-06-09;RS;3360;-11409.593338893186;3360;20.0;109.0;62.0;499.0;0.0
2025-06-09;TW;372;-350.2507337943902;372;1.0;19.0;0.0;6.0;0.0
2025-06-09;UP;2683;-10309.110599818045;2683;8.0;50.0;62.0;496.0;3.0
2025-06-09;US;43688;-130585.33921057334;43688;1031.0;3124.0;737.0;2892.0;13.0
2025-06-10;GM;1769;-2979.114562183641;1769;13.0;50.0;26.0;88.0;0.0
2025-06-10;IS;9907;-43574.35659966385;9907;154.0;687.0;239.0;901.0;22.0
2025-06-10;NI;3951;-2757.24447472229;3951;35.0;157.0;49.0;215.0;4.0
2025-06-10;PK;2359;-6527.747121919215;2359;12.0;96.0;36.0;229.0;1.0
2025-06-10;RS;3699;-14632.151241728192;3699;20.0;123.0;75.0;527.0;2.0
2025-06-10;TW;419;-456.5994667310053;419;3.0;20.0;3.0;12.0;0.0
2025-06-10;UP;2552;-11138.565048813189;2552;11.0;57.0;77.0;474.0;0.0
2025-06-10;US;53273;-153007.1663981282;53273;1282.0;3893.0;849.0;3335.0;7.0
2025-06-11;GM;1637;-2189.46084349545;1637;8.0;66.0;27.0;83.0;3.0
2025-06-11;IS;8842;-41747.37370539773;8842;153.0;517.0;195.0;790.0;24.0
2025-06-11;NI;3311;-3242.9766813333213;3311;28.0;163.0;50.0;163.0;0.0
2025-06-11;PK;2650;-7539.070432560556;2650;22.0;134.0;42.0;217.0;2.0
2025-06-11;RS;4089;-14116.572483998209;4089;17.0;155.0;106.0;465.0;4.0
2025-06-11;TW;508;-505.1282898025231;508;2.0;22.0;3.0;12.0;0.0
2025-06-11;UP;3198;-10297.349283063562;3198;4.0;53.0;97.0;436.0;3.0
2025-06-11;US;58352;-164050.0083261828;58352;1492.0;4285.0;1086.0;3444.0;3.0
2025-06-12;GM;1702;-2423.355035818942;1702;11.0;57.0;15.0;71.0;0.0
2025-06-12;IS;8042;-34620.42911376524;8042;218.0;556.0;216.0;734.0;21.0
2025-06-12;NI;3836;-3405.8672845499873;3836;59.0;112.0;27.0;169.0;0.0
2025-06-12;PK;2268;-5703.937559146582;2268;36.0;132.0;24.0;203.0;0.0
2025-06-12;RS;3419;-10345.081752667413;3419;35.0;132.0;98.0;401.0;5.0
2025-06-12;TW;535;-734.0984927242566;535;6.0;47.0;3.0;9.0;0.0
2025-06-12;UP;3072;-9439.821973143276;3072;9.0;66.0;118.0;410.0;3.0
2025-06-12;US;52208;-141260.04327277545;52208;1403.0;3635.0;919.0;2971.0;11.0
2025-06-13;GM;1892;-3687.1700090115546;1892;31.0;65.0;8.0;59.0;2.0
2025-06-13;IS;19732;-90172.33869908376;19732;200.0;545.0;455.0;3041.0;42.0
2025-06-13;NI;3200;-2868.49150179945;3200;38.0;175.0;42.0;129.0;2.0
2025-06-13;PK;1654;-4813.710866562496;1654;17.0;92.0;28.0;125.0;1.0
2025-06-13;RS;3449;-11229.825057490292;3449;31.0;107.0;60.0;377.0;4.0
2025-06-13;TW;456;-618.8529662265977;456;5.0;30.0;2.0;23.0;0.0
2025-06-13;UP;2213;-6258.4447562823725;2213;2.0;41.0;52.0;298.0;0.0
2025-06-13;US;54000;-144740.15946250543;54000;1441.0;3289.0;824.0;3224.0;4.0
2025-06-14;GM;814;-1136.3041610934663;814;3.0;15.0;6.0;37.0;0.0
2025-06-14;IS;11842;-55341.265938893586;11842;110.0;256.0;352.0;2222.0;16.0
2025-06-14;NI;1742;-2163.953760567542;1742;16.0;95.0;17.0;126.0;0.0
2025-06-14;PK;1523;-4882.601679421327;1523;14.0;42.0;28.0;114.0;0.0
2025-06-14;RS;1947;-7127.908220297993;1947;14.0;42.0;42.0;207.0;0.0
2025-06-14;TW;186;13.073873541714278;186;4.0;1.0;2.0;9.0;0.0
2025-06-14;UP;1182;-4173.836872201588;1182;0.0;21.0;31.0;151.0;0.0
2025-06-14;US;27104;-71728.4594712981;27104;969.0;1554.0;378.0;1882.0;1.0
2025-06-15;GM;46;-100.01411153748604;46;0.0;5.0;1.0;0.0;0.0
2025-06-15;IS;143;-555.8796735731116;143;9.0;16.0;14.0;10.0;3.0
2025-06-15;NI;15;-66.89498244356855;15;0.0;0.0;2.0;3.0;0.0
2025-06-15;PK;14;-2.656706339551046;14;0.0;0.0;0.0;1.0;0.0
2025-06-15;RS;90;-245.51065878514743;90;0.0;3.0;0.0;11.0;0.0
2025-06-15;TW;34;46.73662432130026;34;0.0;0.0;0.0;0.0;0.0
2025-06-15;UP;94;-293.54601678871006;94;0.0;10.0;1.0;10.0;0.0
2025-06-15;US;657;-1464.504420847286;657;5.0;46.0;14.0;33.0;0.0
2025-06-16;GM;33;-19.0999135549873;33;1.0;1.0;0.0;0.0;0.0
2025-06-16;IS;139;-579.8447058639398;139;4.0;11.0;11.0;23.0;0.0
2025-06-16;NI;33;-162.30372800062295;33;0.0;0.0;0.0;9.0;0.0
2025-06-16;PK;18;6.522276205254882;18;1.0;1.0;0.0;2.0;0.0
2025-06-16;RS;75;-171.02564031161785;75;0.0;9.0;6.0;6.0;0.0
2025-06-16;TW;8;18.83630457470494;8;0.0;0.0;0.0;0.0;0.0
2025-06-16;UP;59;-75.6212566890643;59;0.0;5.0;3.0;6.0;0.0
2025-06-16;US;771;-1575.1219064509764;771;5.0;72.0;17.0;58.0;0.0
2025-06-17;GM;28;-53.21227832231405;28;0.0;0.0;0.0;0.0;0.0
2025-06-17;IS;145;-803.8950178263551;145;0.0;16.0;2.0;6.0;0.0
2025-06-17;NI;19;-94.40494739244784;19;0.0;0.0;3.0;3.0;0.0
2025-06-17;PK;58;-72.07689122734514;58;1.0;5.0;0.0;4.0;0.0
2025-06-17;RS;74;-127.93895935318888;74;0.0;3.0;1.0;3.0;0.0
2025-06-17;TW;6;-1.67550547067104;6;0.0;0.0;0.0;0.0;0.0
2025-06-17;UP;84;-173.91543211543802;84;0.0;4.0;0.0;4.0;0.0
2025-06-17;US;778;-1879.847673812676;778;8.0;97.0;12.0;27.0;0.0
2025-06-18;GM;77;-91.94398100107598;77;0.0;3.0;0.0;0.0;0.0
2025-06-18;IS;103;-490.1583884825388;103;3.0;9.0;3.0;19.0;0.0
2025-06-18;NI;8;-1.7707711318027748;8;0.0;0.0;1.0;0.0;0.0
2025-06-18;PK;81;-45.06370149888818;81;0.0;0.0;0.0;7.0;0.0
2025-06-18;RS;83;-113.70927373458936;83;0.0;5.0;0.0;4.0;0.0
2025-06-18;TW;6;9.50346215332448;6;0.0;0.0;0.0;0.0;0.0
2025-06-18;UP;20;-37.02650227409101;20;0.0;1.0;0.0;0.0;0.0
2025-06-18;US;863;-1823.4174408272725;863;4.0;57.0;6.0;44.0;0.0
2025-06-19;GM;20;33.28034108499596;20;0.0;0.0;0.0;2.0;0.0
2025-06-19;IS;96;-433.55732833103053;96;0.0;3.0;0.0;22.0;0.0
2025-06-19;NI;21;-103.2353019596624;21;0.0;0.0;1.0;7.0;0.0
2025-06-19;PK;35;100.5794776487017;35;0.0;0.0;0.0;0.0;0.0
2025-06-19;RS;21;-72.22594707965703;21;0.0;1.0;0.0;1.0;0.0
2025-06-19;TW;12;9.47775072308632;12;0.0;0.0;0.0;0.0;0.0
2025-06-19;UP;19;-40.891144519566645;19;0.0;2.0;0.0;4.0;0.0
2025-06-19;US;442;-727.1784648185759;442;0.0;20.0;1.0;40.0;0.0
2025-06-20;GM;30;0.4830138710561801;30;0.0;0.0;0.0;0.0;0.0
2025-06-20;IS;95;-481.2656553150729;95;2.0;2.0;0.0;13.0;0.0
2025-06-20;NI;11;-5.004244998798661;11;4.0;0.0;0.0;0.0;0.0
2025-06-20;PK;26;-53.77339241785425;26;0.0;1.0;0.0;1.0;0.0
2025-06-20;RS;65;-77.02878854086497;65;1.0;0.0;0.0;0.0;0.0
2025-06-20;TW;3;-2.24550898203591;3;0.0;0.0;0.0;0.0;0.0
2025-06-20;UP;19;-65.0351432169963;19;2.0;0.0;0.0;0.0;0.0
2025-06-20;US;411;-556.4000946214483;411;0.0;33.0;0.0;15.0;0.0
2025-06-21;GM;17;-23.70788572340358;17;0.0;0.0;0.0;1.0;0.0
2025-06-21;IS;57;-283.19280407744554;57;2.0;5.0;0.0;8.0;0.0
2025-06-21;PK;12;-47.005445234092576;12;0.0;0.0;0.0;3.0;0.0
2025-06-21;RS;42;-121.28084254665892;42;0.0;0.0;0.0;7.0;0.0
2025-06-21;TW;2;-3.68550368550369;2;0.0;0.0;0.0;0.0;0.0
2025-06-21;UP;51;-98.13647506275316;51;0.0;0.0;2.0;5.0;0.0
2025-06-21;US;400;-968.08316010917;400;4.0;33.0;1.0;45.0;0.0
2025-06-22;GM;12;-39.10952436993911;12;0.0;0.0;0.0;0.0;2.0
2025-06-22;IS;119;-477.72743599938303;119;5.0;13.0;4.0;19.0;2.0
2025-06-22;NI;17;-23.18936711433511;17;0.0;0.0;0.0;8.0;0.0
2025-06-22;PK;34;-184.10831663165004;34;0.0;4.0;1.0;6.0;0.0
2025-06-22;RS;44;-168.2650730690495;44;0.0;0.0;2.0;2.0;0.0
2025-06-22;TW;3;-29.233870967742;3;0.0;0.0;0.0;0.0;0.0
2025-06-22;UP;25;-130.9431598257555;25;0.0;0.0;2.0;1.0;0.0
2025-06-22;US;671;-1671.3831892019411;671;7.0;43.0;5.0;58.0;0.0
2025-06-23;GM;14;-11.97298470180957;14;0.0;0.0;0.0;0.0;0.0
2025-06-23;IS;104;-415.980616172764;104;1.0;11.0;1.0;15.0;0.0
2025-06-23;NI;32;-163.78292814673148;32;0.0;0.0;3.0;6.0;0.0
2025-06-23;PK;20;17.563356786877282;20;0.0;1.0;0.0;0.0;0.0
2025-06-23;RS;22;-85.71346810925061;22;0.0;2.0;0.0;2.0;0.0
2025-06-23;UP;20;-74.44298529416065;20;0.0;1.0;0.0;0.0;0.0
2025-06-23;US;687;-1625.5490310261953;687;4.0;75.0;2.0;44.0;0.0
2025-06-24;GM;20;-6.118890518649918;20;0.0;1.0;0.0;0.0;0.0
2025-06-24;IS;113;-391.5980561610911;113;0.0;7.0;4.0;12.0;0.0
2025-06-24;NI;23;-35.69187318759229;23;0.0;3.0;0.0;0.0;0.0
2025-06-24;PK;28;-58.32256379889672;28;0.0;1.0;0.0;0.0;0.0
2025-06-24;RS;55;-182.27705597700097;55;1.0;2.0;2.0;5.0;0.0
2025-06-24;TW;17;-5.543501811118837;17;0.0;0.0;0.0;0.0;0.0
2025-06-24;UP;39;-75.68628791001188;39;0.0;1.0;0.0;2.0;0.0
2025-06-24;US;831;-1881.9775573746736;831;10.0;53.0;9.0;58.0;0.0
2025-06-25;GM;25;-54.84817782823475;25;0.0;1.0;0.0;2.0;0.0
2025-06-25;IS;492;-1847.900609084474;492;0.0;13.0;0.0;31.0;0.0
2025-06-25;NI;30;-23.18692618179738;30;0.0;3.0;0.0;2.0;0.0
2025-06-25;PK;22;-50.743674939229535;22;0.0;0.0;0.0;2.0;0.0
2025-06-25;RS;145;-505.1506876936108;145;0.0;4.0;2.0;20.0;0.0
2025-06-25;TW;14;-3.7794554846139032;14;0.0;0.0;0.0;0.0;0.0
2025-06-25;UP;136;-314.2985053972629;136;0.0;0.0;0.0;8.0;0.0
2025-06-25;US;1507;-3598.714796509455;1507;10.0;85.0;9.0;51.0;0.0
2025-06-26;GM;24;-92.13871497648512;24;0.0;4.0;0.0;0.0;0.0
2025-06-26;IS;225;-786.7942975433973;225;0.0;13.0;1.0;12.0;0.0
2025-06-26;NI;51;-91.33683140583535;51;0.0;2.0;0.0;2.0;0.0
2025-06-26;PK;32;-136.9774182818401;32;0.0;0.0;0.0;9.0;0.0
2025-06-26;RS;70;-173.20067710312526;70;0.0;6.0;1.0;11.0;0.0
2025-06-26;TW;7;4.5432293722858095;7;0.0;0.0;0.0;0.0;0.0
2025-06-26;UP;68;-87.89623438212094;68;0.0;4.0;1.0;6.0;0.0
2025-06-26;US;1194;-2190.3084790529188;1194;7.0;74.0;10.0;38.0;0.0
2025-06-27;GM;24;-51.235352540830945;24;0.0;0.0;0.0;3.0;0.0
2025-06-27;IS;172;-729.2968736442057;172;3.0;12.0;0.0;17.0;0.0
2025-06-27;NI;23;54.26984235305527;23;0.0;0.0;1.0;0.0;0.0
2025-06-27;PK;49;8.504428814473115;49;0.0;1.0;3.0;7.0;0.0
2025-06-27;RS;51;-235.36698122119077;51;0.0;5.0;0.0;1.0;0.0
2025-06-27;TW;25;-43.664826191819415;25;0.0;0.0;0.0;0.0;0.0
2025-06-27;UP;42;-114.87676207932915;42;0.0;0.0;0.0;1.0;0.0
2025-06-27;US;747;-1375.555602050318;747;7.0;24.0;6.0;29.0;0.0
2025-06-28;GM;16;-10.10732381526968;16;0.0;0.0;0.0;0.0;0.0
2025-06-28;IS;199;-864.3925424377184;199;0.0;14.0;3.0;13.0;0.0
2025-06-28;NI;21;26.640847378349143;21;0.0;0.0;0.0;3.0;0.0
2025-06-28;PK;31;-184.0667827048096;31;0.0;3.0;0.0;4.0;0.0
2025-06-28;RS;43;-154.18294125136345;43;0.0;1.0;0.0;3.0;0.0
2025-06-28;TW;8;-10.60552933826362;8;0.0;0.0;0.0;0.0;0.0
2025-06-28;UP;14;-91.6520890924233;14;0.0;3.0;0.0;0.0;0.0
2025-06-28;US;519;-953.876179628572;519;4.0;18.0;4.0;12.0;0.0
2025-06-29;GM;22;-45.21560644016499;22;0.0;0.0;0.0;0.0;0.0
2025-06-29;IS;184;-693.0551965028382;184;0.0;3.0;1.0;11.0;0.0
2025-06-29;NI;30;1.9663993523508625;30;0.0;2.0;1.0;0.0;0.0
2025-06-29;PK;25;-82.79527637866713;25;1.0;0.0;2.0;6.0;0.0
2025-06-29;RS;64;-119.27134813163477;64;0.0;4.0;0.0;4.0;0.0
2025-06-29;TW;38;-83.25795269537196;38;0.0;0.0;0.0;0.0;0.0
2025-06-29;UP;30;-42.00772459931464;30;0.0;0.0;0.0;2.0;0.0
2025-06-29;US;719;-1582.7415669810057;719;3.0;33.0;9.0;34.0;0.0
2025-06-30;GM;38;-109.04009141356688;38;0.0;1.0;0.0;0.0;0.0
2025-06-30;IS;130;-583.7747939633743;130;0.0;6.0;8.0;18.0;0.0
2025-06-30;NI;32;17.813260789328034;32;0.0;1.0;0.0;0.0;0.0
2025-06-30;PK;20;-54.930887730405914;20;0.0;4.0;0.0;1.0;0.0
2025-06-30;RS;52;-215.02578281879195;52;0.0;5.0;4.0;16.0;0.0
2025-06-30;TW;30;-78.1423207557641;30;0.0;1.0;0.0;0.0;0.0
2025-06-30;UP;53;-237.92377315597025;53;0.0;2.0;6.0;12.0;0.0
2025-06-30;US;1029;-2181.068544197034;1029;8.0;55.0;21.0;57.0;0.0
2025-07-01;GM;38;-125.30670802026695;38;3.0;1.0;0.0;2.0;0.0
2025-07-01;IS;266;-713.1849034174274;266;0.0;6.0;8.0;12.0;0.0
2025-07-01;NI;94;-213.7187013504624;94;0.0;7.0;4.0;7.0;0.0
2025-07-01;PK;20;-31.027788414166793;20;0.0;0.0;0.0;6.0;0.0
2025-07-01;RS;133;-418.17204658952215;133;0.0;10.0;2.0;7.0;0.0
2025-07-01;TW;22;-23.940140384928;22;0.0;0.0;0.0;0.0;0.0
2025-07-01;UP;164;-344.8974874213585;164;0.0;0.0;2.0;4.0;0.0
2025-07-01;US;1376;-3339.8496562991154;1376;3.0;103.0;38.0;92.0;0.0
2025-07-02;GM;1835;-3269.1230732458553;1835;20.0;80.0;17.0;74.0;0.0
2025-07-02;IS;8925;-38410.83762516821;8925;82.0;315.0;189.0;951.0;31.0
2025-07-02;NI;4766;-5561.532880371306;4766;43.0;195.0;66.0;292.0;1.0
2025-07-02;PK;2549;-8124.295083349561;2549;5.0;127.0;66.0;218.0;4.0
2025-07-02;RS;4690;-15758.61558348332;4690;21.0;261.0;144.0;512.0;0.0
2025-07-02;TW;392;-767.5160445799061;392;2.0;22.0;5.0;17.0;0.0
2025-07-02;UP;3242;-8655.175201289067;3242;12.0;54.0;96.0;402.0;0.0
2025-07-02;US;47080;-108684.69955327654;47080;309.0;2903.0;810.0;2672.0;3.0
2025-07-03;GM;1773;-3608.854528804496;1773;10.0;88.0;21.0;73.0;2.0
2025-07-03;IS;8551;-34994.08344893243;8551;98.0;404.0;179.0;865.0;28.0
2025-07-03;NI;4918;-5169.966824547989;4918;39.0;212.0;107.0;186.0;0.0
2025-07-03;PK;2238;-5590.657415492044;2238;23.0;88.0;34.0;175.0;4.0
2025-07-03;RS;5446;-16807.39641585895;5446;16.0;220.0;128.0;729.0;2.0
2025-07-03;TW;396;-330.4192614600911;396;10.0;16.0;11.0;14.0;0.0
2025-07-03;UP;4225;-10341.565624871944;4225;9.0;61.0;107.0;625.0;2.0
2025-07-03;US;51139;-111058.8928783156;51139;313.0;3019.0;849.0;3146.0;5.0
2025-07-04;GM;1789;-2959.866148895742;1789;8.0;62.0;15.0;63.0;0.0
2025-07-04;IS;7098;-31815.13112720951;7098;109.0;364.0;211.0;816.0;29.0
2025-07-04;NI;5385;-6597.044479350496;5385;38.0;300.0;57.0;202.0;0.0
2025-07-04;PK;2831;-5909.052881161577;2831;21.0;91.0;57.0;213.0;0.0
2025-07-04;RS;5385;-16291.941030900403;5385;23.0;187.0;123.0;617.0;3.0
2025-07-04;TW;426;-385.7065187489413;426;4.0;10.0;0.0;16.0;0.0
2025-07-04;UP;4284;-13409.042714516683;4284;11.0;136.0;105.0;552.0;6.0
2025-07-04;US;36094;-70923.79017399158;36094;273.0;1871.0;499.0;2265.0;9.0
2025-07-05;GM;796;-1133.19388945499;796;3.0;24.0;5.0;62.0;0.0
2025-07-05;IS;5123;-24751.77491377245;5123;82.0;274.0;180.0;612.0;6.0
2025-07-05;NI;4627;-3575.553234908293;4627;35.0;229.0;40.0;135.0;2.0
2025-07-05;PK;2160;-4955.074265003955;2160;13.0;83.0;25.0;193.0;4.0
2025-07-05;RS;2442;-8699.901391286596;2442;6.0;73.0;73.0;330.0;0.0
2025-07-05;TW;284;-267.1145828686656;284;2.0;0.0;6.0;11.0;0.0
2025-07-05;UP;2077;-6758.869561589614;2077;2.0;61.0;64.0;319.0;0.0
2025-07-05;US;22344;-37259.03356504864;22344;173.0;964.0;287.0;1355.0;1.0
2025-07-06;GM;823;-588.4852985623725;823;8.0;36.0;10.0;46.0;1.0
2025-07-06;IS;6855;-31826.251633223183;6855;64.0;249.0;236.0;853.0;14.0
2025-07-06;NI;4707;-6116.278404725671;4707;42.0;280.0;64.0;207.0;1.0
2025-07-06;PK;1669;-4976.020761010167;1669;10.0;79.0;28.0;154.0;0.0
2025-07-06;RS;2628;-6492.419765011639;2628;21.0;92.0;44.0;295.0;0.0
2025-07-06;TW;322;-338.3837833094521;322;0.0;10.0;4.0;6.0;0.0
2025-07-06;UP;1555;-4567.974734244421;1555;2.0;45.0;49.0;261.0;0.0
2025-07-06;US;20377;-41362.07336034745;20377;102.0;939.0;268.0;1319.0;6.0
2025-07-07;GM;1709;-2002.239853179055;1709;3.0;36.0;18.0;59.0;0.0
2025-07-07;IS;9272;-43029.363032117704;9272;87.0;356.0;343.0;1165.0;35.0
2025-07-07;NI;5421;-5902.1137156423665;5421;37.0;256.0;91.0;264.0;2.0
2025-07-07;PK;2349;-5809.581708842271;2349;5.0;113.0;43.0;145.0;1.0
2025-07-07;RS;3987;-14359.258097760616;3987;21.0;182.0;109.0;500.0;1.0
2025-07-07;TW;469;-66.54748223483621;469;2.0;10.0;9.0;9.0;0.0
2025-07-07;UP;2512;-8790.96468535544;2512;7.0;87.0;77.0;410.0;1.0
2025-07-07;US;40150;-93575.54348475112;40150;232.0;2038.0;538.0;2609.0;11.0
2025-07-08;GM;1603;-2322.746435777434;1603;25.0;40.0;5.0;104.0;0.0
2025-07-08;IS;9738;-32740.792126803502;9738;99.0;285.0;276.0;858.0;43.0
2025-07-08;NI;4594;-5421.823779684378;4594;17.0;265.0;72.0;172.0;0.0
2025-07-08;PK;2318;-4998.811109487671;2318;16.0;79.0;43.0;116.0;0.0
2025-07-08;RS;4342;-15108.92008476946;4342;20.0;212.0;111.0;430.0;3.0
2025-07-08;TW;457;-590.2075277784905;457;3.0;7.0;0.0;11.0;0.0
2025-07-08;UP;3664;-10167.603961480978;3664;11.0;95.0;103.0;305.0;1.0
2025-07-08;US;49147;-106706.00099237871;49147;343.0;2727.0;696.0;2993.0;17.0
2025-07-09;GM;1821;-2958.1769940431523;1821;2.0;49.0;8.0;91.0;1.0
2025-07-09;IS;8344;-33487.36651400309;8344;83.0;351.0;243.0;840.0;28.0
2025-07-09;NI;5058;-5011.9740836053115;5058;38.0;237.0;80.0;204.0;3.0
2025-07-09;PK;2645;-5213.430696367503;2645;14.0;107.0;33.0;172.0;0.0
2025-07-09;RS;5368;-18191.051080927664;5368;12.0;205.0;149.0;608.0;0.0
2025-07-09;TW;729;-1125.8317802295342;729;1.0;18.0;10.0;61.0;0.0
2025-07-09;UP;4600;-14853.33526126567;4600;7.0;119.0;125.0;639.0;0.0
2025-07-09;US;50557;-109308.51455015656;50557;310.0;2931.0;618.0;2796.0;19.0
2025-07-10;GM;1679;-1434.8474025886585;1679;2.0;46.0;14.0;72.0;0.0
2025-07-10;IS;8604;-37249.59143444685;8604;112.0;399.0;254.0;918.0;62.0
2025-07-10;NI;5552;-7146.3838447491125;5552;52.0;225.0;104.0;388.0;0.0
2025-07-10;PK;2758;-6488.561858436868;2758;13.0;133.0;53.0;236.0;5.0
2025-07-10;RS;6079;-19003.294553837462;6079;5.0;185.0;113.0;616.0;0.0
2025-07-10;TW;584;-529.0629845433627;584;1.0;9.0;9.0;18.0;0.0
2025-07-10;UP;5185;-15162.364781659537;5185;17.0;121.0;125.0;546.0;0.0
2025-07-10;US;50185;-109887.30594061044;50185;290.0;2791.0;718.0;2804.0;12.0
2025-07-11;GM;1911;-3134.0100659670015;1911;3.0;48.0;12.0;76.0;0.0
2025-07-11;IS;7368;-33778.061150397676;7368;122.0;407.0;217.0;745.0;26.0
2025-07-11;NI;5837;-8199.591887876097;5837;39.0;266.0;131.0;370.0;1.0
2025-07-11;PK;2717;-8064.73452718636;2717;14.0;122.0;70.0;258.0;0.0
2025-07-11;RS;5052;-13697.520117615974;5052;15.0;149.0;113.0;487.0;7.0
2025-07-11;TW;412;-520.9691666610905;412;0.0;17.0;1.0;13.0;0.0
2025-07-11;UP;4460;-10305.580872852028;4460;10.0;77.0;118.0;474.0;6.0
2025-07-11;US;49037;-115316.260077701;49037;315.0;2968.0;734.0;2749.0;8.0
2025-07-12;GM;1109;-2392.5188288220033;1109;6.0;70.0;12.0;45.0;0.0
2025-07-12;IS;5461;-28818.06219809412;5461;107.0;338.0;150.0;791.0;31.0
2025-07-12;NI;4077;-4380.075654344362;4077;12.0;188.0;85.0;206.0;0.0
2025-07-12;PK;2258;-4393.407004417089;2258;20.0;90.0;28.0;132.0;3.0
2025-07-12;RS;3274;-8740.294084672121;3274;3.0;102.0;49.0;385.0;0.0
2025-07-12;TW;368;-319.9124199523397;368;8.0;3.0;7.0;9.0;0.0
2025-07-12;UP;2546;-6602.474916598244;2546;5.0;46.0;57.0;424.0;0.0
2025-07-12;US;28638;-71944.92250192432;28638;244.0;1652.0;455.0;1966.0;4.0
2025-07-13;GM;836;-1404.060936379195;836;4.0;28.0;4.0;39.0;0.0
2025-07-13;IS;5026;-27605.705329219945;5026;70.0;305.0;202.0;898.0;15.0
2025-07-13;NI;5193;-3901.128841175584;5193;40.0;242.0;70.0;132.0;1.0
2025-07-13;PK;1972;-6468.2894862327;1972;44.0;75.0;17.0;170.0;0.0
2025-07-13;RS;2966;-7315.658210614739;2966;6.0;63.0;92.0;382.0;1.0
2025-07-13;TW;441;-450.39087916727453;441;5.0;0.0;1.0;17.0;0.0
2025-07-13;UP;2221;-6892.100453745199;2221;1.0;38.0;104.0;352.0;1.0
2025-07-13;US;21210;-50591.58034438351;21210;164.0;1109.0;364.0;1774.0;6.0
2025-07-14;GM;2152;-4378.076881136168;2152;15.0;85.0;8.0;88.0;2.0
2025-07-14;IS;6908;-34447.964232226586;6908;67.0;300.0;269.0;1078.0;36.0
2025-07-14;NI;6368;-3321.5745953399646;6368;30.0;179.0;69.0;277.0;2.0
2025-07-14;PK;1943;-4213.443627407093;1943;18.0;65.0;45.0;76.0;0.0
2025-07-14;RS;5758;-13757.545528674134;5758;16.0;151.0;78.0;399.0;2.0
2025-07-14;TW;456;-424.8666993760184;456;2.0;3.0;3.0;29.0;0.0
2025-07-14;UP;5435;-10872.074744551142;5435;12.0;69.0;81.0;404.0;3.0
2025-07-14;US;40400;-83818.36407991893;40400;252.0;2114.0;593.0;2634.0;11.0
2025-07-15;GM;2002;-2796.669406343815;2002;14.0;75.0;11.0;104.0;3.0
2025-07-15;IS;7733;-35478.59777565095;7733;104.0;335.0;247.0;1096.0;37.0
2025-07-15;NI;5729;-4825.547541114215;5729;21.0;213.0;108.0;243.0;0.0
2025-07-15;PK;2457;-3677.282587704077;2457;17.0;86.0;41.0;103.0;1.0
2025-07-15;RS;6364;-16399.479886411667;6364;20.0;123.0;61.0;460.0;2.0
2025-07-15;TW;541;3.311246301895415;541;3.0;11.0;2.0;33.0;0.0
2025-07-15;UP;5555;-12099.111259054176;5555;16.0;101.0;44.0;371.0;2.0
2025-07-15;US;50368;-104125.6628106549;50368;288.0;3008.0;840.0;2931.0;9.0
2025-07-16;GM;1773;-2478.2799486568533;1773;9.0;30.0;6.0;77.0;5.0
2025-07-16;IS;9378;-44818.72572041402;9378;111.0;280.0;238.0;1447.0;39.0
2025-07-16;NI;5183;-5738.176734878714;5183;22.0;226.0;87.0;233.0;0.0
2025-07-16;PK;2623;-6498.289344215075;2623;8.0;122.0;67.0;217.0;0.0
2025-07-16;RS;4635;-14824.62632631238;4635;11.0;167.0;55.0;345.0;1.0
2025-07-16;TW;488;-617.3894458154136;488;5.0;22.0;9.0;23.0;0.0
2025-07-16;UP;4204;-11560.478334405014;4204;10.0;65.0;52.0;402.0;2.0
2025-07-16;US;51612;-111420.8926450024;51612;353.0;3016.0;794.0;2840.0;3.0
2025-07-17;GM;2416;-2806.3110529569017;2416;12.0;67.0;21.0;85.0;0.0
2025-07-17;IS;8327;-39894.42657206448;8327;82.0;299.0;279.0;1088.0;27.0
2025-07-17;NI;5075;-5655.873771845237;5075;24.0;284.0;58.0;217.0;0.0
2025-07-17;PK;2915;-4476.058346423298;2915;17.0;127.0;81.0;211.0;4.0
2025-07-17;RS;4196;-13246.317626978853;4196;8.0;150.0;78.0;402.0;5.0
2025-07-17;TW;536;-1095.568912999304;536;7.0;27.0;6.0;60.0;0.0
2025-07-17;UP;3789;-9510.569893875085;3789;8.0;69.0;73.0;378.0;0.0
2025-07-17;US;50440;-113721.08158281913;50440;366.0;3360.0;864.0;2762.0;11.0
2025-07-18;GM;2427;-5782.6545474802;2427;11.0;116.0;12.0;81.0;0.0
2025-07-18;IS;7652;-35975.26113185535;7652;98.0;284.0;180.0;988.0;49.0
2025-07-18;NI;4685;-4610.715093215392;4685;12.0;272.0;69.0;164.0;1.0
2025-07-18;PK;2935;-7785.626333585132;2935;13.0;111.0;45.0;263.0;1.0
2025-07-18;RS;4074;-13366.651360075217;4074;16.0;189.0;62.0;369.0;2.0
2025-07-18;TW;581;-838.693880871899;581;1.0;17.0;5.0;41.0;0.0
2025-07-18;UP;2989;-7878.340167222135;2989;16.0;110.0;45.0;305.0;0.0
2025-07-18;US;49146;-118612.01862427346;49146;534.0;3412.0;735.0;2768.0;14.0
2025-07-19;GM;993;-2804.5729658565942;993;10.0;32.0;9.0;38.0;2.0
2025-07-19;IS;5575;-25692.51350541855;5575;101.0;321.0;143.0;674.0;37.0
2025-07-19;NI;3593;-4974.788216430843;3593;25.0;216.0;46.0;119.0;1.0
2025-07-19;PK;2599;-8227.88468422376;2599;26.0;130.0;40.0;337.0;1.0
2025-07-19;RS;2656;-10162.037148216974;2656;13.0;99.0;35.0;345.0;5.0
2025-07-19;TW;250;-363.9196894101548;250;2.0;4.0;0.0;14.0;0.0
2025-07-19;UP;1927;-7495.892927550992;1927;2.0;52.0;41.0;363.0;7.0
2025-07-19;US;29390;-67727.1827697623;29390;154.0;1865.0;447.0;1829.0;5.0
2025-07-20;GM;1053;-1794.3160718799782;1053;1.0;29.0;17.0;52.0;0.0
2025-07-20;IS;5352;-26768.897081088937;5352;93.0;180.0;138.0;673.0;26.0
2025-07-20;NI;4181;-2968.9068102416636;4181;27.0;227.0;43.0;185.0;2.0
2025-07-20;PK;2144;-6132.522616404556;2144;18.0;87.0;37.0;218.0;0.0
2025-07-20;RS;2461;-8370.169569977776;2461;5.0;112.0;54.0;252.0;2.0
2025-07-20;TW;341;-418.9262149772723;341;2.0;3.0;0.0;1.0;0.0
2025-07-20;UP;1683;-5206.689882936356;1683;2.0;45.0;53.0;215.0;0.0
2025-07-20;US;19771;-43496.978550435735;19771;142.0;1218.0;362.0;1271.0;3.0
2025-07-21;GM;2038;-2553.3273624887715;2038;6.0;38.0;6.0;79.0;0.0
2025-07-21;IS;7627;-38015.47877996877;7627;152.0;365.0;227.0;840.0;35.0
2025-07-21;NI;4924;-4254.295037553541;4924;41.0;279.0;46.0;165.0;0.0
2025-07-21;PK;2733;-8429.811958719469;2733;33.0;142.0;66.0;216.0;3.0
2025-07-21;RS;4509;-14998.305085416683;4509;25.0;135.0;104.0;426.0;0.0
2025-07-21;TW;479;-252.59364729136675;479;3.0;23.0;2.0;8.0;0.0
2025-07-21;UP;3274;-10763.679239011495;3274;9.0;66.0;104.0;392.0;0.0
2025-07-21;US;40237;-99043.18290840664;40237;242.0;2606.0;871.0;2607.0;5.0
2025-07-22;GM;1688;-3607.6795042271247;1688;8.0;52.0;10.0;53.0;2.0
2025-07-22;IS;8687;-42969.83657245691;8687;156.0;356.0;227.0;875.0;21.0
2025-07-22;NI;4862;-5519.178607399517;4862;44.0;217.0;92.0;148.0;2.0
2025-07-22;PK;2528;-9104.94600274578;2528;22.0;167.0;32.0;194.0;0.0
2025-07-22;RS;4912;-16746.256537693167;4912;31.0;220.0;97.0;354.0;0.0
2025-07-22;TW;505;-370.9593976970224;505;1.0;20.0;0.0;6.0;0.0
2025-07-22;UP;3379;-11181.958795505152;3379;29.0;68.0;92.0;320.0;0.0
2025-07-22;US;50078;-122541.8116214588;50078;302.0;3384.0;952.0;2966.0;8.0
2025-07-23;GM;1839;-3724.04227035416;1839;12.0;83.0;25.0;81.0;0.0
2025-07-23;IS;8412;-43961.29102545448;8412;161.0;336.0;249.0;858.0;43.0
2025-07-23;NI;4329;-4203.460170964499;4329;33.0;217.0;43.0;192.0;3.0
2025-07-23;PK;2858;-7604.7896838440865;2858;13.0;163.0;55.0;173.0;0.0
2025-07-23;RS;5176;-20352.95623147458;5176;82.0;237.0;76.0;317.0;0.0
2025-07-23;TW;498;-731.3721044792667;498;2.0;20.0;3.0;10.0;0.0
2025-07-23;UP;3929;-16360.31607175738;3929;121.0;130.0;61.0;218.0;0.0
2025-07-23;US;52340;-127277.94070513351;52340;287.0;3716.0;908.0;2985.0;6.0
2025-07-24;GM;1644;-3207.818382146624;1644;7.0;59.0;6.0;39.0;3.0
2025-07-24;IS;9156;-41230.293499423;9156;157.0;338.0;243.0;873.0;36.0
2025-07-24;NI;4339;-4562.3056080594415;4339;35.0;234.0;62.0;163.0;0.0
2025-07-24;PK;2397;-5609.016347676879;2397;18.0;141.0;33.0;135.0;0.0
2025-07-24;RS;5503;-19456.0268161722;5503;66.0;247.0;114.0;397.0;0.0
2025-07-24;TW;424;-127.83256034132594;424;2.0;22.0;0.0;5.0;0.0
2025-07-24;UP;3404;-11698.80048134924;3404;89.0;78.0;62.0;259.0;0.0
2025-07-24;US;48537;-111493.212218322;48537;246.0;3261.0;823.0;2777.0;4.0
2025-07-25;GM;1970;-4475.743581265823;1970;6.0;35.0;11.0;50.0;1.0
2025-07-25;IS;10241;-39828.2683534892;10241;155.0;333.0;168.0;592.0;52.0
2025-07-25;NI;4260;-3736.4249474491226;4260;19.0;203.0;56.0;149.0;1.0
2025-07-25;PK;2919;-4289.4149288434155;2919;21.0;161.0;49.0;186.0;2.0
2025-07-25;RS;3941;-14966.282441345182;3941;26.0;191.0;77.0;378.0;0.0
2025-07-25;TW;509;-703.0926325636816;509;26.0;9.0;1.0;5.0;0.0
2025-07-25;UP;2730;-9001.625422734407;2730;48.0;45.0;47.0;251.0;0.0
2025-07-25;US;46089;-104118.1833506553;46089;260.0;2810.0;713.0;2566.0;14.0
2025-07-26;GM;1212;-3400.695063128478;1212;20.0;43.0;23.0;31.0;0.0
2025-07-26;IS;5955;-27322.829618960597;5955;100.0;257.0;129.0;611.0;14.0
2025-07-26;NI;2900;-4788.723671921243;2900;29.0;153.0;43.0;139.0;4.0
2025-07-26;PK;2577;-5518.577336789139;2577;11.0;121.0;62.0;232.0;0.0
2025-07-26;RS;2699;-9555.795827603775;2699;20.0;99.0;54.0;272.0;0.0
2025-07-26;TW;404;-572.0381597186039;404;3.0;8.0;0.0;7.0;0.0
2025-07-26;UP;1973;-6988.6771056919215;1973;30.0;47.0;39.0;241.0;0.0
2025-07-26;US;27977;-64740.384149298545;27977;178.0;1944.0;450.0;1696.0;4.0
2025-07-27;GM;857;-2444.578202955383;857;9.0;39.0;11.0;35.0;2.0
2025-07-27;IS;5456;-22867.46876380534;5456;83.0;252.0;121.0;568.0;16.0
2025-07-27;NI;2478;-3711.236955422773;2478;5.0;165.0;63.0;145.0;0.0
2025-07-27;PK;2087;-4576.620033352744;2087;18.0;112.0;48.0;181.0;0.0
2025-07-27;RS;1902;-6861.017720948481;1902;4.0;42.0;55.0;204.0;0.0
2025-07-27;TW;389;-656.1364925617625;389;0.0;3.0;2.0;4.0;0.0
2025-07-27;UP;1196;-4342.514222676975;1196;7.0;20.0;31.0;149.0;0.0
2025-07-27;US;20288;-44048.25461623667;20288;140.0;1162.0;299.0;1469.0;1.0
2025-07-28;GM;1555;-3180.377167114184;1555;12.0;42.0;10.0;56.0;0.0
2025-07-28;IS;8434;-35112.86695162485;8434;109.0;318.0;196.0;702.0;37.0
2025-07-28;NI;3587;-2729.7220861434625;3587;31.0;143.0;76.0;202.0;1.0
2025-07-28;PK;3793;-14154.62534139314;3793;46.0;191.0;63.0;480.0;0.0
2025-07-28;RS;3946;-14073.138548631174;3946;11.0;98.0;54.0;386.0;1.0
2025-07-28;TW;585;-755.9792540980121;585;2.0;10.0;2.0;18.0;0.0
2025-07-28;UP;2649;-9619.50760714588;2649;6.0;59.0;61.0;317.0;5.0
2025-07-28;US;36626;-74551.64996852269;36626;197.0;2162.0;542.0;2277.0;10.0
2025-07-29;GM;1785;-3049.6916097457834;1785;9.0;71.0;16.0;71.0;0.0
2025-07-29;IS;11357;-44301.26107004628;11357;207.0;430.0;272.0;940.0;72.0
2025-07-29;NI;3688;-4798.988351785535;3688;15.0;131.0;90.0;184.0;2.0
2025-07-29;PK;4936;-20795.027499800133;4936;34.0;200.0;114.0;645.0;11.0
2025-07-29;RS;4156;-17078.061976055364;4156;18.0;145.0;91.0;498.0;0.0
2025-07-29;TW;652;-981.7559801377528;652;7.0;9.0;3.0;10.0;0.0
2025-07-29;UP;2811;-12613.109689864925;2811;19.0;83.0;75.0;468.0;2.0
2025-07-29;US;45128;-98486.7581872386;45128;214.0;2806.0;681.0;2893.0;18.0
2025-07-30;GM;1308;-2084.0694352260225;1308;5.0;48.0;7.0;59.0;0.0
2025-07-30;IS;10298;-39468.479276645085;10298;118.0;380.0;226.0;659.0;60.0
2025-07-30;NI;3955;-6339.4250237798315;3955;59.0;147.0;57.0;150.0;2.0
2025-07-30;PK;3256;-11781.16394265078;3256;48.0;92.0;37.0;364.0;3.0
2025-07-30;RS;4373;-15306.250583513793;4373;21.0;144.0;72.0;312.0;0.0
2025-07-30;TW;528;-791.7522153188049;528;2.0;4.0;0.0;9.0;0.0
2025-07-30;UP;2436;-9753.499109927456;2436;16.0;46.0;56.0;331.0;0.0
2025-07-30;US;48164;-104106.91629099674;48164;216.0;2963.0;679.0;2916.0;8.0
2025-07-31;GM;1489;-1952.004232855169;1489;8.0;62.0;5.0;44.0;0.0
2025-07-31;IS;12036;-41950.50998455544;12036;133.0;337.0;274.0;787.0;54.0
2025-07-31;NI;3912;-4901.1333302811;3912;46.0;145.0;77.0;140.0;0.0
2025-07-31;PK;3074;-7583.376438360794;3074;49.0;193.0;31.0;170.0;0.0
2025-07-31;RS;4954;-15966.170938311136;4954;23.0;136.0;72.0;481.0;13.0
2025-07-31;TW;512;36.36351458476509;512;5.0;6.0;0.0;9.0;0.0
2025-07-31;UP;2865;-10461.793250400991;2865;27.0;60.0;59.0;389.0;4.0
2025-07-31;US;49255;-105459.30499719636;49255;235.0;3127.0;822.0;2776.0;13.0
2025-08-01;GM;2262;-4874.426747641966;2262;18.0;100.0;37.0;74.0;2.0
2025-08-01;IS;11191;-41308.88581510524;11191;196.0;398.0;255.0;727.0;53.0
2025-08-01;NI;4183;-5047.593565582566;4183;69.0;189.0;96.0;138.0;0.0
2025-08-01;PK;3654;-9415.595307071875;3654;20.0;171.0;89.0;321.0;1.0
2025-08-01;RS;5638;-19500.836185021915;5638;28.0;185.0;78.0;427.0;3.0
2025-08-01;TW;591;-493.29018751370256;591;5.0;7.0;3.0;19.0;0.0
2025-08-01;UP;2912;-11241.757359374607;2912;26.0;74.0;49.0;331.0;5.0
2025-08-01;US;55430;-121756.36454538272;55430;329.0;3385.0;1004.0;3324.0;16.0
2025-08-02;GM;832;-1991.2534878636843;832;10.0;46.0;21.0;37.0;0.0
2025-08-02;IS;5550;-24507.246665116676;5550;114.0;182.0;146.0;394.0;26.0
2025-08-02;NI;2905;-4429.319722428908;2905;17.0;174.0;38.0;114.0;0.0
2025-08-02;PK;3395;-3564.468603964642;3395;21.0;116.0;48.0;228.0;0.0
2025-08-02;RS;3299;-10937.89695562382;3299;20.0;81.0;48.0;289.0;0.0
2025-08-02;TW;245;-418.7662476773741;245;4.0;5.0;1.0;6.0;0.0
2025-08-02;UP;1956;-7427.797972858383;1956;19.0;39.0;46.0;266.0;1.0
2025-08-02;US;26891;-60918.952464775066;26891;170.0;1848.0;399.0;1661.0;4.0
2025-08-03;GM;656;-1087.9210505109595;656;5.0;20.0;7.0;39.0;0.0
2025-08-03;IS;5570;-28139.94424279698;5570;156.0;222.0;157.0;513.0;34.0
2025-08-03;NI;2814;-5559.189139160188;2814;8.0;156.0;78.0;145.0;0.0
2025-08-03;PK;2958;-4272.7824547778055;2958;16.0;125.0;52.0;256.0;6.0
2025-08-03;RS;2809;-9706.863143482522;2809;18.0;75.0;62.0;366.0;0.0
2025-08-03;TW;283;-280.1975654763007;283;2.0;1.0;1.0;9.0;0.0
2025-08-03;UP;1784;-7348.529562915679;1784;21.0;53.0;40.0;324.0;0.0
2025-08-03;US;20285;-39501.18746306424;20285;134.0;1103.0;285.0;1358.0;3.0
2025-08-04;GM;1212;-1954.602011178449;1212;5.0;44.0;11.0;62.0;0.0
2025-08-04;IS;7631;-38129.41507717412;7631;182.0;247.0;197.0;698.0;41.0
2025-08-04;NI;3492;-4666.917090452493;3492;17.0;203.0;59.0;148.0;3.0
2025-08-04;PK;2913;-6165.355035898994;2913;52.0;110.0;36.0;247.0;6.0
2025-08-04;RS;4621;-15891.459355103172;4621;23.0;109.0;74.0;378.0;0.0
2025-08-04;TW;323;53.28437645449969;323;7.0;3.0;0.0;8.0;0.0
2025-08-04;UP;2537;-8130.697777993418;2537;12.0;60.0;54.0;257.0;0.0
2025-08-04;US;36823;-75984.88872809934;36823;294.0;2286.0;538.0;2254.0;4.0
2025-08-05;GM;1345;-2271.9687376718066;1345;2.0;69.0;9.0;40.0;0.0
2025-08-05;IS;7444;-33148.328234395274;7444;119.0;267.0;179.0;529.0;12.0
2025-08-05;NI;4154;-5719.670591303902;4154;30.0;163.0;104.0;222.0;1.0
2025-08-05;PK;3376;-10285.521995681767;3376;81.0;186.0;36.0;247.0;9.0
2025-08-05;RS;5594;-20329.92395703019;5594;14.0;192.0;116.0;402.0;1.0
2025-08-05;TW;402;-636.163637608949;402;1.0;24.0;6.0;6.0;0.0
2025-08-05;UP;3261;-9513.664419130851;3261;11.0;49.0;87.0;307.0;2.0
2025-08-05;US;46710;-105507.88895993272;46710;291.0;2997.0;742.0;2698.0;6.0
2025-08-06;GM;1222;-1523.5470312714456;1222;6.0;48.0;9.0;45.0;0.0
2025-08-06;IS;7602;-36457.13650742076;7602;162.0;332.0;178.0;654.0;34.0
2025-08-06;NI;3986;-5504.818190593009;3986;27.0;162.0;123.0;170.0;3.0
2025-08-06;PK;3191;-10883.569087283768;3191;85.0;213.0;39.0;215.0;1.0
2025-08-06;RS;7715;-23917.307626021247;7715;31.0;180.0;92.0;494.0;0.0
2025-08-06;TW;568;-271.5748210604594;568;1.0;1.0;2.0;19.0;0.0
2025-08-06;UP;4397;-12739.334065027411;4397;18.0;73.0;77.0;361.0;0.0
2025-08-06;US;51145;-117219.42781075936;51145;275.0;3039.0;816.0;3314.0;4.0
2025-08-07;GM;1563;-2299.7803597365205;1563;9.0;72.0;18.0;67.0;0.0
2025-08-07;IS;8190;-38595.14600657201;8190;180.0;422.0;181.0;746.0;33.0
2025-08-07;NI;3870;-5639.582025719032;3870;5.0;177.0;73.0;161.0;0.0
2025-08-07;PK;2511;-6980.872894087014;2511;27.0;120.0;32.0;212.0;1.0
2025-08-07;RS;8164;-16960.17001220578;8164;17.0;120.0;94.0;328.0;0.0
2025-08-07;TW;584;-751.5950230597346;584;2.0;21.0;0.0;13.0;0.0
2025-08-07;UP;4684;-8470.599509090745;4684;7.0;34.0;61.0;249.0;0.0
2025-08-07;US;51552;-112487.01347463348;51552;309.0;3098.0;805.0;3288.0;5.0
2025-08-08;GM;1966;-3949.811277627428;1966;10.0;51.0;15.0;61.0;2.0
2025-08-08;IS;9555;-43608.27226747293;9555;184.0;246.0;207.0;782.0;57.0
2025-08-08;NI;3887;-5109.7225959337;3887;28.0;201.0;118.0;159.0;2.0
2025-08-08;PK;2485;-6556.183711405327;2485;22.0;108.0;29.0;194.0;1.0
2025-08-08;RS;6944;-12446.844738733402;6944;27.0;149.0;90.0;336.0;3.0
2025-08-08;TW;543;-786.8855363916306;543;13.0;12.0;4.0;25.0;0.0
2025-08-08;UP;4371;-8177.282071850155;4371;3.0;65.0;57.0;243.0;4.0
2025-08-08;US;49942;-108517.62893573496;49942;246.0;3121.0;796.0;3225.0;13.0
2025-08-09;GM;1335;-3781.741705655916;1335;8.0;24.0;11.0;49.0;0.0
2025-08-09;IS;6707;-35341.74736200247;6707;242.0;464.0;149.0;558.0;29.0
2025-08-09;NI;2674;-3289.6185433522487;2674;19.0;105.0;51.0;132.0;0.0
2025-08-09;PK;2412;-5524.976467595903;2412;14.0;109.0;33.0;353.0;2.0
2025-08-09;RS;6479;-10613.778411471976;6479;21.0;83.0;66.0;316.0;1.0
2025-08-09;TW;304;-443.9282037488392;304;1.0;4.0;2.0;3.0;0.0
2025-08-09;UP;5110;-9191.436736582416;5110;12.0;41.0;58.0;244.0;0.0
2025-08-09;US;31684;-65202.62969978829;31684;163.0;1764.0;388.0;2456.0;6.0
2025-08-10;GM;1430;-3005.6571693484793;1430;10.0;35.0;3.0;40.0;0.0
2025-08-10;IS;6646;-35308.06106921497;6646;202.0;451.0;135.0;469.0;20.0
2025-08-10;NI;2704;-3110.593119982039;2704;4.0;154.0;38.0;111.0;1.0
2025-08-10;PK;2768;-4501.558273889042;2768;17.0;104.0;20.0;282.0;1.0
2025-08-10;RS;5065;-8395.569101938243;5065;7.0;97.0;14.0;275.0;1.0
2025-08-10;TW;248;-153.16958568044157;248;1.0;10.0;2.0;16.0;0.0
2025-08-10;UP;4916;-8084.0597476437715;4916;9.0;59.0;30.0;272.0;1.0
2025-08-10;US;22348;-43173.69315745778;22348;137.0;1135.0;235.0;1789.0;9.0
2025-08-11;GM;2100;-3098.111115949072;2100;7.0;34.0;7.0;63.0;0.0
2025-08-11;IS;10128;-48771.11642964361;10128;179.0;368.0;243.0;1050.0;51.0
2025-08-11;NI;3433;-9202.657673496731;3433;15.0;236.0;121.0;281.0;2.0
2025-08-11;PK;3263;-9692.042248030944;3263;35.0;147.0;36.0;205.0;0.0
2025-08-11;RS;6430;-13422.408162511523;6430;28.0;123.0;64.0;365.0;4.0
2025-08-11;TW;419;-648.9799556171687;419;3.0;9.0;2.0;16.0;0.0
2025-08-11;UP;6607;-11938.696367596966;6607;12.0;95.0;74.0;331.0;0.0
2025-08-11;US;40498;-85588.83365159259;40498;280.0;2261.0;578.0;2731.0;6.0
2025-08-12;GM;1530;-2702.8326873741835;1530;27.0;26.0;6.0;77.0;1.0
2025-08-12;IS;8936;-42199.867106527585;8936;166.0;379.0;193.0;769.0;32.0
2025-08-12;NI;3598;-8365.971060388489;3598;18.0;204.0;108.0;226.0;3.0
2025-08-12;PK;3395;-12863.207927726631;3395;43.0;162.0;49.0;330.0;0.0
2025-08-12;RS;6915;-16227.746893121286;6915;16.0;154.0;66.0;422.0;0.0
2025-08-12;TW;407;-230.27749182779783;407;0.0;3.0;2.0;17.0;0.0
2025-08-12;UP;6431;-13584.326488598052;6431;7.0;85.0;70.0;389.0;5.0
2025-08-12;US;48721;-113521.50847378797;48721;360.0;2994.0;749.0;3385.0;16.0
2025-08-13;GM;3058;-5369.893288816235;3058;12.0;64.0;13.0;50.0;0.0
2025-08-13;IS;7959;-37048.28163548742;7959;162.0;268.0;204.0;802.0;25.0
2025-08-13;NI;3905;-6056.241900314488;3905;36.0;217.0;118.0;156.0;0.0
2025-08-13;PK;2791;-7124.27565384371;2791;33.0;132.0;30.0;233.0;2.0
2025-08-13;RS;8345;-18778.885221150213;8345;31.0;150.0;93.0;361.0;2.0
2025-08-13;TW;418;-507.0788200736538;418;2.0;7.0;3.0;11.0;0.0
2025-08-13;UP;7698;-15846.094210545098;7698;8.0;113.0;84.0;304.0;3.0
2025-08-13;US;50965;-116917.4572303116;50965;342.0;2905.0;785.0;3111.0;6.0
2025-08-14;GM;2261;-3765.8540217556065;2261;7.0;42.0;12.0;90.0;1.0
2025-08-14;IS;7271;-30292.18969146453;7271;104.0;244.0;183.0;622.0;19.0
2025-08-14;NI;4227;-4905.960912290253;4227;17.0;205.0;61.0;139.0;1.0
2025-08-14;PK;3102;-5347.175093931143;3102;31.0;101.0;46.0;299.0;12.0
2025-08-14;RS;8380;-18969.68114382235;8380;19.0;196.0;66.0;399.0;1.0
2025-08-14;TW;413;-191.28792338940193;413;3.0;15.0;0.0;7.0;0.0
2025-08-14;UP;7627;-16320.779933232228;7627;14.0;108.0;43.0;335.0;0.0
2025-08-14;US;51173;-117857.12320101688;51173;249.0;3450.0;797.0;2971.0;6.0
2025-08-15;GM;1669;-3395.926841789437;1669;22.0;65.0;16.0;62.0;1.0
2025-08-15;IS;6286;-28401.372493840005;6286;88.0;320.0;151.0;549.0;15.0
2025-08-15;NI;3533;-5628.65412234751;3533;16.0;160.0;63.0;143.0;0.0
2025-08-15;PK;2965;-6175.346830825563;2965;15.0;96.0;43.0;277.0;2.0
2025-08-15;RS;10461;-19662.879809616483;10461;51.0;221.0;92.0;451.0;7.0
2025-08-15;TW;422;-409.9615534305003;422;5.0;24.0;4.0;18.0;0.0
2025-08-15;UP;8375;-15315.528590706994;8375;54.0;98.0;57.0;352.0;9.0
2025-08-15;US;50203;-105668.41099563763;50203;243.0;2857.0;743.0;2905.0;9.0
2025-08-16;GM;1192;-1197.8310738725;1192;2.0;32.0;9.0;33.0;2.0
2025-08-16;IS;4069;-20765.53963461163;4069;87.0;202.0;125.0;410.0;17.0
2025-08-16;NI;2762;-5042.680544936323;2762;17.0;194.0;67.0;107.0;3.0
2025-08-16;PK;2459;-6184.356181726567;2459;9.0;87.0;37.0;159.0;1.0
2025-08-16;RS;10258;-10190.12718491291;10258;30.0;154.0;93.0;356.0;0.0
2025-08-16;TW;323;-345.9015142895941;323;1.0;4.0;0.0;3.0;0.0
2025-08-16;UP;9785;-8729.781248271347;9785;26.0;95.0;88.0;343.0;0.0
2025-08-16;US;33066;-53231.37154797855;33066;209.0;1586.0;380.0;1579.0;6.0
2025-08-17;GM;1618;-1928.583304299786;1618;4.0;23.0;10.0;45.0;2.0
2025-08-17;IS;4554;-23296.739051130447;4554;192.0;256.0;144.0;365.0;15.0
2025-08-17;NI;2791;-3242.1341542974833;2791;10.0;204.0;49.0;101.0;0.0
2025-08-17;PK;2054;-7725.3106879219185;2054;11.0;77.0;44.0;198.0;0.0
2025-08-17;RS;6853;-10083.608854582812;6853;28.0;82.0;75.0;285.0;1.0
2025-08-17;TW;376;-114.09325787655496;376;0.0;5.0;0.0;2.0;0.0
2025-08-17;UP;8216;-8877.509508637411;8216;9.0;60.0;78.0;315.0;1.0
2025-08-17;US;24361;-41768.79569551345;24361;205.0;1010.0;281.0;1405.0;0.0
2025-08-18;GM;2473;-3599.84412244155;2473;9.0;52.0;4.0;94.0;0.0
2025-08-18;IS;7644;-36249.54767682888;7644;152.0;378.0;279.0;638.0;20.0
2025-08-18;NI;4548;-4025.600181938617;4548;17.0;223.0;107.0;176.0;1.0
2025-08-18;PK;2710;-8116.493790316333;2710;30.0;104.0;26.0;145.0;0.0
2025-08-18;RS;11634;-19085.248425497222;11634;24.0;163.0;79.0;637.0;3.0
2025-08-18;TW;459;-72.29648426222504;459;4.0;10.0;0.0;17.0;0.0
2025-08-18;UP;15786;-21397.244088844676;15786;23.0;137.0;109.0;835.0;4.0
2025-08-18;US;47848;-91579.88529908952;47848;261.0;2272.0;570.0;2910.0;0.0
2025-08-19;GM;2640;-3149.5881768073696;2640;7.0;75.0;17.0;94.0;0.0
2025-08-19;IS;7746;-32810.159992399036;7746;115.0;323.0;224.0;609.0;26.0
2025-08-19;NI;4311;-8470.341927702664;4311;18.0;241.0;109.0;295.0;1.0
2025-08-19;PK;2386;-6846.540362995401;2386;30.0;90.0;15.0;110.0;0.0
2025-08-19;RS;10741;-12449.12263200132;10741;12.0;137.0;93.0;470.0;0.0
2025-08-19;TW;541;-339.7913650272898;541;5.0;18.0;5.0;16.0;0.0
2025-08-19;UP;13679;-10763.5119422049;13679;19.0;105.0;130.0;477.0;0.0
2025-08-19;US;53728;-108179.72599369493;53728;293.0;2969.0;793.0;3009.0;9.0
2025-08-20;GM;1748;-2563.3204717799017;1748;8.0;51.0;11.0;67.0;0.0
2025-08-20;IS;8629;-38558.01241948434;8629;164.0;337.0;216.0;647.0;29.0
2025-08-20;NI;3926;-8072.54719543689;3926;27.0;191.0;120.0;281.0;2.0
2025-08-20;PK;3114;-4954.518978379716;3114;12.0;111.0;26.0;102.0;0.0
2025-08-20;RS;8380;-13700.415726310135;8380;34.0;154.0;97.0;544.0;3.0
2025-08-20;TW;513;-378.42269437036066;513;8.0;21.0;2.0;12.0;0.0
2025-08-20;UP;7964;-9419.676093188898;7964;17.0;93.0;102.0;455.0;2.0
2025-08-20;US;52186;-113795.96058673834;52186;322.0;3147.0;886.0;2941.0;9.0
2025-08-21;GM;1904;-4491.886786529593;1904;13.0;159.0;7.0;67.0;0.0
2025-08-21;IS;8777;-42287.05472603695;8777;172.0;452.0;231.0;710.0;25.0
2025-08-21;NI;3650;-5980.687635879495;3650;21.0;210.0;89.0;243.0;0.0
2025-08-21;PK;3443;-5349.812560098822;3443;31.0;144.0;58.0;172.0;0.0
2025-08-21;RS;7095;-16726.645422637528;7095;38.0;167.0;117.0;601.0;2.0
2025-08-21;TW;481;-608.9451677237477;481;2.0;17.0;1.0;6.0;0.0
2025-08-21;UP;6886;-13067.593916038772;6886;27.0;146.0;120.0;585.0;1.0
2025-08-21;US;51392;-110909.77688555355;51392;280.0;3266.0;846.0;3134.0;7.0
2025-08-22;GM;1775;-3617.910085825265;1775;3.0;118.0;18.0;44.0;0.0
2025-08-22;IS;6996;-36285.763836814534;6996;82.0;321.0;174.0;546.0;19.0
2025-08-22;NI;4054;-4987.8866515221935;4054;13.0;245.0;76.0;253.0;1.0
2025-08-22;PK;2964;-5056.715180514714;2964;30.0;134.0;44.0;178.0;0.0
2025-08-22;RS;6068;-13206.914025206202;6068;20.0;166.0;108.0;515.0;0.0
2025-08-22;TW;561;-371.1432258117178;561;1.0;14.0;0.0;12.0;0.0
2025-08-22;UP;5180;-10208.471524880451;5180;22.0;119.0;97.0;403.0;0.0
2025-08-22;US;48783;-113189.19480371047;48783;231.0;3192.0;741.0;3064.0;15.0
2025-08-23;GM;1090;-3040.724263679104;1090;2.0;42.0;11.0;46.0;0.0
2025-08-23;IS;3990;-22000.24036535794;3990;78.0;138.0;104.0;333.0;7.0
2025-08-23;NI;3218;-5631.510744413168;3218;6.0;201.0;59.0;203.0;0.0
2025-08-23;PK;2724;-4007.531276505866;2724;19.0;122.0;30.0;125.0;0.0
2025-08-23;RS;3382;-7415.173932105247;3382;17.0;52.0;45.0;236.0;0.0
2025-08-23;TW;379;-326.6079023670762;379;3.0;27.0;7.0;2.0;0.0
2025-08-23;UP;3227;-6335.504226465983;3227;11.0;34.0;43.0;221.0;1.0
2025-08-23;US;29581;-72665.24957913716;29581;132.0;1917.0;525.0;1774.0;6.0
2025-08-24;GM;843;-1489.9546836060777;843;6.0;31.0;6.0;57.0;2.0
2025-08-24;IS;4856;-23872.35937665335;4856;123.0;218.0;117.0;542.0;16.0
2025-08-24;NI;3398;-5718.983892250073;3398;13.0;202.0;77.0;325.0;13.0
2025-08-24;PK;2683;-3551.4252688707456;2683;11.0;69.0;48.0;97.0;0.0
2025-08-24;RS;4290;-7978.812096184487;4290;26.0;72.0;71.0;381.0;3.0
2025-08-24;TW;398;-536.6902873232091;398;0.0;14.0;0.0;18.0;0.0
2025-08-24;UP;4287;-4747.66389262501;4287;23.0;44.0;62.0;340.0;3.0
2025-08-24;US;21005;-47857.92555026802;21005;165.0;1176.0;315.0;1441.0;11.0
2025-08-25;GM;1842;-3245.884126258262;1842;13.0;75.0;16.0;58.0;1.0
2025-08-25;IS;7654;-37802.660505798536;7654;131.0;243.0;269.0;1009.0;36.0
2025-08-25;NI;4721;-4718.685043860239;4721;14.0;194.0;92.0;225.0;2.0
2025-08-25;PK;2942;-8648.852492126522;2942;7.0;101.0;70.0;186.0;3.0
2025-08-25;RS;5008;-11104.399732969923;5008;20.0;114.0;94.0;368.0;0.0
2025-08-25;TW;417;-488.772020166526;417;1.0;34.0;4.0;45.0;0.0
2025-08-25;UP;5356;-6972.485177733895;5356;30.0;79.0;95.0;380.0;0.0
2025-08-25;US;39990;-96868.93691332322;39990;396.0;2524.0;662.0;2614.0;8.0
2025-08-26;GM;2282;-4570.659745576051;2282;9.0;73.0;36.0;80.0;2.0
2025-08-26;IS;8809;-45024.3311118475;8809;177.0;303.0;282.0;1039.0;36.0
2025-08-26;NI;4680;-4397.986228510162;4680;40.0;196.0;76.0;181.0;2.0
2025-08-26;PK;2456;-8482.37868794862;2456;32.0;114.0;40.0;207.0;2.0
2025-08-26;RS;4119;-9176.03558680534;4119;18.0;101.0;52.0;219.0;0.0
2025-08-26;TW;487;-621.4224669278293;487;0.0;21.0;2.0;12.0;0.0
2025-08-26;UP;4234;-5807.050052359616;4234;15.0;74.0;65.0;232.0;0.0
2025-08-26;US;46962;-108622.28692028428;46962;446.0;2860.0;794.0;2744.0;11.0
2025-08-27;GM;2273;-4860.751731614698;2273;34.0;86.0;28.0;83.0;1.0
2025-08-27;IS;8948;-43633.35502882319;8948;177.0;347.0;215.0;939.0;27.0
2025-08-27;NI;4495;-5471.235276338127;4495;31.0;231.0;93.0;179.0;2.0
2025-08-27;PK;2516;-7463.3656915102065;2516;29.0;72.0;37.0;137.0;0.0
2025-08-27;RS;4753;-10201.36602729126;4753;25.0;131.0;68.0;288.0;2.0
2025-08-27;TW;502;-450.4490892359033;502;4.0;30.0;0.0;13.0;0.0
2025-08-27;UP;3892;-6739.863795179923;3892;15.0;67.0;65.0;283.0;1.0
2025-08-27;US;51131;-123274.86687749373;51131;404.0;2923.0;833.0;3563.0;7.0
2025-08-28;GM;2398;-3744.827984844213;2398;8.0;64.0;23.0;104.0;1.0
2025-08-28;IS;8318;-37333.98036417911;8318;120.0;363.0;222.0;967.0;18.0
2025-08-28;NI;4312;-2386.530006978618;4312;28.0;219.0;79.0;189.0;1.0
2025-08-28;PK;2407;-7406.23142505093;2407;15.0;64.0;38.0;175.0;1.0
2025-08-28;RS;6223;-20759.74818623507;6223;10.0;185.0;84.0;630.0;1.0
2025-08-28;TW;554;-694.5482295409607;554;0.0;32.0;1.0;6.0;0.0
2025-08-28;UP;4909;-16528.383285134296;4909;11.0;148.0;78.0;578.0;1.0
2025-08-28;US;51831;-129861.55630532547;51831;339.0;3250.0;852.0;3961.0;11.0
2025-08-29;GM;1989;-4287.2633717125545;1989;11.0;42.0;26.0;72.0;1.0
2025-08-29;IS;6870;-31225.974005896627;6870;123.0;340.0;200.0;725.0;28.0
2025-08-29;NI;3802;-3575.4818426152874;3802;23.0;195.0;82.0;206.0;2.0
2025-08-29;PK;2444;-6797.560311452559;2444;7.0;81.0;20.0;164.0;1.0
2025-08-29;RS;5520;-15537.351247110617;5520;25.0;102.0;95.0;424.0;0.0
2025-08-29;TW;633;-186.49609772641185;633;2.0;17.0;1.0;8.0;0.0
2025-08-29;UP;4543;-13207.22649693681;4543;27.0;69.0;85.0;408.0;1.0
2025-08-29;US;46565;-114473.5266703122;46565;313.0;2882.0;753.0;3346.0;8.0
2025-08-30;GM;1063;-2194.4681717997937;1063;13.0;41.0;11.0;51.0;0.0
2025-08-30;IS;5263;-24567.811718731224;5263;71.0;237.0;150.0;666.0;20.0
2025-08-30;NI;3006;-2779.062443765314;3006;19.0;124.0;44.0;101.0;0.0
2025-08-30;PK;2717;-7642.711198008733;2717;11.0;103.0;27.0;192.0;1.0
2025-08-30;RS;4099;-10379.22694435366;4099;25.0;67.0;87.0;445.0;0.0
2025-08-30;TW;442;-626.0445324764943;442;2.0;5.0;0.0;18.0;0.0
2025-08-30;UP;3499;-10195.197317239055;3499;14.0;100.0;88.0;568.0;2.0
2025-08-30;US;28148;-63002.86012365541;28148;239.0;1601.0;428.0;1924.0;4.0
2025-08-31;GM;1035;-2423.8675964841605;1035;11.0;44.0;14.0;38.0;0.0
2025-08-31;IS;5209;-24500.68586950209;5209;97.0;200.0;178.0;709.0;22.0
2025-08-31;NI;2980;-3294.873275441935;2980;9.0;141.0;41.0;96.0;4.0
2025-08-31;PK;1897;-4815.2814867530815;1897;5.0;67.0;33.0;129.0;0.0
2025-08-31;RS;3669;-6795.87986627249;3669;6.0;67.0;48.0;300.0;0.0
2025-08-31;TW;222;100.00091465628871;222;0.0;6.0;0.0;12.0;0.0
2025-08-31;UP;2497;-7698.603210640643;2497;6.0;44.0;50.0;395.0;0.0
2025-08-31;US;19782;-45758.814724379976;19782;116.0;1029.0;288.0;1550.0;6.0
2025-09-01;GM;1507;-1540.158879096582;1507;21.0;45.0;2.0;60.0;0.0
2025-09-01;IS;6651;-30438.980039767837;6651;135.0;286.0;207.0;847.0;18.0
2025-09-01;NI;4187;-9334.980382888523;4187;11.0;314.0;69.0;117.0;0.0
2025-09-01;PK;2720;-7323.444460207827;2720;17.0;63.0;35.0;135.0;0.0
2025-09-01;RS;6240;-11598.886667381395;6240;18.0;144.0;84.0;351.0;0.0
2025-09-01;TW;419;-526.3961869298372;419;2.0;10.0;2.0;19.0;0.0
2025-09-01;UP;3356;-8980.864815033525;3356;21.0;126.0;65.0;369.0;0.0
2025-09-01;US;24748;-49025.19841454122;24748;331.0;1277.0;337.0;1677.0;13.0
2025-09-02;GM;1775;-1905.6024120474628;1775;23.0;35.0;17.0;68.0;0.0
2025-09-02;IS;6861;-29742.507819755425;6861;115.0;281.0;178.0;646.0;31.0
2025-09-02;NI;4335;-5590.151435120877;4335;24.0;278.0;47.0;136.0;0.0
2025-09-02;PK;2978;-8269.661791478877;2978;52.0;72.0;77.0;202.0;0.0
2025-09-02;RS;6398;-13039.35651973033;6398;22.0;86.0;60.0;361.0;2.0
2025-09-02;TW;523;-856.1555916987575;523;0.0;22.0;4.0;15.0;0.0
2025-09-02;UP;3131;-9200.544773133675;3131;13.0;62.0;52.0;314.0;3.0
2025-09-02;US;40996;-86901.34211085971;40996;554.0;2389.0;515.0;2889.0;8.0
2025-09-03;GM;2056;-1618.308696266456;2056;13.0;48.0;17.0;91.0;0.0
2025-09-03;IS;6998;-28611.04657048938;6998;158.0;268.0;189.0;595.0;17.0
2025-09-03;NI;4267;-3301.7041316592586;4267;22.0;221.0;67.0;258.0;2.0
2025-09-03;PK;3168;-9620.753767329295;3168;27.0;123.0;67.0;222.0;1.0
2025-09-03;RS;6367;-11608.37858490954;6367;20.0;96.0;66.0;307.0;2.0
2025-09-03;TW;568;-226.5660901181442;568;1.0;30.0;0.0;14.0;0.0
2025-09-03;UP;3578;-7201.0357876183;3578;17.0;58.0;63.0;315.0;1.0
2025-09-03;US;53105;-121843.4073850961;53105;411.0;3163.0;704.0;3438.0;2.0
2025-09-04;GM;2081;-2716.0615290674623;2081;20.0;48.0;18.0;109.0;2.0
2025-09-04;IS;7504;-33061.352081787845;7504;97.0;279.0;190.0;723.0;43.0
2025-09-04;NI;4341;-6068.452881562089;4341;23.0;165.0;112.0;227.0;0.0
2025-09-04;PK;2248;-7013.059611217;2248;13.0;73.0;46.0;191.0;1.0
2025-09-04;RS;5474;-8592.874553181458;5474;16.0;126.0;52.0;227.0;0.0
2025-09-04;TW;432;-639.6378872181127;432;6.0;13.0;7.0;10.0;0.0
2025-09-04;UP;4678;-5212.982863089655;4678;13.0;51.0;53.0;246.0;0.0
2025-09-04;US;53311;-116089.0541903818;53311;294.0;3173.0;857.0;3344.0;15.0
2025-09-05;GM;1618;-2180.9999699279733;1618;13.0;43.0;35.0;91.0;0.0
2025-09-05;IS;6464;-28868.1847327288;6464;79.0;316.0;210.0;461.0;24.0
2025-09-05;NI;4251;-6388.245595120023;4251;18.0;211.0;76.0;183.0;0.0
2025-09-05;PK;2069;-6664.141176821624;2069;24.0;79.0;28.0;151.0;0.0
2025-09-05;RS;5328;-10730.492112277743;5328;22.0;154.0;45.0;300.0;1.0
2025-09-05;TW;505;-141.82828618266342;505;1.0;6.0;1.0;10.0;0.0
2025-09-05;UP;4000;-6336.649677895801;4000;12.0;66.0;30.0;262.0;0.0
2025-09-05;US;47636;-111778.1407286778;47636;291.0;3109.0;763.0;3008.0;9.0
2025-09-06;GM;790;-1035.3079613234213;790;11.0;40.0;9.0;47.0;2.0
2025-09-06;IS;5394;-27158.26281088924;5394;187.0;368.0;166.0;451.0;16.0
2025-09-06;NI;3472;-6170.813966769035;3472;10.0;166.0;123.0;227.0;6.0
2025-09-06;PK;1994;-5293.547236445042;1994;10.0;79.0;9.0;131.0;6.0
2025-09-06;RS;2874;-6456.035229754352;2874;3.0;99.0;34.0;214.0;0.0
2025-09-06;TW;263;-215.2020276807405;263;0.0;9.0;1.0;5.0;0.0
2025-09-06;UP;2136;-3713.8030410287943;2136;10.0;50.0;28.0;198.0;2.0
2025-09-06;US;28682;-65377.258706837485;28682;203.0;1714.0;477.0;1992.0;3.0
2025-09-07;GM;695;-1051.4214314474352;695;9.0;25.0;15.0;23.0;0.0
2025-09-07;IS;5646;-30134.73885208539;5646;201.0;398.0;205.0;582.0;8.0
2025-09-07;NI;3284;-8638.483992097417;3284;22.0;156.0;83.0;211.0;2.0
2025-09-07;PK;1213;-2871.720553367158;1213;22.0;38.0;12.0;114.0;0.0
2025-09-07;RS;2900;-10518.001713939417;2900;5.0;68.0;110.0;452.0;0.0
2025-09-07;TW;379;-135.37829137688968;379;3.0;11.0;2.0;16.0;0.0
2025-09-07;UP;2432;-11269.870819032349;2432;9.0;75.0;137.0;566.0;0.0
2025-09-07;US;20211;-43435.9685483149;20211;204.0;1021.0;266.0;1605.0;5.0
2025-09-08;GM;1411;-2483.648161221393;1411;16.0;37.0;21.0;54.0;0.0
2025-09-08;IS;8022;-43654.16219209086;8022;182.0;487.0;240.0;1035.0;30.0
2025-09-08;NI;4274;-8964.20985901018;4274;25.0;197.0;98.0;279.0;2.0
2025-09-08;PK;2093;-5664.3363559038935;2093;32.0;69.0;40.0;157.0;0.0
2025-09-08;RS;4492;-16542.722017256427;4492;13.0;143.0;146.0;426.0;1.0
2025-09-08;TW;492;-142.57629958879252;492;5.0;12.0;0.0;24.0;0.0
2025-09-08;UP;3382;-15098.756219136209;3382;15.0;105.0;174.0;478.0;1.0
2025-09-08;US;40314;-92720.75084830566;40314;295.0;2591.0;712.0;3037.0;8.0
2025-09-09;GM;1862;-4110.959747676943;1862;11.0;83.0;22.0;70.0;2.0
2025-09-09;IS;11953;-61766.693009377195;11953;179.0;492.0;346.0;1241.0;31.0
2025-09-09;NI;3940;-7851.97569684672;3940;25.0;191.0;92.0;174.0;5.0
2025-09-09;PK;2583;-7299.931283500584;2583;27.0;134.0;44.0;168.0;2.0
2025-09-09;RS;4175;-12979.480613929947;4175;11.0;175.0;80.0;413.0;3.0
2025-09-09;TW;456;224.8721488987601;456;2.0;4.0;2.0;5.0;0.0
2025-09-09;UP;3373;-13620.349946767585;3373;4.0;97.0;158.0;478.0;1.0
2025-09-09;US;49149;-120360.7836136354;49149;329.0;3300.0;890.0;3392.0;16.0
2025-09-10;GM;1779;-4482.569283897996;1779;10.0;66.0;27.0;80.0;1.0
2025-09-10;IS;11960;-57821.656566129466;11960;153.0;409.0;409.0;1250.0;34.0
2025-09-10;NI;3590;-5988.4319567162975;3590;19.0;253.0;61.0;146.0;4.0
2025-09-10;PK;2065;-5234.271362269176;2065;9.0;98.0;27.0;90.0;0.0
2025-09-10;RS;7324;-31578.24824930823;7324;21.0;121.0;111.0;1120.0;0.0
2025-09-10;TW;517;-93.08852247167104;517;4.0;10.0;0.0;14.0;0.0
2025-09-10;UP;5288;-25550.00296726326;5288;9.0;168.0;128.0;958.0;1.0
2025-09-10;US;50754;-121036.4847218168;50754;268.0;2932.0;913.0;4558.0;12.0
2025-09-11;GM;1635;-3571.4800391364406;1635;10.0;79.0;9.0;67.0;0.0
2025-09-11;IS;9855;-46601.086354639745;9855;106.0;338.0;375.0;1100.0;27.0
2025-09-11;NI;4005;-8846.775143767081;4005;22.0;301.0;65.0;205.0;4.0
2025-09-11;PK;2270;-5258.3973991067605;2270;13.0;111.0;42.0;169.0;0.0
2025-09-11;RS;5650;-21563.2275444508;5650;26.0;125.0;69.0;658.0;1.0
2025-09-11;TW;413;-223.3085914982768;413;0.0;16.0;3.0;5.0;0.0
2025-09-11;UP;3885;-15352.36436766492;3885;12.0;126.0;105.0;549.0;2.0
2025-09-11;US;56100;-147747.5259232456;56100;246.0;2779.0;1378.0;6133.0;9.0
2025-09-12;GM;1506;-3060.28559356209;1506;12.0;50.0;9.0;89.0;1.0
2025-09-12;IS;8591;-38934.33695358884;8591;100.0;300.0;247.0;784.0;39.0
2025-09-12;NI;3456;-5326.346971087353;3456;37.0;198.0;66.0;146.0;1.0
2025-09-12;PK;2325;-6042.621377597536;2325;8.0;77.0;54.0;180.0;0.0
2025-09-12;RS;5665;-20757.50002047938;5665;22.0;108.0;71.0;473.0;4.0
2025-09-12;TW;577;-398.9812854353316;577;4.0;14.0;1.0;16.0;0.0
2025-09-12;UP;3975;-12089.028617531323;3975;16.0;83.0;76.0;402.0;0.0
2025-09-12;US;51660;-139963.98152827666;51660;269.0;2795.0;1383.0;4802.0;8.0
2025-09-13;GM;968;-2149.013526823773;968;10.0;38.0;9.0;54.0;2.0
2025-09-13;IS;5932;-26375.647805263932;5932;66.0;170.0;168.0;677.0;26.0
2025-09-13;NI;2291;-3021.3131862854752;2291;43.0;99.0;30.0;133.0;0.0
2025-09-13;PK;2656;-10388.19223663466;2656;14.0;82.0;52.0;293.0;2.0
2025-09-13;RS;3577;-13160.852765743704;3577;23.0;111.0;28.0;400.0;0.0
2025-09-13;TW;358;-503.6732465529342;358;4.0;8.0;0.0;11.0;0.0
2025-09-13;UP;2184;-7298.433716079356;2184;10.0;34.0;23.0;262.0;0.0
2025-09-13;US;30372;-84655.12060933653;30372;176.0;1720.0;760.0;2739.0;6.0
2025-09-14;GM;782;-2211.360609409268;782;14.0;23.0;8.0;46.0;0.0
2025-09-14;IS;6236;-28249.10072856409;6236;64.0;184.0;176.0;718.0;19.0
2025-09-14;NI;2664;-5604.451225629973;2664;25.0;169.0;63.0;137.0;2.0
2025-09-14;PK;1639;-3920.101899245378;1639;10.0;66.0;5.0;118.0;0.0
2025-09-14;RS;3171;-13736.940847719248;3171;9.0;84.0;39.0;466.0;0.0
2025-09-14;TW;325;-227.41195530277105;325;8.0;3.0;1.0;6.0;0.0
2025-09-14;UP;2050;-8360.225594629133;2050;1.0;31.0;44.0;340.0;0.0
2025-09-14;US;21296;-54141.90044328225;21296;133.0;1065.0;536.0;1995.0;5.0
2025-09-15;GM;1504;-3773.701153107289;1504;10.0;57.0;38.0;60.0;1.0
2025-09-15;IS;9350;-37040.698086143886;9350;94.0;333.0;255.0;870.0;34.0
2025-09-15;NI;3535;-5061.404733321809;3535;21.0;165.0;86.0;155.0;0.0
2025-09-15;PK;1897;-4617.75240759206;1897;7.0;53.0;14.0;165.0;0.0
2025-09-15;RS;4528;-17648.199597479015;4528;20.0;123.0;60.0;535.0;3.0
2025-09-15;TW;370;52.40827639019366;370;4.0;12.0;3.0;3.0;0.0
2025-09-15;UP;2938;-9812.090331133952;2938;11.0;76.0;54.0;388.0;0.0
2025-09-15;US;41276;-86395.91665685017;41276;191.0;2237.0;943.0;2980.0;10.0
2025-09-16;GM;1829;-4413.685662160636;1829;8.0;94.0;27.0;82.0;0.0
2025-09-16;IS;9977;-44316.4582882545;9977;95.0;312.0;277.0;898.0;40.0
2025-09-16;NI;3680;-6172.713379492333;3680;16.0;194.0;129.0;202.0;2.0
2025-09-16;PK;2536;-5419.724956728882;2536;7.0;54.0;19.0;259.0;0.0
2025-09-16;RS;4383;-13418.892636977002;4383;22.0;181.0;72.0;315.0;0.0
2025-09-16;TW;459;-86.7549472821674;459;0.0;18.0;0.0;8.0;0.0
2025-09-16;UP;2541;-7053.055998753187;2541;10.0;107.0;63.0;236.0;0.0
2025-09-16;US;50284;-125209.49392763224;50284;250.0;2753.0;1175.0;3784.0;6.0
2025-09-17;GM;2455;-9954.277723055588;2455;15.0;213.0;55.0;80.0;2.0
2025-09-17;IS;9065;-35466.32409006954;9065;92.0;331.0;238.0;664.0;33.0
2025-09-17;NI;3505;-5219.586261678559;3505;26.0;182.0;59.0;195.0;0.0
2025-09-17;PK;2415;-2638.042710930026;2415;20.0;69.0;20.0;166.0;0.0
2025-09-17;RS;3761;-8726.110919030594;3761;20.0;151.0;39.0;241.0;0.0
2025-09-17;TW;554;-197.36508912599612;554;2.0;22.0;1.0;17.0;0.0
2025-09-17;UP;2559;-4832.10255733522;2559;7.0;64.0;49.0;198.0;0.0
2025-09-17;US;51407;-123151.24876226584;51407;273.0;2938.0;1110.0;3779.0;1.0
2025-09-18;GM;1555;-2887.1449737371663;1555;15.0;48.0;26.0;105.0;2.0
2025-09-18;IS;9846;-39759.720300258625;9846;187.0;425.0;264.0;1069.0;46.0
2025-09-18;NI;3436;-3902.0919430330114;3436;28.0;149.0;42.0;139.0;0.0
2025-09-18;PK;2867;-4472.290021397968;2867;26.0;94.0;43.0;250.0;2.0
2025-09-18;RS;4255;-12337.023809436894;4255;21.0;195.0;102.0;377.0;0.0
2025-09-18;TW;477;135.36847149773456;477;2.0;12.0;2.0;12.0;0.0
2025-09-18;UP;2977;-6808.671664596441;2977;19.0;72.0;55.0;319.0;0.0
2025-09-18;US;50934;-116894.71003747168;50934;407.0;2897.0;1024.0;3755.0;12.0
2025-09-19;GM;1530;-3905.4484496384143;1530;11.0;65.0;13.0;90.0;0.0
2025-09-19;IS;7388;-29540.58488926089;7388;124.0;284.0;213.0;627.0;31.0
2025-09-19;NI;3331;-2811.119371707636;3331;29.0;198.0;76.0;162.0;0.0
2025-09-19;PK;3116;-6635.649444790026;3116;11.0;82.0;38.0;219.0;4.0
2025-09-19;RS;4955;-17177.44399625132;4955;16.0;135.0;45.0;374.0;1.0
2025-09-19;TW;730;130.32274913273815;730;1.0;19.0;1.0;23.0;0.0
2025-09-19;UP;2557;-6626.2373318955915;2557;9.0;57.0;38.0;252.0;0.0
2025-09-19;US;48684;-110188.79351459586;48684;361.0;2833.0;897.0;3215.0;5.0
2025-09-20;GM;965;-2657.764368577915;965;6.0;40.0;14.0;60.0;0.0
2025-09-20;IS;4901;-21556.179173155306;4901;42.0;186.0;211.0;577.0;7.0
2025-09-20;NI;2628;-3322.2536049385653;2628;19.0;207.0;46.0;151.0;1.0
2025-09-20;PK;2399;-5680.73306993416;2399;7.0;126.0;19.0;184.0;4.0
2025-09-20;RS;3894;-16103.632882226886;3894;11.0;88.0;58.0;462.0;0.0
2025-09-20;TW;379;-43.64185074568814;379;0.0;2.0;1.0;4.0;0.0
2025-09-20;UP;1906;-8269.822599283425;1906;6.0;35.0;73.0;383.0;0.0
2025-09-20;US;28646;-65595.72460239586;28646;191.0;1662.0;621.0;1932.0;2.0
2025-09-21;GM;907;-1994.7817740570033;907;0.0;31.0;15.0;37.0;0.0
2025-09-21;IS;8953;-29583.001300075295;8953;70.0;209.0;194.0;652.0;17.0
2025-09-21;NI;2945;-3364.085700225494;2945;20.0;166.0;62.0;159.0;0.0
2025-09-21;PK;1985;-6307.620433110153;1985;19.0;77.0;52.0;221.0;0.0
2025-09-21;RS;2410;-9515.79571504385;2410;7.0;69.0;48.0;269.0;0.0
2025-09-21;TW;344;205.06130916918377;344;0.0;10.0;1.0;6.0;0.0
2025-09-21;UP;1172;-4881.995686552657;1172;5.0;28.0;44.0;191.0;0.0
2025-09-21;US;21607;-44193.14580305172;21607;141.0;1056.0;384.0;1560.0;1.0
2025-09-22;GM;1544;-3058.2238297050308;1544;11.0;56.0;13.0;54.0;1.0
2025-09-22;IS;11909;-35095.95015961379;11909;136.0;259.0;279.0;814.0;24.0
2025-09-22;NI;4042;-7288.653359866416;4042;14.0;201.0;111.0;346.0;0.0
2025-09-22;PK;2776;-7255.109931274623;2776;23.0;93.0;46.0;346.0;0.0
2025-09-22;RS;4865;-18271.913085173437;4865;26.0;145.0;70.0;465.0;0.0
2025-09-22;TW;470;-463.2678162570955;470;5.0;22.0;3.0;14.0;0.0
2025-09-22;UP;2823;-9468.044693586397;2823;28.0;57.0;63.0;358.0;0.0
2025-09-22;US;42645;-80024.5113677393;42645;258.0;2167.0;758.0;2704.0;8.0
2025-09-23;GM;1657;-2469.4916715500126;1657;17.0;34.0;12.0;60.0;5.0
2025-09-23;IS;11549;-33531.128203196786;11549;137.0;308.0;206.0;616.0;31.0
2025-09-23;NI;3107;-5616.81323249217;3107;19.0;213.0;106.0;114.0;0.0
2025-09-23;PK;3009;-5869.96727108835;3009;19.0;117.0;23.0;207.0;0.0
2025-09-23;RS;5988;-21274.424036165943;5988;13.0;155.0;109.0;467.0;0.0
2025-09-23;TW;696;-100.09679087577555;696;4.0;17.0;4.0;20.0;0.0
2025-09-23;UP;4888;-14619.3867838613;4888;7.0;96.0;113.0;316.0;0.0
2025-09-23;US;50167;-103167.5109087428;50167;268.0;2713.0;772.0;2602.0;14.0
2025-09-24;GM;1739;-2661.854493842821;1739;5.0;48.0;12.0;61.0;0.0
2025-09-24;IS;9214;-30508.254430703775;9214;59.0;164.0;162.0;854.0;14.0
2025-09-24;NI;3961;-4826.140026206628;3961;26.0;219.0;83.0;175.0;1.0
2025-09-24;PK;3132;-6090.374657787293;3132;23.0;87.0;32.0;207.0;2.0
2025-09-24;RS;6712;-20510.11114265793;6712;48.0;153.0;88.0;535.0;0.0
2025-09-24;TW;614;-1260.8618198808529;614;0.0;23.0;6.0;19.0;0.0
2025-09-24;UP;5383;-14794.541248116591;5383;21.0;67.0;102.0;378.0;0.0
2025-09-24;US;50847;-106366.24377600184;50847;282.0;2623.0;857.0;3035.0;6.0
2025-09-25;GM;1612;-3023.417019889943;1612;14.0;62.0;17.0;70.0;4.0
2025-09-25;IS;9617;-33493.76591173889;9617;102.0;252.0;190.0;881.0;23.0
2025-09-25;NI;3535;-5004.977807231842;3535;20.0;222.0;58.0;145.0;0.0
2025-09-25;PK;3068;-5145.384843471883;3068;25.0;87.0;30.0;141.0;1.0
2025-09-25;RS;6306;-19144.071664965;6306;27.0;163.0;44.0;483.0;2.0
2025-09-25;TW;593;-938.5746956670672;593;0.0;39.0;2.0;12.0;0.0
2025-09-25;UP;3898;-9145.540337100105;3898;23.0;59.0;33.0;280.0;2.0
2025-09-25;US;51948;-107306.5251423671;51948;253.0;2853.0;855.0;3186.0;6.0
2025-09-26;GM;1748;-3080.561828999929;1748;5.0;42.0;14.0;64.0;0.0
2025-09-26;IS;10455;-37552.038760938194;10455;146.0;366.0;183.0;747.0;32.0
2025-09-26;NI;3707;-850.6762701123783;3707;16.0;186.0;56.0;122.0;0.0
2025-09-26;PK;3755;-5022.950928810934;3755;18.0;73.0;9.0;163.0;2.0
2025-09-26;RS;6155;-20054.244490211007;6155;15.0;344.0;58.0;417.0;0.0
2025-09-26;TW;592;-51.532558265005314;592;4.0;20.0;1.0;14.0;0.0
2025-09-26;UP;2660;-8320.132093843962;2660;22.0;73.0;35.0;240.0;0.0
2025-09-26;US;49217;-105565.79360017166;49217;237.0;3035.0;989.0;2735.0;8.0
2025-09-27;GM;1152;-3214.758618255441;1152;30.0;22.0;6.0;78.0;2.0
2025-09-27;IS;6413;-28089.660282629768;6413;165.0;206.0;163.0;673.0;36.0
2025-09-27;NI;2424;-1096.9708976410668;2424;13.0;145.0;41.0;71.0;0.0
2025-09-27;PK;3250;-9457.590577316394;3250;27.0;79.0;42.0;226.0;23.0
2025-09-27;RS;3563;-11935.03841071892;3563;9.0;123.0;26.0;243.0;1.0
2025-09-27;TW;346;-103.25160187026306;346;6.0;9.0;3.0;12.0;0.0
2025-09-27;UP;1783;-6892.332878222143;1783;7.0;59.0;24.0;186.0;0.0
2025-09-27;US;29704;-74796.34293554293;29704;275.0;1789.0;625.0;1902.0;4.0
2025-09-28;GM;1146;-3622.086063087712;1146;22.0;39.0;6.0;46.0;2.0
2025-09-28;IS;5401;-20757.202521841264;5401;82.0;166.0;158.0;518.0;22.0
2025-09-28;NI;2646;-4612.65390233239;2646;21.0;148.0;99.0;116.0;1.0
2025-09-28;PK;1948;-5259.702526731748;1948;19.0;64.0;23.0;123.0;4.0
2025-09-28;RS;3443;-13583.4727318502;3443;16.0;119.0;64.0;380.0;0.0
2025-09-28;TW;307;-124.79611697479888;307;0.0;2.0;1.0;9.0;0.0
2025-09-28;UP;1909;-8431.143891227906;1909;17.0;47.0;59.0;328.0;0.0
2025-09-28;US;21994;-54240.22858649831;21994;139.0;1075.0;402.0;1833.0;4.0
2025-09-29;GM;1909;-4047.18228561205;1909;16.0;49.0;23.0;58.0;3.0
2025-09-29;IS;9928;-30387.542410523405;9928;139.0;242.0;242.0;736.0;23.0
2025-09-29;NI;3356;-6551.725685340572;3356;38.0;145.0;42.0;180.0;0.0
2025-09-29;PK;2223;-4799.675066520988;2223;33.0;88.0;18.0;136.0;0.0
2025-09-29;RS;4678;-13375.381405286418;4678;41.0;179.0;82.0;401.0;3.0
2025-09-29;TW;541;-137.75258038972473;541;4.0;20.0;0.0;13.0;0.0
2025-09-29;UP;2840;-8626.267960142564;2840;18.0;106.0;62.0;284.0;4.0
2025-09-29;US;41923;-93428.463001816;41923;299.0;2201.0;768.0;3342.0;4.0
2025-09-30;GM;1890;-4514.235730136879;1890;14.0;177.0;19.0;49.0;0.0
2025-09-30;IS;12501;-26835.030891260983;12501;118.0;307.0;228.0;640.0;37.0
2025-09-30;NI;3465;-5491.309080820211;3465;28.0;125.0;56.0;156.0;3.0
2025-09-30;PK;3216;-7674.115355793823;3216;29.0;78.0;64.0;261.0;0.0
2025-09-30;RS;3774;-11982.637012162188;3774;15.0;184.0;57.0;431.0;4.0
2025-09-30;TW;486;-209.5131252959332;486;0.0;12.0;4.0;15.0;0.0
2025-09-30;UP;2791;-8776.49691272347;2791;8.0;134.0;42.0;370.0;0.0
2025-09-30;US;49529;-113053.08754428562;49529;293.0;2775.0;877.0;3058.0;9.0
2025-10-01;GM;1759;-5044.798294935705;1759;14.0;148.0;41.0;70.0;0.0
2025-10-01;IS;9528;-30522.720114735497;9528;125.0;361.0;203.0;757.0;16.0
2025-10-01;NI;3459;-4739.843876579045;3459;22.0;159.0;84.0;152.0;0.0
2025-10-01;PK;2566;-8421.422623685887;2566;35.0;111.0;34.0;209.0;2.0
2025-10-01;RS;3813;-12194.946128063628;3813;22.0;160.0;62.0;249.0;0.0
2025-10-01;TW;634;-523.1533975954966;634;3.0;18.0;10.0;24.0;0.0
2025-10-01;UP;2619;-7353.708092216399;2619;12.0;81.0;61.0;204.0;0.0
2025-10-01;US;50333;-103227.44623420344;50333;361.0;2633.0;851.0;2639.0;6.0
2025-10-02;GM;1564;-2958.879906072475;1564;67.0;70.0;11.0;57.0;0.0
2025-10-02;IS;10455;-37958.80127511828;10455;409.0;694.0;258.0;782.0;25.0
2025-10-02;NI;3744;-4166.651374685567;3744;46.0;126.0;78.0;176.0;1.0
2025-10-02;PK;3039;-11593.178807533186;3039;49.0;147.0;69.0;252.0;2.0
2025-10-02;RS;3953;-12696.04100075364;3953;10.0;130.0;49.0;270.0;0.0
2025-10-02;TW;489;-232.9767921412867;489;2.0;3.0;4.0;10.0;0.0
2025-10-02;UP;2976;-7955.385066677013;2976;11.0;63.0;36.0;233.0;0.0
2025-10-02;US;46543;-96013.64581559128;46543;306.0;2620.0;693.0;2482.0;10.0
2025-10-03;GM;1739;-3235.715904274192;1739;43.0;66.0;22.0;96.0;1.0
2025-10-03;IS;10826;-42482.708743861745;10826;552.0;629.0;243.0;637.0;24.0
2025-10-03;NI;3611;-6050.602900902438;3611;10.0;164.0;128.0;156.0;3.0
2025-10-03;PK;3461;-11212.267367295724;3461;116.0;108.0;65.0;270.0;4.0
2025-10-03;RS;4283;-14835.894185449351;4283;15.0;130.0;56.0;328.0;0.0
2025-10-03;TW;372;-227.25065348449925;372;0.0;14.0;5.0;5.0;0.0
2025-10-03;UP;2594;-7937.552919010528;2594;11.0;37.0;48.0;284.0;0.0
2025-10-03;US;44831;-102817.5990467642;44831;393.0;2730.0;771.0;2565.0;12.0
2025-10-04;GM;871;-1252.7093932930748;871;24.0;27.0;2.0;42.0;0.0
2025-10-04;IS;9131;-29064.879554007315;9131;339.0;497.0;199.0;494.0;23.0
2025-10-04;NI;2721;-5867.473756504584;2721;22.0;116.0;68.0;163.0;0.0
2025-10-04;PK;2179;-4730.367710418055;2179;37.0;78.0;28.0;119.0;3.0
2025-10-04;RS;2103;-8633.23687786315;2103;8.0;85.0;48.0;337.0;0.0
2025-10-04;TW;310;-147.2955371246939;310;1.0;6.0;0.0;4.0;0.0
2025-10-04;UP;1475;-7099.902693583773;1475;5.0;26.0;41.0;374.0;0.0
2025-10-04;US;26629;-64505.30319192399;26629;270.0;1524.0;402.0;1621.0;0.0
2025-10-05;GM;815;-1127.7741804747104;815;15.0;21.0;5.0;28.0;0.0
2025-10-05;IS;8442;-31913.493570140396;8442;263.0;445.0;209.0;532.0;25.0
2025-10-05;NI;3130;-5693.751830388254;3130;12.0;111.0;78.0;187.0;2.0
2025-10-05;PK;1907;-3654.085294332057;1907;33.0;75.0;31.0;156.0;4.0
2025-10-05;RS;1867;-7374.639028009042;1867;12.0;55.0;57.0;331.0;0.0
2025-10-05;TW;302;-39.80385181827852;302;0.0;11.0;3.0;8.0;0.0
2025-10-05;UP;1394;-5892.245443042435;1394;13.0;36.0;70.0;362.0;2.0
2025-10-05;US;20989;-53141.582503587975;20989;273.0;1039.0;328.0;1573.0;6.0
2025-10-06;GM;1460;-3661.59031151132;1460;30.0;104.0;18.0;32.0;0.0
2025-10-06;IS;11384;-46793.791335930495;11384;260.0;757.0;333.0;715.0;19.0
2025-10-06;NI;3691;-4964.982862116522;3691;24.0;129.0;66.0;207.0;3.0
2025-10-06;PK;2237;-3468.2682748074217;2237;21.0;96.0;20.0;160.0;2.0
2025-10-06;RS;2976;-10630.864086751775;2976;23.0;84.0;73.0;330.0;1.0
2025-10-06;TW;429;-108.1001149333298;429;1.0;16.0;0.0;14.0;0.0
2025-10-06;UP;1833;-6421.361808153808;1833;14.0;47.0;73.0;301.0;0.0
2025-10-06;US;39692;-95092.87558385884;39692;386.0;2244.0;664.0;2437.0;7.0
2025-10-07;GM;2044;-4545.507650488037;2044;20.0;79.0;66.0;175.0;0.0
2025-10-07;IS;13261;-62560.32122493786;13261;340.0;627.0;453.0;1385.0;51.0
2025-10-07;NI;3765;-4732.9143985207365;3765;16.0;107.0;67.0;166.0;1.0
2025-10-07;PK;2398;-6799.756131811092;2398;19.0;88.0;97.0;214.0;1.0
2025-10-07;RS;4817;-12587.198869292515;4817;29.0;194.0;51.0;481.0;7.0
2025-10-07;TW;377;-409.9955415184667;377;1.0;7.0;0.0;9.0;0.0
2025-10-07;UP;2904;-8826.554760371891;2904;11.0;64.0;34.0;382.0;5.0
2025-10-07;US;47304;-108815.80206930437;47304;430.0;2530.0;722.0;2829.0;18.0
2025-10-08;GM;1916;-4050.6929385468393;1916;21.0;71.0;27.0;129.0;0.0
2025-10-08;IS;10545;-40474.22509278347;10545;204.0;518.0;402.0;797.0;34.0
2025-10-08;NI;3983;-7565.197038238586;3983;25.0;143.0;75.0;193.0;1.0
2025-10-08;PK;2450;-6496.990087634627;2450;9.0;62.0;44.0;320.0;1.0
2025-10-08;RS;4136;-12192.500975758918;4136;25.0;190.0;50.0;298.0;0.0
2025-10-08;TW;556;-566.683767434762;556;5.0;16.0;1.0;20.0;0.0
2025-10-08;UP;1862;-6309.222205451674;1862;12.0;56.0;35.0;239.0;0.0
2025-10-08;US;48527;-110932.16559886732;48527;375.0;3107.0;853.0;2812.0;3.0
2025-10-09;GM;1618;-1673.0733436656938;1618;7.0;63.0;30.0;68.0;1.0
2025-10-09;IS;15647;-25075.04870104675;15647;154.0;492.0;359.0;737.0;27.0
2025-10-09;NI;4245;-5294.517589947783;4245;38.0;243.0;65.0;161.0;0.0
2025-10-09;PK;2588;-4591.923434468221;2588;14.0;66.0;29.0;300.0;2.0
2025-10-09;RS;4060;-10991.978987136668;4060;15.0;112.0;46.0;334.0;0.0
2025-10-09;TW;581;-231.7388449809008;581;0.0;13.0;1.0;24.0;0.0
2025-10-09;UP;2292;-6544.536091769727;2292;10.0;36.0;46.0;275.0;0.0
2025-10-09;US;49192;-101070.3456546124;49192;394.0;2960.0;848.0;2877.0;6.0
2025-10-10;GM;1397;-1879.514078958185;1397;23.0;40.0;18.0;64.0;2.0
2025-10-10;IS;12393;-26173.686681351926;12393;135.0;424.0;271.0;761.0;26.0
2025-10-10;NI;3475;-3808.3967824491224;3475;24.0;183.0;42.0;178.0;8.0
2025-10-10;PK;2907;-10107.328570328164;2907;58.0;111.0;50.0;331.0;5.0
2025-10-10;RS;4577;-10122.85501459034;4577;19.0;183.0;104.0;340.0;1.0
2025-10-10;TW;549;-293.123940006086;549;2.0;3.0;1.0;11.0;0.0
2025-10-10;UP;2614;-6391.154436901308;2614;6.0;66.0;94.0;245.0;0.0
2025-10-10;US;47279;-98004.66416116605;47279;377.0;3027.0;758.0;2646.0;10.0
2025-10-11;GM;799;-1296.029698811625;799;13.0;43.0;11.0;39.0;0.0
2025-10-11;IS;7624;-23886.32786398305;7624;136.0;239.0;208.0;563.0;11.0
2025-10-11;NI;2733;-4062.609289201366;2733;13.0;143.0;44.0;178.0;4.0
2025-10-11;PK;2701;-11207.677230309057;2701;26.0;153.0;86.0;420.0;2.0
2025-10-11;RS;2802;-3590.2212961825303;2802;21.0;65.0;47.0;260.0;0.0
2025-10-11;TW;441;-868.4457335816977;441;2.0;2.0;6.0;16.0;0.0
2025-10-11;UP;1529;-3171.53405305043;1529;15.0;36.0;44.0;212.0;0.0
2025-10-11;US;27607;-58477.98521785912;27607;222.0;1646.0;450.0;1658.0;5.0
2025-10-12;GM;751;-1040.2053409930063;751;8.0;30.0;18.0;24.0;0.0
2025-10-12;IS;9367;-26728.47380729933;9367;120.0;324.0;290.0;572.0;19.0
2025-10-12;NI;2550;-5727.62425145985;2550;13.0;203.0;38.0;114.0;10.0
2025-10-12;PK;3508;-16391.182050041953;3508;30.0;120.0;39.0;615.0;2.0
2025-10-12;RS;1573;-4440.9902860430775;1573;6.0;42.0;24.0;166.0;2.0
2025-10-12;TW;237;-329.54994274869824;237;0.0;7.0;3.0;7.0;0.0
2025-10-12;UP;1308;-3642.185530566458;1308;2.0;14.0;34.0;141.0;4.0
2025-10-12;US;19899;-40367.47551151484;19899;171.0;985.0;336.0;1289.0;2.0
2025-10-13;GM;1756;-850.9575398327759;1756;8.0;46.0;29.0;45.0;0.0
2025-10-13;IS;21684;-54135.76812328486;21684;172.0;619.0;600.0;1025.0;23.0
2025-10-13;NI;3228;-3156.22384220495;3228;22.0;168.0;30.0;153.0;1.0
2025-10-13;PK;3630;-13432.81739728646;3630;99.0;147.0;56.0;619.0;0.0
2025-10-13;RS;3745;-8452.045493221338;3745;6.0;134.0;31.0;205.0;2.0
2025-10-13;TW;329;-152.2349206901213;329;4.0;3.0;0.0;3.0;0.0
2025-10-13;UP;2881;-7883.003646140943;2881;3.0;67.0;31.0;192.0;0.0
2025-10-13;US;34121;-58339.67388913588;34121;288.0;1826.0;598.0;1903.0;4.0
2025-10-14;GM;1381;-1315.7079099391258;1381;14.0;46.0;28.0;47.0;0.0
2025-10-14;IS;15004;-36569.48713345187;15004;109.0;427.0;417.0;848.0;32.0
2025-10-14;NI;3340;-3633.4294455110366;3340;31.0;112.0;51.0;103.0;0.0
2025-10-14;PK;3082;-9607.229679840266;3082;31.0;114.0;61.0;404.0;2.0
2025-10-14;RS;3848;-9971.49538530986;3848;10.0;90.0;45.0;298.0;0.0
2025-10-14;TW;369;-192.48667378343384;369;1.0;9.0;6.0;15.0;0.0
2025-10-14;UP;3147;-8150.798274263681;3147;3.0;53.0;47.0;302.0;0.0
2025-10-14;US;45576;-86257.52639291271;45576;431.0;2494.0;831.0;2467.0;8.0
2025-10-15;GM;1634;-2521.2988700562714;1634;7.0;70.0;16.0;66.0;0.0
2025-10-15;IS;9445;-34153.36527334687;9445;117.0;446.0;326.0;687.0;23.0
2025-10-15;NI;4000;-1761.8064379612283;4000;27.0;129.0;33.0;110.0;9.0
2025-10-15;PK;3670;-18956.5554631875;3670;32.0;105.0;97.0;805.0;1.0
2025-10-15;RS;4355;-10886.871262831331;4355;20.0;115.0;53.0;327.0;0.0
2025-10-15;TW;395;-390.3104669026586;395;1.0;10.0;4.0;12.0;0.0
2025-10-15;UP;3301;-7627.183194675425;3301;7.0;58.0;52.0;281.0;0.0
2025-10-15;US;48017;-97940.21959393924;48017;475.0;2783.0;853.0;2618.0;9.0
2025-10-16;GM;1639;-3540.8367172170047;1639;9.0;92.0;27.0;81.0;0.0
2025-10-16;IS;8787;-31568.376434550137;8787;107.0;338.0;265.0;821.0;28.0
2025-10-16;NI;3771;-4422.715891719084;3771;19.0;188.0;35.0;120.0;6.0
2025-10-16;PK;3309;-13873.20901894611;3309;28.0;89.0;49.0;550.0;1.0
2025-10-16;RS;7226;-15212.522277563445;7226;23.0;159.0;70.0;429.0;0.0
2025-10-16;TW;298;-209.250072220483;298;3.0;9.0;1.0;16.0;0.0
2025-10-16;UP;4736;-10651.23895493726;4736;14.0;49.0;61.0;369.0;0.0
2025-10-16;US;52314;-108756.7269098388;52314;542.0;3126.0;924.0;2701.0;7.0
2025-10-17;GM;1626;-3017.5817632059884;1626;24.0;95.0;25.0;80.0;0.0
2025-10-17;IS;7948;-28319.52602807413;7948;94.0;409.0;211.0;707.0;13.0
2025-10-17;NI;3257;-3831.911992220309;3257;21.0;140.0;77.0;154.0;0.0
2025-10-17;PK;3386;-14556.251409497278;3386;42.0;119.0;74.0;592.0;0.0
2025-10-17;RS;6985;-13412.122415585733;6985;15.0;209.0;61.0;333.0;3.0
2025-10-17;TW;331;-447.7778004156046;331;3.0;19.0;1.0;11.0;0.0
2025-10-17;UP;6726;-12044.46022468995;6726;18.0;113.0;51.0;306.0;6.0
2025-10-17;US;51919;-116478.8824163087;51919;802.0;3085.0;824.0;2449.0;23.0
2025-10-18;GM;988;-1784.9540674096993;988;43.0;49.0;4.0;37.0;0.0
2025-10-18;IS;5115;-19730.49348099927;5115;103.0;185.0;136.0;385.0;10.0
2025-10-18;NI;2588;-3375.7682994964025;2588;8.0;85.0;63.0;176.0;0.0
2025-10-18;PK;2289;-8190.973534773416;2289;13.0;70.0;31.0;265.0;0.0
2025-10-18;RS;3458;-8701.597957794964;3458;10.0;112.0;52.0;245.0;0.0
2025-10-18;TW;221;-97.90252910607502;221;0.0;13.0;3.0;10.0;0.0
2025-10-18;UP;3924;-8207.664351237981;3924;8.0;36.0;37.0;276.0;1.0
2025-10-18;US;33418;-81625.58123630621;33418;1527.0;1810.0;503.0;1677.0;4.0
2025-10-19;GM;945;-2017.2941841801396;945;44.0;61.0;8.0;63.0;1.0
2025-10-19;IS;6205;-31721.71685758345;6205;61.0;221.0;173.0;877.0;17.0
2025-10-19;NI;2606;-4465.564362348168;2606;17.0;201.0;35.0;110.0;2.0
2025-10-19;PK;2335;-6099.175861797916;2335;6.0;59.0;17.0;226.0;0.0
2025-10-19;RS;2422;-6197.96234032345;2422;27.0;61.0;55.0;186.0;2.0
2025-10-19;TW;218;-447.1967035897017;218;2.0;3.0;6.0;8.0;0.0
2025-10-19;UP;2050;-5624.479449431492;2050;14.0;38.0;34.0;170.0;1.0
2025-10-19;US;23886;-57241.80172550193;23886;1467.0;1153.0;315.0;1256.0;5.0
2025-10-20;GM;1425;-1852.6980511949355;1425;44.0;67.0;13.0;57.0;0.0
2025-10-20;IS;7242;-30272.71782625628;7242;115.0;254.0;229.0;826.0;20.0
2025-10-20;NI;3976;-10973.593846977556;3976;108.0;350.0;93.0;233.0;2.0
2025-10-20;PK;2145;-4244.533507710437;2145;22.0;67.0;28.0;159.0;0.0
2025-10-20;RS;6212;-16920.813155265347;6212;56.0;329.0;74.0;433.0;2.0
2025-10-20;TW;419;44.795806634884336;419;0.0;12.0;5.0;17.0;0.0
2025-10-20;UP;5289;-10313.97286906478;5289;9.0;93.0;57.0;274.0;0.0
2025-10-20;US;38421;-79777.97670826937;38421;984.0;1952.0;601.0;1891.0;10.0
2025-10-21;GM;1780;-2637.2976840828305;1780;27.0;58.0;11.0;67.0;0.0
2025-10-21;IS;8303;-30914.44108196094;8303;79.0;302.0;234.0;779.0;5.0
2025-10-21;NI;4033;-10968.031277820804;4033;105.0;393.0;118.0;182.0;0.0
2025-10-21;PK;2277;-5627.314234112633;2277;38.0;94.0;36.0;212.0;0.0
2025-10-21;RS;6086;-15035.233530549123;6086;29.0;158.0;87.0;416.0;0.0
2025-10-21;TW;586;-578.6958993245872;586;0.0;13.0;0.0;6.0;0.0
2025-10-21;UP;5336;-12696.267898585898;5336;8.0;116.0;66.0;357.0;0.0
2025-10-21;US;51209;-112084.56105180824;51209;685.0;3020.0;942.0;2771.0;6.0
2025-10-22;GM;1652;-1308.5308643629437;1652;12.0;46.0;21.0;55.0;0.0
2025-10-22;IS;7197;-25550.00809202723;7197;77.0;264.0;176.0;534.0;26.0
2025-10-22;NI;3566;-7086.944756788078;3566;43.0;175.0;94.0;163.0;3.0
2025-10-22;PK;2147;-4026.975815022358;2147;13.0;105.0;25.0;146.0;0.0
2025-10-22;RS;6535;-19580.617465710395;6535;29.0;194.0;81.0;498.0;4.0
2025-10-22;TW;536;-652.7583570072007;536;2.0;26.0;4.0;13.0;0.0
2025-10-22;UP;5115;-15649.309975905056;5115;13.0;88.0;80.0;423.0;0.0
2025-10-22;US;51489;-105136.82687709956;51489;407.0;2881.0;772.0;2739.0;16.0
2025-10-23;GM;1735;-2375.2060711856475;1735;13.0;77.0;9.0;83.0;1.0
2025-10-23;IS;7865;-24227.60759250952;7865;96.0;256.0;161.0;558.0;16.0
2025-10-23;NI;3482;-6017.699569146199;3482;40.0;222.0;52.0;178.0;4.0
2025-10-23;PK;2219;-4842.69735581179;2219;36.0;148.0;49.0;159.0;1.0
2025-10-23;RS;7405;-26980.964878899395;7405;38.0;287.0;86.0;526.0;0.0
2025-10-23;TW;407;-630.5627481713109;407;0.0;13.0;2.0;13.0;0.0
2025-10-23;UP;4785;-16767.301830736706;4785;13.0;98.0;64.0;458.0;0.0
2025-10-23;US;51189;-107453.98919435983;51189;423.0;2832.0;720.0;2843.0;5.0
2025-10-24;GM;1616;-1538.011032867271;1616;21.0;69.0;21.0;71.0;0.0
2025-10-24;IS;6265;-21371.85519471113;6265;104.0;234.0;145.0;408.0;19.0
2025-10-24;NI;3716;-4551.0325185746715;3716;47.0;252.0;62.0;162.0;0.0
2025-10-24;PK;2103;-4503.0071875822905;2103;18.0;134.0;61.0;208.0;2.0
2025-10-24;RS;5979;-18814.47402516654;5979;31.0;241.0;93.0;382.0;0.0
2025-10-24;TW;553;-297.7685269665546;553;1.0;20.0;0.0;7.0;0.0
2025-10-24;UP;4346;-10334.70836412634;4346;8.0;122.0;69.0;339.0;1.0
2025-10-24;US;50388;-108641.86152396526;50388;471.0;2862.0;596.0;2788.0;14.0
2025-10-25;GM;873;-772.053942281523;873;9.0;32.0;8.0;42.0;0.0
2025-10-25;IS;4055;-14489.808778155564;4055;27.0;106.0;140.0;443.0;8.0
2025-10-25;NI;2845;-1667.0646185923324;2845;29.0;117.0;37.0;105.0;0.0
2025-10-25;PK;2298;-5536.627253940677;2298;12.0;125.0;48.0;185.0;0.0
2025-10-25;RS;3491;-10901.646495010636;3491;1.0;123.0;59.0;349.0;1.0
2025-10-25;TW;455;-214.63014030633445;455;4.0;16.0;5.0;1.0;0.0
2025-10-25;UP;2411;-7297.941725411591;2411;0.0;41.0;51.0;320.0;0.0
2025-10-25;US;28829;-60341.61493714746;28829;216.0;1499.0;398.0;1618.0;1.0
2025-10-26;GM;778;-1138.3034222904696;778;9.0;31.0;6.0;48.0;0.0
2025-10-26;IS;4334;-15948.810881184929;4334;63.0;200.0;117.0;438.0;11.0
2025-10-26;NI;2565;-2753.8020803717905;2565;21.0;197.0;28.0;145.0;1.0
2025-10-26;PK;2440;-5892.812659708358;2440;10.0;69.0;17.0;239.0;0.0
2025-10-26;RS;2908;-9337.985529392205;2908;5.0;100.0;43.0;320.0;0.0
2025-10-26;TW;481;-226.54852721220328;481;2.0;6.0;3.0;2.0;0.0
2025-10-26;UP;1713;-5493.271390358518;1713;7.0;25.0;49.0;260.0;1.0
2025-10-26;US;19231;-31883.59826944838;19231;169.0;890.0;212.0;1126.0;0.0
2025-10-27;GM;1433;-1398.7761570821374;1433;9.0;39.0;7.0;57.0;0.0
2025-10-27;IS;6163;-23545.382480659177;6163;41.0;253.0;171.0;646.0;8.0
2025-10-27;NI;3387;-4587.726233510708;3387;47.0;195.0;42.0;135.0;0.0
2025-10-27;PK;2572;-5546.883519391184;2572;23.0;99.0;31.0;176.0;1.0
2025-10-27;RS;4620;-12188.118699977158;4620;8.0;159.0;83.0;419.0;0.0
2025-10-27;TW;702;-362.1500276793459;702;2.0;11.0;3.0;23.0;0.0
2025-10-27;UP;2658;-6615.812888158731;2658;7.0;64.0;78.0;348.0;0.0
2025-10-27;US;38083;-66266.81568818516;38083;227.0;2060.0;472.0;2113.0;21.0
2025-10-28;GM;1448;-2026.706951314728;1448;8.0;47.0;27.0;109.0;0.0
2025-10-28;IS;7103;-29653.79977457152;7103;74.0;283.0;187.0;829.0;13.0
2025-10-28;NI;3176;-1172.849862889269;3176;18.0;121.0;36.0;136.0;4.0
2025-10-28;PK;2588;-7069.529514628571;2588;10.0;108.0;50.0;202.0;1.0
2025-10-28;RS;4164;-11819.970914715885;4164;22.0;171.0;72.0;329.0;0.0
2025-10-28;TW;762;-549.4805124200136;762;5.0;28.0;4.0;12.0;0.0
2025-10-28;UP;2490;-6152.777291184747;2490;6.0;54.0;68.0;255.0;0.0
2025-10-28;US;48850;-98666.1463012903;48850;308.0;2815.0;837.0;2747.0;14.0
2025-10-29;GM;1594;-2097.378993882911;1594;5.0;51.0;40.0;53.0;0.0
2025-10-29;IS;6566;-32340.91672530684;6566;87.0;273.0;169.0;823.0;15.0
2025-10-29;NI;3178;-3785.471609244116;3178;26.0;156.0;48.0;116.0;2.0
2025-10-29;PK;3330;-8988.123432920775;3330;12.0;132.0;44.0;322.0;0.0
2025-10-29;RS;3861;-12532.032185177548;3861;22.0;209.0;103.0;306.0;0.0
2025-10-29;TW;842;13.424627748022615;842;6.0;11.0;3.0;23.0;0.0
2025-10-29;UP;2280;-6817.019382257813;2280;21.0;70.0;90.0;257.0;0.0
2025-10-29;US;50089;-97119.20271631164;50089;308.0;2935.0;689.0;2620.0;12.0
2025-10-30;GM;1816;-1996.8510462295903;1816;2.0;44.0;15.0;50.0;7.0
2025-10-30;IS;6069;-27011.475192001937;6069;95.0;206.0;174.0;639.0;29.0
2025-10-30;NI;3049;-1692.8188024094216;3049;12.0;165.0;34.0;122.0;3.0
2025-10-30;PK;2708;-9378.055494272276;2708;14.0;76.0;40.0;361.0;0.0
2025-10-30;RS;4677;-14227.144419639775;4677;24.0;173.0;103.0;365.0;2.0
2025-10-30;TW;895;-507.44085022912697;895;0.0;25.0;0.0;6.0;0.0
2025-10-30;UP;2365;-6952.6833021783195;2365;13.0;79.0;85.0;323.0;0.0
2025-10-30;US;52751;-102520.6416615617;52751;313.0;3008.0;835.0;2454.0;7.0
2025-10-31;GM;1748;-1569.4902472587116;1748;14.0;38.0;32.0;69.0;0.0
2025-10-31;IS;4915;-21952.16994305981;4915;56.0;136.0;132.0;555.0;16.0
2025-10-31;NI;3577;-4598.737071832055;3577;21.0;191.0;70.0;222.0;4.0
2025-10-31;PK;2471;-5127.9280986776375;2471;7.0;95.0;22.0;164.0;1.0
2025-10-31;RS;4465;-14449.527989292672;4465;37.0;255.0;99.0;397.0;1.0
2025-10-31;TW;697;-318.94705174351924;697;2.0;11.0;0.0;11.0;0.0
2025-10-31;UP;2560;-9392.989876675209;2560;19.0;129.0;78.0;329.0;1.0
2025-10-31;US;49014;-102415.46665981236;49014;288.0;2816.0;716.0;2499.0;15.0
2025-11-01;GM;1203;-2276.6177694010257;1203;10.0;39.0;22.0;14.0;4.0
2025-11-01;IS;3709;-14393.264830030066;3709;53.0;88.0;101.0;322.0;20.0
2025-11-01;NI;3450;-7393.432604100625;3450;23.0;120.0;78.0;248.0;8.0
2025-11-01;PK;1891;-4078.080049076384;1891;12.0;114.0;26.0;133.0;0.0
2025-11-01;RS;3394;-10415.40070470184;3394;17.0;174.0;69.0;338.0;2.0
2025-11-01;TW;355;50.8615600809132;355;0.0;3.0;0.0;5.0;0.0
2025-11-01;UP;1916;-6263.793457677388;1916;13.0;65.0;83.0;291.0;0.0
2025-11-01;US;28050;-57004.235116135904;28050;160.0;1447.0;448.0;1522.0;9.0
2025-11-02;GM;970;-1315.692746934351;970;4.0;37.0;5.0;35.0;0.0
2025-11-02;IS;4175;-16269.76475682478;4175;85.0;145.0;105.0;369.0;12.0
2025-11-02;NI;3682;-12565.498829360233;3682;9.0;151.0;127.0;325.0;7.0
2025-11-02;PK;1359;-3613.564137594165;1359;22.0;62.0;26.0;141.0;0.0
2025-11-02;RS;1931;-7217.875683428185;1931;4.0;55.0;75.0;312.0;0.0
2025-11-02;TW;590;-636.2480319492239;590;2.0;5.0;2.0;7.0;0.0
2025-11-02;UP;1120;-5000.0253333831315;1120;3.0;17.0;74.0;285.0;1.0
2025-11-02;US;20640;-39191.02928266422;20640;140.0;857.0;266.0;1151.0;4.0
2025-11-03;GM;1488;-966.1868954663132;1488;9.0;61.0;6.0;42.0;0.0
2025-11-03;IS;6412;-27706.361090738013;6412;108.0;261.0;273.0;644.0;10.0
2025-11-03;NI;5958;-17030.48080284703;5958;43.0;170.0;127.0;448.0;9.0
2025-11-03;PK;2285;-4552.505674594005;2285;13.0;93.0;34.0;163.0;0.0
2025-11-03;RS;3667;-10251.46330251087;3667;26.0;87.0;69.0;365.0;0.0
2025-11-03;TW;562;-1050.8389532126262;562;6.0;22.0;2.0;12.0;0.0
2025-11-03;UP;1924;-4673.712958741625;1924;13.0;34.0;47.0;260.0;0.0
2025-11-03;US;40773;-80877.30367247795;40773;306.0;2127.0;622.0;2219.0;10.0
2025-11-04;GM;1771;-2368.5349972586782;1771;13.0;53.0;23.0;82.0;6.0
2025-11-04;IS;5792;-20426.28604958609;5792;82.0;189.0;167.0;452.0;21.0
2025-11-04;NI;4689;-13279.294151416989;4689;34.0;149.0;95.0;418.0;12.0
2025-11-04;PK;2184;-4035.326924514942;2184;15.0;72.0;34.0;179.0;0.0
2025-11-04;RS;3267;-8020.234600126064;3267;14.0;103.0;46.0;333.0;2.0
2025-11-04;TW;563;-769.076141146219;563;4.0;26.0;4.0;21.0;0.0
2025-11-04;UP;2154;-5777.934919937659;2154;17.0;54.0;46.0;288.0;2.0
2025-11-04;US;48189;-89397.73944613851;48189;292.0;2580.0;726.0;2501.0;13.0
2025-11-05;GM;1616;-2754.6267237383154;1616;14.0;114.0;22.0;89.0;2.0
2025-11-05;IS;5167;-18464.6512534822;5167;44.0;225.0;171.0;407.0;23.0
2025-11-05;NI;4426;-12373.99399940346;4426;22.0;160.0;123.0;306.0;15.0
2025-11-05;PK;2638;-4085.833743394177;2638;16.0;93.0;24.0;160.0;6.0
2025-11-05;RS;3751;-9996.249401639794;3751;23.0;104.0;58.0;325.0;2.0
2025-11-05;TW;558;-471.44094613086133;558;3.0;41.0;6.0;33.0;0.0
2025-11-05;UP;2185;-4852.93282544149;2185;8.0;53.0;45.0;247.0;0.0
2025-11-05;US;51124;-71282.49496252308;51124;267.0;2311.0;572.0;2363.0;9.0
2025-11-06;GM;1774;-3205.0580708810016;1774;9.0;120.0;17.0;75.0;0.0
2025-11-06;IS;6591;-23245.14595573343;6591;54.0;243.0;207.0;586.0;11.0
2025-11-06;NI;4342;-10462.25749674631;4342;18.0;149.0;73.0;339.0;14.0
2025-11-06;PK;2739;-7108.962395104143;2739;27.0;105.0;26.0;255.0;4.0
2025-11-06;RS;3692;-11442.224265690642;3692;7.0;143.0;66.0;369.0;5.0
2025-11-06;TW;445;-632.0584624357181;445;2.0;22.0;7.0;24.0;0.0
2025-11-06;UP;2528;-6886.760004644447;2528;5.0;80.0;43.0;262.0;8.0
2025-11-06;US;49643;-83605.60789918643;49643;306.0;2596.0;725.0;2607.0;8.0
2025-11-07;GM;1457;-2519.4108503271304;1457;9.0;90.0;8.0;60.0;0.0
2025-11-07;IS;6451;-23687.97749145824;6451;64.0;274.0;242.0;609.0;3.0
2025-11-07;NI;3217;-6609.474388699152;3217;26.0;127.0;82.0;156.0;5.0
2025-11-07;PK;2534;-5332.716681953104;2534;39.0;113.0;22.0;214.0;0.0
2025-11-07;RS;4431;-11929.8768122661;4431;17.0;155.0;135.0;307.0;7.0
2025-11-07;TW;559;15.028172288453035;559;0.0;15.0;0.0;21.0;0.0
2025-11-07;UP;2428;-6534.257671838343;2428;6.0;91.0;65.0;212.0;9.0
2025-11-07;US;46937;-80752.75614051124;46937;175.0;2384.0;640.0;2250.0;8.0
2025-11-08;GM;867;-1200.5765697768695;867;7.0;54.0;8.0;58.0;0.0
2025-11-08;IS;4175;-21885.880651021835;4175;18.0;235.0;291.0;562.0;10.0
2025-11-08;NI;2550;-6305.555000281602;2550;16.0;81.0;76.0;144.0;0.0
2025-11-08;PK;2319;-3810.523418908168;2319;20.0;75.0;54.0;186.0;0.0
2025-11-08;RS;2987;-8502.242724058126;2987;23.0;107.0;73.0;268.0;0.0
2025-11-08;TW;379;-317.9278220566241;379;2.0;17.0;3.0;5.0;0.0
2025-11-08;UP;1639;-5332.593296412311;1639;6.0;45.0;96.0;242.0;0.0
2025-11-08;US;29847;-57732.09263137984;29847;154.0;1582.0;401.0;1626.0;8.0
2025-11-09;GM;944;-1856.6996009420504;944;8.0;64.0;6.0;47.0;2.0
2025-11-09;IS;4300;-19663.859518905974;4300;42.0;224.0;218.0;529.0;2.0
2025-11-09;NI;2850;-8381.60665961554;2850;29.0;118.0;85.0;213.0;4.0
2025-11-09;PK;2162;-3692.766042879957;2162;19.0;63.0;12.0;145.0;0.0
2025-11-09;RS;2161;-6971.362902221659;2161;4.0;60.0;46.0;223.0;2.0
2025-11-09;TW;289;-99.29179097794122;289;4.0;9.0;0.0;8.0;0.0
2025-11-09;UP;1345;-5338.943588559527;1345;3.0;25.0;58.0;221.0;0.0
2025-11-09;US;20351;-36733.1935262894;20351;109.0;959.0;254.0;1349.0;7.0
2025-11-10;GM;1527;-2220.59393395004;1527;4.0;98.0;13.0;78.0;0.0
2025-11-10;IS;5844;-23505.640683258494;5844;42.0;270.0;194.0;562.0;7.0
2025-11-10;NI;3829;-8300.071103672552;3829;37.0;143.0;101.0;271.0;3.0
2025-11-10;PK;2522;-5690.226913736428;2522;28.0;87.0;45.0;168.0;0.0
2025-11-10;RS;3009;-8085.2974872507775;3009;11.0;109.0;48.0;229.0;2.0
2025-11-10;TW;549;-726.338115103231;549;10.0;10.0;2.0;13.0;0.0
2025-11-10;UP;1726;-5250.440086224172;1726;7.0;44.0;27.0;215.0;1.0
2025-11-10;US;37721;-57563.56763443122;37721;179.0;1657.0;461.0;2007.0;5.0
2025-11-11;GM;1729;-2278.778240679503;1729;4.0;97.0;11.0;105.0;1.0
2025-11-11;IS;5513;-22070.801591468156;5513;65.0;277.0;214.0;433.0;17.0
2025-11-11;NI;3774;-8679.783067677101;3774;37.0;162.0;93.0;274.0;7.0
2025-11-11;PK;2924;-15293.485816864537;2924;13.0;94.0;137.0;375.0;0.0
2025-11-11;RS;3275;-8967.921280254062;3275;15.0;120.0;101.0;346.0;0.0
2025-11-11;TW;521;-965.3751557071844;521;9.0;29.0;4.0;10.0;0.0
2025-11-11;UP;1894;-6291.363648428304;1894;10.0;39.0;91.0;270.0;0.0
2025-11-11;US;44883;-70633.00721648404;44883;304.0;2241.0;670.0;2543.0;2.0
2025-11-12;GM;1743;-2445.6769566927383;1743;11.0;100.0;13.0;90.0;0.0
2025-11-12;IS;5831;-21822.52342934381;5831;50.0;313.0;233.0;534.0;17.0
2025-11-12;NI;3616;-6533.653359317236;3616;19.0;135.0;38.0;175.0;3.0
2025-11-12;PK;3122;-14163.440046847316;3122;26.0;129.0;104.0;287.0;0.0
2025-11-12;RS;3836;-11276.349227889388;3836;16.0;157.0;61.0;332.0;0.0
2025-11-12;TW;542;-986.7253146491478;542;2.0;25.0;6.0;15.0;0.0
2025-11-12;UP;2559;-8676.171526654138;2559;12.0;81.0;71.0;233.0;2.0
2025-11-12;US;44511;-68817.968413912;44511;272.0;2345.0;588.0;2304.0;9.0
2025-11-13;GM;1949;-2287.319414317964;1949;6.0;100.0;16.0;71.0;2.0
2025-11-13;IS;5612;-23317.75324834357;5612;48.0;286.0;283.0;597.0;5.0
2025-11-13;NI;3554;-5828.954032614934;3554;18.0;132.0;46.0;188.0;2.0
2025-11-13;PK;2608;-9075.371686942226;2608;45.0;121.0;60.0;191.0;0.0
2025-11-13;RS;3437;-10311.4605750203;3437;21.0;127.0;56.0;250.0;1.0
2025-11-13;TW;608;-581.5619160397317;608;2.0;33.0;5.0;24.0;0.0
2025-11-13;UP;2487;-8571.976824468476;2487;16.0;72.0;57.0;220.0;5.0
2025-11-13;US;45826;-86610.61556718043;45826;240.0;2551.0;736.0;2261.0;5.0
2025-11-14;GM;1535;-2106.9435464965086;1535;9.0;70.0;14.0;63.0;0.0
2025-11-14;IS;4792;-16984.366651097665;4792;29.0;192.0;223.0;415.0;25.0
2025-11-14;NI;3287;-5219.030054017464;3287;16.0;137.0;39.0;167.0;5.0
2025-11-14;PK;2105;-2962.460586265377;2105;34.0;111.0;24.0;111.0;0.0
2025-11-14;RS;3621;-11972.51002898535;3621;17.0;145.0;55.0;449.0;0.0
2025-11-14;TW;681;-573.7528977348888;681;10.0;19.0;9.0;18.0;0.0
2025-11-14;UP;2680;-9730.034865627127;2680;15.0;84.0;57.0;420.0;1.0
2025-11-14;US;44199;-83403.12380676778;44199;262.0;2653.0;702.0;2311.0;5.0
2025-11-15;GM;827;-1670.4799929461572;827;5.0;53.0;11.0;50.0;0.0
2025-11-15;IS;3074;-8961.12388810473;3074;24.0;121.0;108.0;258.0;14.0
2025-11-15;NI;2443;-4523.991687028643;2443;6.0;130.0;112.0;141.0;1.0
2025-11-15;PK;2054;-1640.5745346773783;2054;14.0;62.0;11.0;112.0;0.0
2025-11-15;RS;2027;-6425.212175598969;2027;10.0;52.0;38.0;295.0;0.0
2025-11-15;TW;498;-639.5917508180029;498;6.0;7.0;3.0;12.0;0.0
2025-11-15;UP;1443;-5490.294965676363;1443;11.0;41.0;29.0;256.0;0.0
2025-11-15;US;27621;-60404.79511531758;27621;158.0;1771.0;436.0;1708.0;1.0
2025-11-16;GM;742;-1212.7666516337626;742;4.0;44.0;1.0;32.0;0.0
2025-11-16;IS;4277;-14347.752129072727;4277;32.0;161.0;122.0;409.0;18.0
2025-11-16;NI;2769;-3900.8278968370664;2769;8.0;122.0;60.0;104.0;1.0
2025-11-16;PK;1659;-3058.2622286477763;1659;6.0;76.0;29.0;92.0;0.0
2025-11-16;RS;2345;-6844.084890291126;2345;5.0;67.0;48.0;286.0;0.0
2025-11-16;TW;353;-617.4237871959285;353;2.0;12.0;1.0;6.0;0.0
2025-11-16;UP;1709;-5544.121525732619;1709;2.0;39.0;42.0;267.0;0.0
2025-11-16;US;18967;-34884.066879893864;18967;103.0;889.0;239.0;1217.0;0.0
2025-11-17;GM;1685;-2341.2364118684204;1685;13.0;83.0;6.0;75.0;0.0
2025-11-17;IS;5481;-18812.388941995996;5481;68.0;233.0;162.0;441.0;21.0
2025-11-17;NI;3935;-9937.629408933104;3935;17.0;124.0;277.0;331.0;4.0
2025-11-17;PK;1842;-3845.3425176617698;1842;8.0;56.0;32.0;148.0;0.0
2025-11-17;RS;3882;-9678.035373699848;3882;20.0;138.0;71.0;387.0;0.0
2025-11-17;TW;689;-1285.9917515894704;689;4.0;10.0;0.0;15.0;0.0
2025-11-17;UP;3198;-8317.435795374855;3198;12.0;59.0;75.0;321.0;0.0
2025-11-17;US;36424;-65632.30698023892;36424;270.0;1975.0;519.0;2057.0;4.0
2025-11-18;GM;1663;-1185.194162993672;1663;21.0;70.0;6.0;47.0;0.0
2025-11-18;IS;7137;-17781.291578360604;7137;101.0;296.0;179.0;555.0;34.0
2025-11-18;NI;4429;-12288.45474573296;4429;30.0;147.0;346.0;387.0;0.0
2025-11-18;PK;2471;-5076.4155282961365;2471;39.0;106.0;48.0;217.0;1.0
2025-11-18;RS;4430;-10203.29915681382;4430;30.0;190.0;85.0;313.0;0.0
2025-11-18;TW;626;-777.497981587254;626;2.0;25.0;5.0;32.0;0.0
2025-11-18;UP;3270;-9978.401251708665;3270;21.0;85.0;75.0;277.0;0.0
2025-11-18;US;46304;-87703.67209759756;46304;235.0;2666.0;662.0;2645.0;1.0
2025-11-19;GM;1801;-1282.1321947814845;1801;15.0;60.0;6.0;58.0;0.0
2025-11-19;IS;5616;-19305.59270080187;5616;90.0;221.0;138.0;613.0;23.0
2025-11-19;NI;6334;-19141.699461993172;6334;37.0;193.0;358.0;615.0;8.0
2025-11-19;PK;1950;-4487.464982125992;1950;24.0;89.0;19.0;171.0;2.0
2025-11-19;RS;5902;-15994.02680229673;5902;23.0;169.0;104.0;505.0;3.0
2025-11-19;TW;716;-1086.750681074414;716;5.0;19.0;0.0;25.0;0.0
2025-11-19;UP;5075;-14752.825431344783;5075;13.0;122.0;97.0;534.0;0.0
2025-11-19;US;47425;-89070.58322348863;47425;269.0;2815.0;649.0;2554.0;3.0
2025-11-20;GM;1900;-2738.0739276261033;1900;15.0;89.0;12.0;76.0;0.0
2025-11-20;IS;5950;-21946.787660668455;5950;80.0;271.0;189.0;546.0;18.0
2025-11-20;NI;5066;-19156.63843101281;5066;13.0;341.0;289.0;393.0;1.0
2025-11-20;PK;1892;-6337.323395879751;1892;20.0;98.0;27.0;276.0;1.0
2025-11-20;RS;5619;-14034.301283761048;5619;16.0;180.0;68.0;346.0;3.0
2025-11-20;TW;557;-704.1564973596869;557;3.0;17.0;1.0;30.0;0.0
2025-11-20;UP;5206;-13295.697264395973;5206;11.0;87.0;73.0;373.0;1.0
2025-11-20;US;48412;-97630.91463361606;48412;297.0;2943.0;775.0;2448.0;6.0
2025-11-21;GM;2073;-2214.2700638891433;2073;8.0;79.0;15.0;61.0;0.0
2025-11-21;IS;5447;-18450.47687211898;5447;95.0;274.0;161.0;585.0;21.0
2025-11-21;NI;5751;-22815.64060414418;5751;17.0;404.0;520.0;480.0;2.0
2025-11-21;PK;1728;-5491.514912223177;1728;7.0;57.0;30.0;166.0;0.0
2025-11-21;RS;6097;-13639.45959279864;6097;27.0;259.0;65.0;338.0;1.0
2025-11-21;TW;554;-1055.6831192562647;554;0.0;17.0;5.0;23.0;0.0
2025-11-21;UP;6681;-12872.083442716952;6681;20.0;146.0;84.0;321.0;1.0
2025-11-21;US;46500;-98533.03582920342;46500;269.0;2854.0;681.0;2455.0;4.0
2025-11-22;GM;1559;-1707.2595965704731;1559;5.0;44.0;13.0;33.0;0.0
2025-11-22;IS;3610;-14656.818836119137;3610;24.0;186.0;169.0;500.0;8.0
2025-11-22;NI;4762;-20137.115572638995;4762;21.0;238.0;552.0;505.0;0.0
2025-11-22;PK;1434;-4321.739559923763;1434;12.0;59.0;36.0;130.0;0.0
2025-11-22;RS;4091;-9791.932424903873;4091;13.0;140.0;63.0;257.0;0.0
2025-11-22;TW;412;-673.3578946324758;412;1.0;8.0;1.0;5.0;0.0
2025-11-22;UP;5930;-11163.467658915177;5930;9.0;98.0;76.0;234.0;0.0
2025-11-22;US;29205;-61597.49132129875;29205;121.0;1646.0;455.0;1847.0;6.0
2025-11-23;GM;1715;-1253.731278070567;1715;9.0;49.0;6.0;42.0;0.0
2025-11-23;IS;4377;-19661.228038981168;4377;60.0;177.0;145.0;658.0;18.0
2025-11-23;NI;4246;-14149.149639113266;4246;10.0;221.0;473.0;414.0;2.0
2025-11-23;PK;1276;-3405.9166684093484;1276;5.0;57.0;16.0;142.0;3.0
2025-11-23;RS;4368;-7767.950347632515;4368;21.0;59.0;54.0;238.0;0.0
2025-11-23;TW;321;-480.42260691116456;321;0.0;10.0;2.0;8.0;0.0
2025-11-23;UP;6707;-9020.860942529132;6707;15.0;49.0;48.0;209.0;0.0
2025-11-23;US;19907;-41144.38288290581;19907;80.0;881.0;280.0;1208.0;0.0
2025-11-24;GM;2051;-2452.445889831517;2051;8.0;50.0;8.0;84.0;5.0
2025-11-24;IS;5342;-24332.679050421477;5342;77.0;216.0;214.0;883.0;19.0
2025-11-24;NI;4924;-16070.201418690544;4924;19.0;262.0;535.0;444.0;2.0
2025-11-24;PK;2089;-5725.767944639881;2089;16.0;69.0;116.0;170.0;4.0
2025-11-24;RS;5696;-10788.718162047093;5696;14.0;170.0;68.0;345.0;0.0
2025-11-24;TW;949;-1525.8178091831908;949;10.0;27.0;4.0;39.0;0.0
2025-11-24;UP;7034;-9661.606253434737;7034;18.0;103.0;70.0;336.0;0.0
2025-11-24;US;34868;-69487.77804301553;34868;205.0;2072.0;490.0;2066.0;6.0
2025-11-25;GM;1534;-2361.48924345374;1534;8.0;56.0;9.0;68.0;1.0
2025-11-25;IS;5232;-19814.357721220866;5232;40.0;196.0;145.0;611.0;12.0
2025-11-25;NI;4681;-12377.697073281975;4681;13.0;171.0;389.0;393.0;6.0
2025-11-25;PK;2785;-9365.714711693758;2785;24.0;73.0;75.0;344.0;0.0
2025-11-25;RS;6640;-12319.018862422936;6640;14.0;151.0;90.0;529.0;0.0
2025-11-25;TW;1148;-1251.497946389009;1148;6.0;18.0;4.0;32.0;0.0
2025-11-25;UP;7453;-10635.240384333423;7453;7.0;89.0;89.0;515.0;0.0
2025-11-25;US;41800;-90206.42638980504;41800;237.0;2757.0;768.0;2353.0;6.0
2025-11-26;GM;1410;-1811.290704765979;1410;7.0;59.0;13.0;47.0;0.0
2025-11-26;IS;4995;-16029.644254130457;4995;56.0;265.0;134.0;444.0;11.0
2025-11-26;NI;5739;-16824.606017128986;5739;27.0;195.0;517.0;400.0;4.0
2025-11-26;PK;2368;-6963.217449417007;2368;35.0;92.0;54.0;214.0;0.0
2025-11-26;RS;6213;-8403.419488734056;6213;6.0;160.0;80.0;269.0;2.0
2025-11-26;TW;941;-1388.8058763576516;941;6.0;17.0;5.0;27.0;0.0
2025-11-26;UP;5910;-6621.3655826143495;5910;13.0;67.0;67.0;262.0;1.0
2025-11-26;US;41467;-87033.29408291452;41467;202.0;2663.0;644.0;2363.0;6.0
2025-11-27;GM;1378;-2020.878733678281;1378;5.0;57.0;13.0;67.0;0.0
2025-11-27;IS;4193;-17227.074926414065;4193;42.0;240.0;115.0;567.0;7.0
2025-11-27;NI;4583;-10545.472248888937;4583;29.0;177.0;280.0;284.0;3.0
2025-11-27;PK;2207;-6890.9824647606465;2207;27.0;141.0;37.0;132.0;0.0
2025-11-27;RS;3768;-8236.98584395579;3768;9.0;114.0;36.0;216.0;0.0
2025-11-27;TW;578;-998.508296275364;578;11.0;13.0;1.0;20.0;0.0
2025-11-27;UP;3281;-6251.172373171025;3281;5.0;68.0;32.0;207.0;0.0
2025-11-27;US;26907;-62550.33029326961;26907;102.0;1454.0;542.0;2295.0;5.0
2025-11-28;GM;1574;-2836.4491064246004;1574;12.0;85.0;20.0;64.0;1.0
2025-11-28;IS;4564;-24067.770500752216;4564;65.0;273.0;174.0;751.0;26.0
2025-11-28;NI;3911;-7513.928217922831;3911;15.0;189.0;167.0;282.0;0.0
2025-11-28;PK;1737;-6611.9716295970375;1737;43.0;117.0;28.0;131.0;3.0
2025-11-28;RS;4254;-9879.504891347438;4254;14.0;171.0;45.0;216.0;0.0
2025-11-28;TW;539;-246.69481417424535;539;3.0;13.0;0.0;16.0;0.0
2025-11-28;UP;3534;-9858.352715399007;3534;7.0;97.0;52.0;244.0;0.0
2025-11-28;US;23409;-49968.91852016751;23409;71.0;1304.0;394.0;1871.0;6.0
2025-11-29;GM;913;-1974.31624641012;913;25.0;41.0;24.0;46.0;0.0
2025-11-29;IS;3750;-16817.05921171434;3750;85.0;198.0;125.0;486.0;11.0
2025-11-29;NI;2982;-5710.690638590746;2982;15.0;91.0;155.0;168.0;1.0
2025-11-29;PK;1963;-6327.1404942386325;1963;37.0;109.0;49.0;116.0;0.0
2025-11-29;RS;2986;-8813.400972799218;2986;3.0;90.0;46.0;291.0;2.0
2025-11-29;TW;304;-371.0356006595693;304;1.0;1.0;8.0;4.0;0.0
2025-11-29;UP;2658;-9244.643451154096;2658;4.0;61.0;34.0;261.0;1.0
2025-11-29;US;18575;-38617.41793151213;18575;87.0;1039.0;240.0;1404.0;2.0
2025-11-30;GM;627;-784.4523532388495;627;23.0;22.0;4.0;33.0;0.0
2025-11-30;IS;4130;-14679.924994096156;4130;69.0;206.0;115.0;381.0;7.0
2025-11-30;NI;3453;-8064.05795541236;3453;8.0;151.0;240.0;297.0;0.0
2025-11-30;PK;1385;-3508.0539060041465;1385;24.0;63.0;43.0;126.0;0.0
2025-11-30;RS;2817;-8900.962708054774;2817;13.0;92.0;49.0;271.0;0.0
2025-11-30;TW;274;-478.00742724979705;274;0.0;10.0;1.0;22.0;0.0
2025-11-30;UP;2851;-8157.91314163569;2851;3.0;39.0;40.0;269.0;0.0
2025-11-30;US;15414;-37943.86566695482;15414;101.0;837.0;202.0;1202.0;3.0
2025-12-01;GM;1548;-1317.8710967276504;1548;27.0;35.0;9.0;31.0;0.0
2025-12-01;IS;5150;-19710.231275857925;5150;65.0;249.0;196.0;516.0;21.0
2025-12-01;NI;4659;-8855.943952068155;4659;23.0;199.0;281.0;310.0;0.0
2025-12-01;PK;1696;-7065.293746571391;1696;32.0;82.0;53.0;116.0;2.0
2025-12-01;RS;4901;-11984.36510786156;4901;22.0;142.0;63.0;349.0;3.0
2025-12-01;TW;353;-52.73315344232297;353;9.0;8.0;0.0;11.0;0.0
2025-12-01;UP;4801;-9033.988113914756;4801;16.0;51.0;39.0;281.0;0.0
2025-12-01;US;32596;-74501.29056664326;32596;197.0;1804.0;465.0;2345.0;1.0
2025-12-02;GM;1531;-1662.00612816935;1531;10.0;43.0;17.0;62.0;0.0
2025-12-02;IS;5210;-23379.356142354267;5210;72.0;288.0;215.0;591.0;17.0
2025-12-02;NI;5082;-10793.06722023442;5082;30.0;225.0;255.0;255.0;1.0
2025-12-02;PK;2325;-9503.228025958542;2325;60.0;126.0;84.0;250.0;0.0
2025-12-02;RS;6523;-14945.043381079377;6523;19.0;215.0;90.0;515.0;5.0
2025-12-02;TW;522;-608.9658700810159;522;9.0;19.0;1.0;27.0;0.0
2025-12-02;UP;6284;-11270.808646810943;6284;16.0;181.0;69.0;409.0;1.0
2025-12-02;US;41272;-88892.54294410111;41272;239.0;2391.0;601.0;2788.0;2.0
2025-12-03;GM;2023;639.151963973666;2023;3.0;45.0;4.0;57.0;0.0
2025-12-03;IS;5853;-20985.95381656578;5853;79.0;266.0;132.0;536.0;10.0
2025-12-03;NI;4381;-8182.453906306267;4381;30.0;188.0;193.0;163.0;0.0
2025-12-03;PK;2785;-7963.764034754601;2785;42.0;111.0;72.0;292.0;0.0
2025-12-03;RS;6666;-14285.905904961388;6666;26.0;239.0;73.0;359.0;2.0
2025-12-03;TW;582;-473.5546549489264;582;9.0;11.0;4.0;26.0;0.0
2025-12-03;UP;5080;-9987.972267335044;5080;12.0;110.0;48.0;234.0;1.0
2025-12-03;US;44577;-94357.24713488162;44577;254.0;2878.0;724.0;2592.0;0.0
2025-12-04;GM;2141;-865.5572445029865;2141;14.0;58.0;12.0;82.0;0.0
2025-12-04;IS;5635;-23251.922533620313;5635;79.0;240.0;196.0;629.0;8.0
2025-12-04;NI;4147;-6398.513796347429;4147;11.0;153.0;171.0;198.0;0.0
2025-12-04;PK;2639;-6938.86381564046;2639;47.0;212.0;43.0;126.0;0.0
2025-12-04;RS;8814;-14270.037123401724;8814;20.0;207.0;138.0;369.0;4.0
2025-12-04;TW;508;-405.8175630213324;508;2.0;31.0;5.0;4.0;0.0
2025-12-04;UP;5374;-11101.504527524565;5374;9.0;106.0;114.0;284.0;2.0
2025-12-04;US;43384;-95380.3736402968;43384;213.0;2880.0;676.0;2522.0;8.0
2025-12-05;GM;1866;-2713.3934488803593;1866;36.0;58.0;10.0;56.0;0.0
2025-12-05;IS;4554;-16918.149771826313;4554;63.0;150.0;158.0;480.0;6.0
2025-12-05;NI;3366;-2007.0237493396364;3366;12.0;136.0;154.0;124.0;0.0
2025-12-05;PK;2166;-6267.609646956156;2166;14.0;150.0;14.0;127.0;0.0
2025-12-05;RS;6877;-5561.864644436418;6877;16.0;192.0;57.0;314.0;0.0
2025-12-05;TW;636;-998.4952111388494;636;4.0;43.0;0.0;15.0;0.0
2025-12-05;UP;3593;-6542.6436475811;3593;11.0;72.0;42.0;233.0;1.0
2025-12-05;US;40658;-83299.49888479758;40658;224.0;2520.0;640.0;2291.0;8.0
2025-12-06;GM;1491;-3040.9269746024775;1491;17.0;29.0;10.0;57.0;0.0
2025-12-06;IS;3138;-12653.000448435594;3138;28.0;102.0;87.0;288.0;3.0
2025-12-06;NI;2964;-3971.246344988336;2964;7.0;135.0;77.0;84.0;0.0
2025-12-06;PK;2255;-8015.278576402803;2255;15.0;106.0;51.0;233.0;0.0
2025-12-06;RS;3986;-4539.4266518451905;3986;21.0;117.0;37.0;274.0;0.0
2025-12-06;TW;297;-431.7817749270091;297;0.0;10.0;1.0;13.0;0.0
2025-12-06;UP;2569;-6124.497298868301;2569;14.0;57.0;30.0;259.0;0.0
2025-12-06;US;25219;-52658.19036196794;25219;131.0;1537.0;376.0;1461.0;5.0
2025-12-07;GM;1667;-2885.074439464986;1667;11.0;27.0;15.0;55.0;0.0
2025-12-07;IS;4267;-14025.180837838394;4267;29.0;147.0;109.0;296.0;11.0
2025-12-07;NI;2694;-3626.4986245644345;2694;15.0;90.0;96.0;116.0;0.0
2025-12-07;PK;1604;-4516.279689347332;1604;12.0;53.0;23.0;196.0;0.0
2025-12-07;RS;2778;-6108.154999991124;2778;15.0;52.0;54.0;246.0;0.0
2025-12-07;TW;421;-884.7020545385733;421;0.0;3.0;4.0;24.0;0.0
2025-12-07;UP;2430;-5453.936406007673;2430;10.0;49.0;67.0;230.0;0.0
2025-12-07;US;17588;-35233.68148768463;17588;115.0;935.0;208.0;1153.0;3.0
2025-12-08;GM;2250;-2332.2173104559683;2250;12.0;41.0;9.0;70.0;0.0
2025-12-08;IS;5119;-20014.597223818047;5119;48.0;213.0;123.0;504.0;19.0
2025-12-08;NI;3951;-7470.728131833071;3951;15.0;139.0;201.0;263.0;0.0
2025-12-08;PK;2062;-3584.5262130071987;2062;14.0;106.0;35.0;152.0;6.0
2025-12-08;RS;4532;-8546.008313620125;4532;9.0;129.0;63.0;250.0;0.0
2025-12-08;TW;513;-957.2071423963196;513;4.0;23.0;1.0;23.0;0.0
2025-12-08;UP;4449;-7460.652177201356;4449;10.0;62.0;60.0;252.0;0.0
2025-12-08;US;34164;-65752.1912955755;34164;209.0;1882.0;458.0;2056.0;2.0
2025-12-09;GM;1958;-2322.0847508364686;1958;29.0;49.0;16.0;53.0;0.0
2025-12-09;IS;4941;-21272.418281165817;4941;63.0;280.0;155.0;544.0;13.0
2025-12-09;NI;4527;-8261.123413932048;4527;26.0;180.0;137.0;229.0;2.0
2025-12-09;PK;2074;-4570.1885589734875;2074;29.0;100.0;36.0;146.0;0.0
2025-12-09;RS;4481;-10856.44155227498;4481;18.0;181.0;72.0;368.0;0.0
2025-12-09;TW;472;-675.3794346377066;472;1.0;23.0;2.0;15.0;0.0
2025-12-09;UP;4381;-8264.689884145122;4381;11.0;68.0;60.0;293.0;0.0
2025-12-09;US;42186;-90344.15967057056;42186;197.0;2753.0;649.0;2618.0;4.0
2025-12-10;GM;2127;-790.5271402766296;2127;14.0;61.0;13.0;49.0;0.0
2025-12-10;IS;4666;-14586.939728136307;4666;145.0;192.0;88.0;507.0;5.0
2025-12-10;NI;4172;-6294.74731349547;4172;27.0;104.0;86.0;221.0;0.0
2025-12-10;PK;1962;-4293.365029868482;1962;29.0;105.0;36.0;117.0;0.0
2025-12-10;RS;3973;-8597.943843483794;3973;32.0;138.0;50.0;216.0;0.0
2025-12-10;TW;464;-483.0453028636608;464;4.0;9.0;0.0;9.0;0.0
2025-12-10;UP;4228;-8105.116054235276;4228;21.0;78.0;63.0;262.0;0.0
2025-12-10;US;43148;-86828.05017438543;43148;199.0;2762.0;675.0;2445.0;5.0
2025-12-11;GM;1845;-2586.236149993067;1845;13.0;44.0;8.0;66.0;0.0
2025-12-11;IS;4890;-18355.115551381;4890;105.0;205.0;150.0;414.0;9.0
2025-12-11;NI;3415;-6852.8823365181415;3415;23.0;127.0;101.0;168.0;2.0
2025-12-11;PK;2181;-6229.634546327471;2181;26.0;224.0;32.0;128.0;1.0
2025-12-11;RS;5091;-13236.976609829817;5091;31.0;157.0;90.0;291.0;2.0
2025-12-11;TW;759;-393.85763321186937;759;8.0;15.0;0.0;42.0;0.0
2025-12-11;UP;4470;-10968.42074733247;4470;16.0;122.0;98.0;234.0;0.0
2025-12-11;US;44686;-97346.9742991052;44686;255.0;2770.0;741.0;2628.0;4.0
2025-12-12;GM;1512;-1700.5686762279456;1512;9.0;48.0;3.0;55.0;0.0
2025-12-12;IS;4121;-15420.486520968823;4121;93.0;205.0;117.0;414.0;17.0
2025-12-12;NI;3368;-4458.546339857685;3368;13.0;139.0;36.0;155.0;0.0
2025-12-12;PK;1755;-3007.7056173617193;1755;3.0;109.0;23.0;112.0;2.0
2025-12-12;RS;4794;-12090.548368653028;4794;24.0;128.0;47.0;296.0;0.0
2025-12-12;TW;522;-493.06594415259354;522;2.0;4.0;2.0;16.0;0.0
2025-12-12;UP;3671;-9069.67604144285;3671;18.0;99.0;43.0;260.0;2.0
2025-12-12;US;42607;-96263.2391558328;42607;188.0;2862.0;611.0;2384.0;6.0
2025-12-13;GM;1375;-2025.2858548622464;1375;3.0;16.0;7.0;49.0;0.0
2025-12-13;IS;2481;-9620.113284551022;2481;35.0;117.0;41.0;332.0;10.0
2025-12-13;NI;2671;906.9170785776104;2671;30.0;83.0;29.0;130.0;0.0
2025-12-13;PK;1711;-3491.656806503986;1711;15.0;149.0;36.0;76.0;0.0
2025-12-13;RS;3210;-7413.614528415087;3210;17.0;72.0;36.0;251.0;0.0
2025-12-13;TW;328;-493.7320319452737;328;0.0;12.0;3.0;11.0;0.0
2025-12-13;UP;3026;-7430.365835547018;3026;10.0;66.0;28.0;224.0;0.0
2025-12-13;US;25991;-61012.50620808546;25991;87.0;1561.0;402.0;1868.0;3.0
2025-12-14;GM;1742;-2621.7900836753965;1742;7.0;21.0;1.0;56.0;0.0
2025-12-14;IS;3958;-21014.212593235257;3958;28.0;105.0;104.0;634.0;2.0
2025-12-14;NI;2393;-3281.139672584256;2393;19.0;111.0;37.0;88.0;0.0
2025-12-14;PK;1232;-3589.2269089969604;1232;3.0;63.0;25.0;119.0;3.0
2025-12-14;RS;2722;-7302.03102594464;2722;10.0;74.0;31.0;212.0;0.0
2025-12-14;TW;252;-452.0095526146257;252;0.0;14.0;0.0;7.0;0.0
2025-12-14;UP;2541;-5657.886423196362;2541;15.0;54.0;31.0;167.0;3.0
2025-12-14;US;18170;-49456.14857950492;18170;84.0;1003.0;304.0;1920.0;2.0
2025-12-15;GM;2840;-3662.0635680592186;2840;23.0;53.0;14.0;100.0;0.0
2025-12-15;IS;5563;-25614.741162671544;5563;92.0;214.0;155.0;670.0;17.0
2025-12-15;NI;3693;-7399.820290558071;3693;19.0;162.0;97.0;234.0;2.0
2025-12-15;PK;1584;-5924.225975731445;1584;13.0;79.0;40.0;276.0;2.0
2025-12-15;RS;4144;-10675.457965703874;4144;23.0;139.0;39.0;299.0;0.0
2025-12-15;TW;425;-828.1349225403678;425;13.0;20.0;2.0;11.0;0.0
2025-12-15;UP;4313;-7933.390435593338;4313;6.0;53.0;39.0;234.0;0.0
2025-12-15;US;33604;-81179.84469350749;33604;161.0;2061.0;626.0;3047.0;8.0
2025-12-16;GM;2414;-1774.1209413031015;2414;4.0;71.0;13.0;47.0;1.0
2025-12-16;IS;4918;-19208.41814048078;4918;75.0;209.0;123.0;523.0;24.0
2025-12-16;NI;3971;-7035.146474637261;3971;26.0;211.0;123.0;207.0;0.0
2025-12-16;PK;2029;-5887.117255691147;2029;20.0;121.0;37.0;195.0;2.0
2025-12-16;RS;4424;-9997.56009751208;4424;9.0;132.0;43.0;318.0;0.0
2025-12-16;TW;427;-724.0248607268492;427;3.0;25.0;4.0;17.0;1.0
2025-12-16;UP;3829;-5980.961127612291;3829;4.0;55.0;34.0;250.0;0.0
2025-12-16;US;40135;-95832.48605280615;40135;179.0;2582.0;662.0;3139.0;6.0
2025-12-17;GM;1827;-1458.7585937389329;1827;5.0;58.0;10.0;59.0;0.0
2025-12-17;IS;5401;-21347.848302789913;5401;131.0;344.0;108.0;573.0;12.0
2025-12-17;NI;3473;-7620.879396183246;3473;45.0;170.0;96.0;208.0;0.0
2025-12-17;PK;1929;-6788.329223555976;1929;39.0;117.0;16.0;159.0;0.0
2025-12-17;RS;3941;-10943.170582473596;3941;20.0;118.0;39.0;310.0;0.0
2025-12-17;TW;596;-737.6059902177323;596;7.0;30.0;4.0;20.0;0.0
2025-12-17;UP;2932;-6607.377564290754;2932;13.0;59.0;19.0;213.0;5.0
2025-12-17;US;43544;-99245.63114213204;43544;176.0;2774.0;649.0;3243.0;4.0
2025-12-18;GM;1542;-2366.5969268951612;1542;9.0;48.0;15.0;70.0;1.0
2025-12-18;IS;5171;-20111.365542088355;5171;130.0;255.0;128.0;402.0;30.0
2025-12-18;NI;3972;-6957.439561738505;3972;46.0;225.0;97.0;139.0;1.0
2025-12-18;PK;1849;-5176.556424240201;1849;16.0;94.0;42.0;106.0;0.0
2025-12-18;RS;4584;-14005.981968471482;4584;20.0;218.0;71.0;332.0;2.0
2025-12-18;TW;918;-564.9150813091437;918;1.0;14.0;0.0;22.0;0.0
2025-12-18;UP;3338;-8074.116000325083;3338;11.0;99.0;43.0;205.0;4.0
2025-12-18;US;43490;-101904.97929442432;43490;211.0;2846.0;669.0;2824.0;7.0
2025-12-19;GM;1422;-2702.946563524512;1422;26.0;67.0;24.0;41.0;0.0
2025-12-19;IS;4296;-16699.36719680954;4296;91.0;197.0;89.0;354.0;19.0
2025-12-19;NI;3255;-2844.933456322063;3255;23.0;139.0;75.0;119.0;0.0
2025-12-19;PK;1791;-6042.210666470633;1791;11.0;121.0;23.0;142.0;0.0
2025-12-19;RS;4190;-11128.735270099503;4190;22.0;154.0;41.0;270.0;4.0
2025-12-19;TW;727;-1756.0870903546315;727;3.0;15.0;10.0;30.0;0.0
2025-12-19;UP;3401;-5818.306084443969;3401;3.0;51.0;25.0;185.0;6.0
2025-12-19;US;44782;-107564.93405861392;44782;211.0;2992.0;805.0;3704.0;7.0
2025-12-20;GM;817;-1527.3811126223663;817;7.0;30.0;4.0;57.0;0.0
2025-12-20;IS;3623;-14296.691896338998;3623;55.0;153.0;102.0;440.0;6.0
2025-12-20;NI;2437;-179.920109661136;2437;3.0;78.0;35.0;59.0;0.0
2025-12-20;PK;1342;-5061.299917534692;1342;17.0;147.0;17.0;64.0;0.0
2025-12-20;RS;2711;-7615.763490273807;2711;11.0;62.0;33.0;220.0;1.0
2025-12-20;TW;340;-1199.1823561256786;340;5.0;9.0;5.0;24.0;0.0
2025-12-20;UP;2362;-5142.63844126446;2362;7.0;31.0;17.0;193.0;4.0
2025-12-20;US;27574;-65978.80112256935;27574;120.0;1631.0;381.0;2365.0;3.0
2025-12-21;GM;668;-957.2613583763862;668;3.0;23.0;5.0;43.0;1.0
2025-12-21;IS;3454;-15614.729438278004;3454;83.0;191.0;81.0;468.0;8.0
2025-12-21;NI;2391;-2558.4770081075826;2391;14.0;90.0;88.0;108.0;0.0
2025-12-21;PK;1099;-2660.03372497022;1099;13.0;86.0;10.0;98.0;0.0
2025-12-21;RS;2679;-4684.689400297937;2679;5.0;40.0;34.0;225.0;1.0
2025-12-21;TW;219;-753.3419518278599;219;0.0;8.0;7.0;10.0;0.0
2025-12-21;UP;2333;-3673.2030254762785;2333;9.0;24.0;29.0;167.0;0.0
2025-12-21;US;17299;-32919.379946877736;17299;71.0;931.0;241.0;1162.0;4.0
2025-12-22;GM;1184;-1989.791589746432;1184;12.0;45.0;6.0;63.0;0.0
2025-12-22;IS;4768;-20642.742020969792;4768;112.0;175.0;85.0;616.0;14.0
2025-12-22;NI;3336;-5541.007368990769;3336;10.0;148.0;165.0;182.0;0.0
2025-12-22;PK;1685;-2903.495280927393;1685;20.0;96.0;19.0;104.0;0.0
2025-12-22;RS;4423;-10929.151331514193;4423;10.0;110.0;161.0;446.0;2.0
2025-12-22;TW;441;-535.1445652269267;441;1.0;5.0;10.0;4.0;0.0
2025-12-22;UP;3374;-7772.3381432010765;3374;4.0;78.0;132.0;386.0;1.0
2025-12-22;US;31631;-67676.50583110243;31631;148.0;2012.0;558.0;2001.0;4.0
2025-12-23;GM;1154;-2164.7029690094664;1154;10.0;61.0;6.0;49.0;0.0
2025-12-23;IS;5141;-26299.069930303507;5141;277.0;487.0;103.0;539.0;17.0
2025-12-23;NI;3602;-5513.8348408329475;3602;11.0;200.0;109.0;117.0;0.0
2025-12-23;PK;2073;-6523.292462797275;2073;33.0;101.0;39.0;196.0;0.0
2025-12-23;RS;4224;-13625.52060532352;4224;25.0;118.0;93.0;469.0;0.0
2025-12-23;TW;418;-1066.5778164416336;418;1.0;10.0;4.0;9.0;0.0
2025-12-23;UP;2836;-9970.364206445596;2836;26.0;54.0;94.0;460.0;0.0
2025-12-23;US;37960;-86648.8590737146;37960;183.0;2428.0;668.0;2282.0;8.0
2025-12-24;GM;1185;-3419.2636116425124;1185;5.0;107.0;10.0;64.0;1.0
2025-12-24;IS;5315;-23380.549606665427;5315;154.0;359.0;127.0;450.0;17.0
2025-12-24;NI;2838;-4682.449142859786;2838;9.0;148.0;89.0;175.0;3.0
2025-12-24;PK;1628;-3510.510049455685;1628;10.0;82.0;30.0;101.0;0.0
2025-12-24;RS;3633;-11053.850654846929;3633;10.0;130.0;89.0;423.0;0.0
2025-12-24;TW;474;-1513.6962495357743;474;10.0;30.0;7.0;22.0;0.0
2025-12-24;UP;3042;-7804.975686800027;3042;9.0;56.0;84.0;325.0;0.0
2025-12-24;US;31453;-75281.13593519464;31453;138.0;2159.0;521.0;2182.0;5.0
2025-12-25;GM;764;-2500.4229808573814;764;0.0;58.0;6.0;52.0;0.0
2025-12-25;IS;3933;-16467.449363574007;3933;68.0;225.0;85.0;407.0;18.0
2025-12-25;NI;1970;-2380.786785189527;1970;5.0;86.0;63.0;123.0;0.0
2025-12-25;PK;1390;-1449.6161693992149;1390;14.0;62.0;24.0;138.0;0.0
2025-12-25;RS;2804;-7693.064288011859;2804;5.0;143.0;42.0;295.0;0.0
2025-12-25;TW;224;-320.9933146543322;224;5.0;7.0;3.0;4.0;0.0
2025-12-25;UP;2138;-5415.057267585312;2138;7.0;64.0;49.0;260.0;0.0
2025-12-25;US;17017;-31730.89703938144;17017;89.0;955.0;263.0;1256.0;1.0
2025-12-26;GM;755;-1327.24910512599;755;3.0;52.0;6.0;27.0;0.0
2025-12-26;IS;3828;-16055.654272391688;3828;21.0;182.0;95.0;567.0;12.0
2025-12-26;NI;5375;-18035.45417033631;5375;29.0;123.0;111.0;921.0;0.0
2025-12-26;PK;1802;-3170.918071974726;1802;9.0;68.0;27.0;116.0;0.0
2025-12-26;RS;3534;-8831.814243607558;3534;9.0;183.0;28.0;291.0;2.0
2025-12-26;TW;377;-1010.5704146433528;377;3.0;13.0;3.0;8.0;0.0
2025-12-26;UP;3154;-5588.74487593657;3154;6.0;57.0;23.0;236.0;0.0
2025-12-26;US;21702;-45668.92522109035;21702;105.0;1200.0;321.0;1802.0;5.0
2025-12-27;GM;674;-847.691179447653;674;3.0;31.0;10.0;32.0;0.0
2025-12-27;IS;3718;-13748.565575862543;3718;31.0;180.0;91.0;378.0;7.0
2025-12-27;NI;3792;-8878.385903883995;3792;10.0;71.0;52.0;497.0;0.0
2025-12-27;PK;1719;-3569.186041272625;1719;16.0;85.0;30.0;152.0;0.0
2025-12-27;RS;3377;-8258.335648477821;3377;31.0;84.0;55.0;374.0;0.0
2025-12-27;TW;317;-647.4439624262004;317;0.0;5.0;3.0;4.0;0.0
2025-12-27;UP;3525;-7733.864291365641;3525;17.0;48.0;49.0;342.0;0.0
2025-12-27;US;18784;-42485.117831048825;18784;67.0;1105.0;371.0;1543.0;4.0
2025-12-28;GM;632;-958.7148590094446;632;8.0;35.0;11.0;40.0;0.0
2025-12-28;IS;3840;-16066.4636782898;3840;47.0;171.0;135.0;362.0;4.0
2025-12-28;NI;3317;-8089.044459600699;3317;19.0;76.0;48.0;371.0;0.0
2025-12-28;PK;1432;-3714.931393594599;1432;19.0;60.0;8.0;183.0;0.0
2025-12-28;RS;3742;-7133.535430651126;3742;10.0;57.0;52.0;314.0;0.0
2025-12-28;TW;298;-527.1754178337612;298;0.0;6.0;2.0;8.0;0.0
2025-12-28;UP;4469;-6585.749896391381;4469;11.0;18.0;43.0;295.0;0.0
2025-12-28;US;16118;-33637.80908451257;16118;50.0;760.0;258.0;1138.0;4.0
2025-12-29;GM;798;-1057.79538636137;798;3.0;36.0;4.0;50.0;0.0
2025-12-29;IS;6018;-21122.66933873602;6018;68.0;122.0;129.0;403.0;12.0
2025-12-29;NI;3620;-10476.493011490851;3620;17.0;93.0;83.0;335.0;1.0
2025-12-29;PK;1705;-5671.402505044836;1705;15.0;89.0;35.0;176.0;0.0
2025-12-29;RS;5143;-9897.075678411757;5143;5.0;106.0;52.0;456.0;2.0
2025-12-29;TW;1213;-3524.9954407741584;1213;2.0;21.0;16.0;73.0;0.0
2025-12-29;UP;5978;-8861.762084314858;5978;2.0;49.0;43.0;375.0;3.0
2025-12-29;US;27775;-61578.52189042251;27775;103.0;1524.0;468.0;1950.0;7.0
2025-12-30;GM;876;-1926.0391569038889;876;10.0;41.0;14.0;26.0;1.0
2025-12-30;IS;6337;-21120.57001413804;6337;61.0;161.0;108.0;513.0;17.0
2025-12-30;NI;3029;-9099.421396733083;3029;13.0;144.0;89.0;189.0;2.0
2025-12-30;PK;1835;-4995.159864099684;1835;18.0;73.0;35.0;147.0;1.0
2025-12-30;RS;4237;-14040.70594558008;4237;4.0;114.0;57.0;448.0;0.0
2025-12-30;TW;1254;-3339.070978662359;1254;0.0;17.0;23.0;116.0;0.0
2025-12-30;UP;4078;-12979.88610571084;4078;1.0;39.0;37.0;373.0;0.0
2025-12-30;US;30978;-69895.02635737097;30978;99.0;1712.0;513.0;2201.0;12.0
2025-12-31;GM;1105;-2335.509754852416;1105;16.0;46.0;11.0;47.0;0.0
2025-12-31;IS;4455;-16640.972002059458;4455;79.0;175.0;80.0;447.0;11.0
2025-12-31;NI;3223;-7995.329126298055;3223;25.0;180.0;93.0;216.0;5.0
2025-12-31;PK;2348;-4460.180091493808;2348;25.0;76.0;22.0;107.0;0.0
2025-12-31;RS;3389;-11170.476053410484;3389;20.0;110.0;76.0;415.0;0.0
2025-12-31;TW;976;-2454.5527926622767;976;6.0;12.0;7.0;72.0;0.0
2025-12-31;UP;2859;-9636.579087549486;2859;6.0;48.0;46.0;355.0;7.0
2025-12-31;US;31200;-75035.71011797283;31200;192.0;2033.0;549.0;2157.0;3.0
2026-01-01;GM;684;-1701.8323531671035;684;3.0;45.0;24.0;42.0;0.0
2026-01-01;IS;3268;-11971.114806794609;3268;46.0;180.0;83.0;278.0;7.0
2026-01-01;NI;2300;-2702.846964674492;2300;7.0;60.0;31.0;172.0;0.0
2026-01-01;PK;1508;-3476.19726131712;1508;6.0;70.0;8.0;113.0;0.0
2026-01-01;RS;2939;-11453.936093994944;2939;15.0;94.0;54.0;402.0;2.0
2026-01-01;TW;729;-1360.5096872119163;729;0.0;12.0;3.0;31.0;0.0
2026-01-01;UP;2811;-10898.781005111734;2811;6.0;39.0;48.0;428.0;2.0
2026-01-01;US;21788;-48231.26852781611;21788;127.0;1294.0;299.0;1515.0;0.0
2026-01-02;GM;656;-1124.6502778124404;656;7.0;29.0;9.0;37.0;0.0
2026-01-02;IS;4133;-17372.6960344874;4133;67.0;191.0;87.0;458.0;16.0
2026-01-02;NI;2939;-4990.996133004926;2939;23.0;83.0;39.0;193.0;0.0
2026-01-02;PK;1443;-4551.375425029348;1443;5.0;85.0;9.0;80.0;0.0
2026-01-02;RS;2257;-8403.58627478195;2257;6.0;51.0;60.0;338.0;2.0
2026-01-02;TW;550;-1323.079150916614;550;1.0;12.0;0.0;37.0;0.0
2026-01-02;UP;2172;-8236.119221417088;2172;1.0;39.0;60.0;342.0;2.0
2026-01-02;US;26408;-58525.590857669886;26408;160.0;1626.0;369.0;1911.0;5.0
2026-01-03;GM;473;-1242.8418205316054;473;0.0;19.0;5.0;19.0;1.0
2026-01-03;IS;2348;-9697.645320124902;2348;25.0;129.0;66.0;212.0;3.0
2026-01-03;NI;2055;-3249.671388308506;2055;6.0;75.0;53.0;188.0;1.0
2026-01-03;PK;1110;-2505.0668444033686;1110;15.0;75.0;15.0;58.0;0.0
2026-01-03;RS;2731;-11004.896599333184;2731;6.0;116.0;72.0;287.0;3.0
2026-01-03;TW;333;-795.8328676009053;333;1.0;5.0;3.0;16.0;0.0
2026-01-03;UP;1866;-5732.167965409757;1866;2.0;48.0;44.0;268.0;0.0
2026-01-03;US;27758;-85949.66603621143;27758;215.0;2025.0;590.0;1924.0;9.0
2026-01-04;GM;652;-2059.278712913811;652;10.0;27.0;12.0;30.0;0.0
2026-01-04;IS;2728;-12108.906683381772;2728;48.0;90.0;98.0;401.0;4.0
2026-01-04;NI;2385;-9263.940122745758;2385;39.0;144.0;134.0;273.0;3.0
2026-01-04;PK;1057;-1933.9780350916344;1057;11.0;57.0;17.0;127.0;1.0
2026-01-04;RS;2563;-9566.598756016674;2563;14.0;67.0;34.0;196.0;0.0
2026-01-04;TW;415;-1190.302342264213;415;4.0;22.0;9.0;22.0;0.0
2026-01-04;UP;1123;-3684.233217491319;1123;6.0;23.0;24.0;151.0;2.0
2026-01-04;US;25659;-75614.6851738523;25659;463.0;1431.0;511.0;1815.0;1.0
2026-01-05;GM;1087;-1588.045696414396;1087;15.0;32.0;9.0;58.0;1.0
2026-01-05;IS;3747;-14393.959698835764;3747;69.0;159.0;116.0;366.0;9.0
2026-01-05;NI;3291;-10265.256501237482;3291;29.0;128.0;179.0;322.0;0.0
2026-01-05;PK;1610;-4569.363163341392;1610;15.0;79.0;18.0;162.0;0.0
2026-01-05;RS;4139;-14319.739002185235;4139;8.0;106.0;76.0;457.0;0.0
2026-01-05;TW;649;-1419.1865445493952;649;2.0;20.0;12.0;28.0;0.0
2026-01-05;UP;2628;-6789.901470404227;2628;10.0;75.0;37.0;367.0;0.0
2026-01-05;US;39807;-111200.83576371807;39807;414.0;2551.0;845.0;2769.0;4.0
2026-01-06;GM;1514;-2253.0097848697837;1514;12.0;33.0;17.0;49.0;0.0
2026-01-06;IS;4750;-15933.373416439164;4750;98.0;186.0;74.0;404.0;4.0
2026-01-06;NI;3157;-8412.843601883167;3157;26.0;193.0;107.0;204.0;0.0
2026-01-06;PK;1852;-6616.3714032130565;1852;46.0;109.0;32.0;173.0;3.0
2026-01-06;RS;4113;-11128.376794735414;4113;21.0;94.0;72.0;367.0;0.0
2026-01-06;TW;759;-1602.9832910320222;759;2.0;26.0;6.0;35.0;0.0
2026-01-06;UP;3749;-4075.861591382031;3749;8.0;59.0;39.0;325.0;0.0
2026-01-06;US;46491;-119902.8618501997;46491;357.0;2812.0;864.0;3091.0;2.0
2026-01-07;GM;1707;-1709.8930581905358;1707;13.0;30.0;15.0;53.0;0.0
2026-01-07;IS;4275;-16502.86645761803;4275;106.0;162.0;103.0;452.0;4.0
2026-01-07;NI;2932;-5565.331299830935;2932;16.0;152.0;104.0;181.0;0.0
2026-01-07;PK;1753;-3807.587125841061;1753;12.0;61.0;26.0;107.0;1.0
2026-01-07;RS;5163;-14446.308378326512;5163;22.0;187.0;75.0;327.0;0.0
2026-01-07;TW;612;-1521.8358544367825;612;2.0;19.0;1.0;46.0;0.0
2026-01-07;UP;3830;-2847.4329921299404;3830;1.0;48.0;29.0;201.0;1.0
2026-01-07;US;49323;-116258.69865568964;49323;402.0;2867.0;764.0;3202.0;6.0
2026-01-08;GM;1553;-2066.678397750145;1553;6.0;33.0;6.0;29.0;0.0
2026-01-08;IS;4926;-21801.587192442457;4926;113.0;238.0;152.0;513.0;17.0
2026-01-08;NI;2918;-7256.408967187283;2918;14.0;141.0;129.0;209.0;0.0
2026-01-08;PK;1834;-3822.1620922111465;1834;13.0;83.0;30.0;129.0;0.0
2026-01-08;RS;4160;-12639.839561769477;4160;23.0;120.0;68.0;283.0;0.0
2026-01-08;TW;458;-1062.3818349822684;458;4.0;19.0;5.0;20.0;0.0
2026-01-08;UP;2441;-5197.439734742087;2441;7.0;38.0;30.0;175.0;0.0
2026-01-08;US;48643;-128069.85342782842;48643;539.0;2977.0;767.0;3582.0;3.0
2026-01-09;GM;1584;-2455.3729889510873;1584;13.0;26.0;11.0;45.0;0.0
2026-01-09;IS;4266;-15725.435110844992;4266;76.0;138.0;96.0;461.0;14.0
2026-01-09;NI;3252;-6871.202815195807;3252;25.0;128.0;74.0;183.0;5.0
2026-01-09;PK;1495;-2271.004520230567;1495;16.0;45.0;27.0;66.0;0.0
2026-01-09;RS;4767;-16890.963509368874;4767;30.0;131.0;73.0;612.0;0.0
2026-01-09;TW;462;-1115.1106473307198;462;4.0;26.0;6.0;16.0;0.0
2026-01-09;UP;3352;-12999.428836726438;3352;19.0;76.0;84.0;520.0;0.0
2026-01-09;US;48102;-125577.3847523766;48102;709.0;2825.0;784.0;4022.0;6.0
2026-01-10;GM;1158;-1945.5123399110864;1158;26.0;21.0;7.0;58.0;0.0
2026-01-10;IS;2431;-9829.778287618956;2431;110.0;83.0;54.0;204.0;9.0
2026-01-10;NI;2413;-4673.450451852637;2413;8.0;69.0;56.0;133.0;0.0
2026-01-10;PK;1783;-2522.1228206456813;1783;33.0;41.0;9.0;131.0;2.0
2026-01-10;RS;2657;-9157.791739792308;2657;8.0;57.0;68.0;361.0;0.0
2026-01-10;TW;284;-390.35713352569127;284;12.0;7.0;1.0;10.0;0.0
2026-01-10;UP;1869;-6213.124557076966;1869;4.0;20.0;76.0;318.0;1.0
2026-01-10;US;30356;-82577.69092593656;30356;378.0;1899.0;606.0;2537.0;9.0
2026-01-11;GM;1290;-865.17211823064;1290;23.0;18.0;11.0;34.0;0.0
2026-01-11;IS;4126;-19195.33890144961;4126;133.0;166.0;87.0;372.0;6.0
2026-01-11;NI;2584;-5258.017147825038;2584;13.0;140.0;77.0;133.0;1.0
2026-01-11;PK;1320;-3472.9743799820017;1320;35.0;48.0;13.0;90.0;1.0
2026-01-11;RS;1749;-5805.0860677199635;1749;13.0;54.0;47.0;243.0;2.0
2026-01-11;TW;169;-361.7502178063243;169;2.0;7.0;9.0;3.0;0.0
2026-01-11;UP;1152;-3902.289796371233;1152;14.0;24.0;31.0;202.0;0.0
2026-01-11;US;20905;-60241.92655936805;20905;487.0;1201.0;363.0;1840.0;3.0
2026-01-12;GM;2391;-758.6145990574979;2391;19.0;60.0;8.0;52.0;0.0
2026-01-12;IS;4988;-20966.898325970273;4988;127.0;286.0;147.0;423.0;11.0
2026-01-12;NI;3266;-7706.410448312821;3266;17.0;223.0;71.0;174.0;0.0
2026-01-12;PK;1776;-4738.308812655167;1776;13.0;48.0;49.0;194.0;0.0
2026-01-12;RS;3014;-10196.696938940924;3014;17.0;133.0;46.0;339.0;0.0
2026-01-12;TW;379;-428.08266406735;379;3.0;11.0;2.0;14.0;0.0
2026-01-12;UP;1600;-5094.707487236935;1600;15.0;25.0;44.0;238.0;0.0
2026-01-12;US;36998;-84101.48607531359;36998;588.0;2025.0;638.0;2643.0;3.0
2026-01-13;GM;2025;-2874.635535633423;2025;27.0;65.0;16.0;79.0;0.0
2026-01-13;IS;4887;-20747.355859981395;4887;128.0;237.0;144.0;468.0;15.0
2026-01-13;NI;3661;-8018.552467468061;3661;34.0;159.0;123.0;233.0;0.0
2026-01-13;PK;2333;-5421.336394931485;2333;12.0;86.0;28.0;196.0;0.0
2026-01-13;RS;3641;-14373.200120031204;3641;42.0;168.0;76.0;481.0;2.0
2026-01-13;TW;592;-188.35335881798736;592;3.0;17.0;1.0;7.0;0.0
2026-01-13;UP;2300;-8834.314692694341;2300;31.0;38.0;52.0;402.0;1.0
2026-01-13;US;46561;-115939.91884123132;46561;610.0;3001.0;801.0;3032.0;7.0
2026-01-14;GM;1848;-1637.9143860728334;1848;18.0;46.0;17.0;57.0;0.0
2026-01-14;IS;5285;-23089.232473606728;5285;161.0;220.0;123.0;469.0;9.0
2026-01-14;NI;3319;-6288.162148732889;3319;29.0;128.0;96.0;258.0;0.0
2026-01-14;PK;1828;-1316.7479073407712;1828;15.0;63.0;44.0;121.0;0.0
2026-01-14;RS;3443;-10978.043163490538;3443;31.0;128.0;60.0;341.0;2.0
2026-01-14;TW;609;-1591.1966236278615;609;1.0;35.0;1.0;10.0;0.0
2026-01-14;UP;1981;-5633.454524074317;1981;13.0;77.0;46.0;277.0;0.0
2026-01-14;US;50361;-119546.64386655256;50361;456.0;3003.0;784.0;3111.0;9.0
2026-01-15;GM;1893;-1484.6793297281245;1893;14.0;69.0;10.0;47.0;0.0
2026-01-15;IS;5322;-22191.72637268774;5322;146.0;322.0;120.0;465.0;11.0
2026-01-15;NI;3453;-4278.191315751655;3453;23.0;145.0;77.0;212.0;1.0
2026-01-15;PK;2030;-2066.4293719811403;2030;10.0;97.0;25.0;152.0;1.0
2026-01-15;RS;3980;-11748.348813324485;3980;35.0;144.0;42.0;284.0;0.0
2026-01-15;TW;487;-324.9998039772348;487;3.0;21.0;1.0;7.0;0.0
2026-01-15;UP;2245;-6174.868475229837;2245;15.0;64.0;31.0;244.0;0.0
2026-01-15;US;51584;-117186.09768846368;51584;435.0;2996.0;781.0;3067.0;2.0
2026-01-16;GM;2076;-2233.4117874459316;2076;16.0;66.0;16.0;66.0;0.0
2026-01-16;IS;4924;-18725.08673049283;4924;116.0;206.0;141.0;484.0;39.0
2026-01-16;NI;3196;-4944.904505470286;3196;19.0;165.0;80.0;170.0;0.0
2026-01-16;PK;1760;-2624.0332738606726;1760;18.0;61.0;15.0;138.0;0.0
2026-01-16;RS;3477;-9575.89971487457;3477;20.0;143.0;50.0;228.0;0.0
2026-01-16;TW;594;546.8924072193446;594;5.0;5.0;3.0;7.0;0.0
2026-01-16;UP;2266;-4678.927128491614;2266;2.0;59.0;34.0;179.0;1.0
2026-01-16;US;46888;-99614.98974793892;46888;347.0;2962.0;733.0;2730.0;8.0
2026-01-17;GM;1092;-1374.1219203850926;1092;25.0;30.0;2.0;44.0;1.0
2026-01-17;IS;3519;-9885.44818925775;3519;43.0;76.0;85.0;310.0;5.0
2026-01-17;NI;2132;-3530.8301485411966;2132;12.0;95.0;64.0;123.0;0.0
2026-01-17;PK;1346;-3453.1963198313897;1346;7.0;64.0;11.0;101.0;0.0
2026-01-17;RS;1953;-5914.763967017192;1953;20.0;66.0;27.0;177.0;0.0
2026-01-17;TW;340;-158.53121908145016;340;3.0;15.0;0.0;9.0;0.0
2026-01-17;UP;1508;-3134.869503366255;1508;12.0;17.0;28.0;123.0;0.0
2026-01-17;US;31498;-73494.12897941115;31498;350.0;2048.0;479.0;1984.0;4.0
2026-01-18;GM;1458;-2807.5581462084974;1458;12.0;31.0;5.0;31.0;0.0
2026-01-18;IS;3768;-9499.4260178587;3768;38.0;123.0;125.0;324.0;12.0
2026-01-18;NI;2182;-6087.828507881865;2182;11.0;188.0;47.0;138.0;0.0
2026-01-18;PK;1322;-2458.205932929067;1322;7.0;41.0;22.0;84.0;0.0
2026-01-18;RS;1989;-6553.094849204716;1989;24.0;85.0;38.0;221.0;0.0
2026-01-18;TW;263;-296.1297442342566;263;0.0;10.0;2.0;6.0;0.0
2026-01-18;UP;1309;-4436.957847189193;1309;11.0;30.0;36.0;196.0;0.0
2026-01-18;US;21165;-49421.79265651115;21165;319.0;1027.0;340.0;1469.0;1.0
2026-01-19;GM;2239;-3534.913034220651;2239;17.0;56.0;24.0;54.0;0.0
2026-01-19;IS;5035;-8255.883847503605;5035;79.0;129.0;81.0;314.0;6.0
2026-01-19;NI;3462;-8341.774525490211;3462;41.0;228.0;137.0;238.0;0.0
2026-01-19;PK;1689;-3566.4521279854343;1689;18.0;71.0;24.0;127.0;0.0
2026-01-19;RS;3494;-8122.902427554031;3494;16.0;141.0;32.0;244.0;0.0
2026-01-19;TW;378;-18.19752077736233;378;2.0;11.0;4.0;8.0;0.0
2026-01-19;UP;1936;-4722.594559274605;1936;19.0;43.0;44.0;170.0;0.0
2026-01-19;US;30603;-55632.16990067266;30603;313.0;1571.0;445.0;1836.0;4.0
2026-01-20;GM;1591;-2453.4172622809224;1591;6.0;44.0;12.0;33.0;0.0
2026-01-20;IS;5505;-15752.0323577023;5505;88.0;300.0;84.0;421.0;10.0
2026-01-20;NI;3925;-9154.377966977809;3925;26.0;187.0;156.0;232.0;0.0
2026-01-20;PK;1825;-3433.9380958583424;1825;20.0;76.0;15.0;60.0;1.0
2026-01-20;RS;4445;-10239.57595017452;4445;23.0;166.0;32.0;291.0;7.0
2026-01-20;TW;408;-389.89050884502655;408;3.0;22.0;1.0;18.0;0.0
2026-01-20;UP;2789;-6095.414232563475;2789;13.0;64.0;26.0;257.0;0.0
2026-01-20;US;41637;-78087.28423892753;41637;452.0;2250.0;578.0;2461.0;5.0
2026-01-21;GM;1786;-2341.535688652254;1786;20.0;73.0;9.0;65.0;0.0
2026-01-21;IS;6019;-11711.84119751774;6019;44.0;205.0;84.0;547.0;11.0
2026-01-21;NI;3272;-8211.600837489612;3272;23.0;134.0;175.0;232.0;1.0
2026-01-21;PK;2103;-695.9048082919238;2103;0.0;64.0;9.0;118.0;0.0
2026-01-21;RS;4152;-9108.255566995698;4152;10.0;188.0;36.0;266.0;1.0
2026-01-21;TW;467;-288.50376587103557;467;0.0;13.0;6.0;8.0;0.0
2026-01-21;UP;2559;-5842.744785166515;2559;5.0;72.0;22.0;208.0;0.0
2026-01-21;US;48057;-102539.0912068145;48057;580.0;2806.0;722.0;2917.0;8.0
2026-01-22;GM;1812;-1924.6810186151065;1812;8.0;81.0;10.0;54.0;2.0
2026-01-22;IS;6612;-12994.738391722243;6612;57.0;245.0;111.0;559.0;14.0
2026-01-22;NI;3998;-9088.354481635057;3998;23.0;206.0;214.0;204.0;4.0
2026-01-22;PK;2153;-3035.0349962707455;2153;11.0;82.0;16.0;149.0;0.0
2026-01-22;RS;5767;-10804.655318765506;5767;22.0;161.0;53.0;252.0;0.0
2026-01-22;TW;378;-61.28211589756226;378;0.0;11.0;4.0;12.0;0.0
2026-01-22;UP;4116;-7387.3152412865;4116;19.0;81.0;29.0;198.0;3.0
2026-01-22;US;48036;-101221.20349184082;48036;389.0;2913.0;602.0;2500.0;6.0
2026-01-23;GM;1554;-1651.5783966118993;1554;12.0;57.0;19.0;50.0;2.0
2026-01-23;IS;5460;-12533.158597282949;5460;59.0;222.0;128.0;354.0;11.0
2026-01-23;NI;3297;-5669.247428829221;3297;25.0;155.0;92.0;137.0;0.0
2026-01-23;PK;1780;-3306.082942107038;1780;10.0;85.0;28.0;116.0;0.0
2026-01-23;RS;5194;-9800.767564642952;5194;21.0;136.0;53.0;207.0;3.0
2026-01-23;TW;456;-325.34495810116033;456;1.0;2.0;4.0;24.0;0.0
2026-01-23;UP;4639;-7566.705649159839;4639;5.0;48.0;35.0;184.0;0.0
2026-01-23;US;46802;-109402.2111116168;46802;430.0;3132.0;637.0;2546.0;3.0
2026-01-24;GM;722;-1246.71694529327;722;10.0;42.0;8.0;53.0;0.0
2026-01-24;IS;3159;-11400.762402680582;3159;37.0;126.0;93.0;280.0;6.0
2026-01-24;NI;1898;-1979.065551390593;1898;10.0;49.0;32.0;58.0;1.0
2026-01-24;PK;1692;-4097.40002380459;1692;18.0;87.0;38.0;116.0;4.0
2026-01-24;RS;3135;-7833.044892118384;3135;7.0;76.0;29.0;291.0;0.0
2026-01-24;TW;331;-428.17337707825857;331;4.0;6.0;5.0;7.0;0.0
2026-01-24;UP;2868;-8019.257909350493;2868;1.0;34.0;48.0;283.0;0.0
2026-01-24;US;30855;-85359.23947796585;30855;366.0;2075.0;444.0;2242.0;4.0
2026-01-25;GM;685;-1456.248550564991;685;13.0;35.0;15.0;50.0;0.0
2026-01-25;IS;3598;-14216.03279110127;3598;72.0;148.0;127.0;450.0;9.0
2026-01-25;NI;2364;-3838.6411119977697;2364;3.0;164.0;71.0;101.0;0.0
2026-01-25;PK;1241;-2730.915154744347;1241;12.0;60.0;24.0;74.0;0.0
2026-01-25;RS;2307;-6171.212078534939;2307;6.0;68.0;40.0;219.0;0.0
2026-01-25;TW;297;19.582020448040023;297;1.0;13.0;0.0;11.0;0.0
2026-01-25;UP;1948;-5329.223425285881;1948;6.0;27.0;28.0;228.0;0.0
2026-01-25;US;22048;-62367.456862082545;22048;317.0;1015.0;307.0;2058.0;0.0
2026-01-26;GM;1510;-1452.2472771922764;1510;9.0;40.0;4.0;56.0;3.0
2026-01-26;IS;5473;-19531.93009937095;5473;111.0;234.0;162.0;703.0;11.0
2026-01-26;NI;3860;-5713.238899025722;3860;38.0;215.0;109.0;197.0;0.0
2026-01-26;PK;1722;-5596.798012861557;1722;28.0;89.0;52.0;168.0;0.0
2026-01-26;RS;2985;-7609.450640112116;2985;16.0;168.0;44.0;213.0;0.0
2026-01-26;TW;487;-539.4473331615914;487;1.0;16.0;1.0;21.0;0.0
2026-01-26;UP;2036;-4595.6737680000215;2036;3.0;45.0;35.0;203.0;0.0
2026-01-26;US;35526;-95839.81837757694;35526;445.0;1940.0;516.0;2985.0;1.0
2026-01-27;GM;1948;-2117.632803102419;1948;6.0;42.0;7.0;98.0;0.0
2026-01-27;IS;5395;-20292.391100685654;5395;74.0;200.0;176.0;594.0;5.0
2026-01-27;NI;3519;-5451.534044893595;3519;24.0;168.0;71.0;111.0;0.0
2026-01-27;PK;1835;-4027.131789860639;1835;30.0;78.0;44.0;122.0;0.0
2026-01-27;RS;3505;-9745.801933644878;3505;23.0;135.0;40.0;371.0;0.0
2026-01-27;TW;543;-871.8161283391629;543;1.0;26.0;3.0;20.0;0.0
2026-01-27;UP;2365;-6241.035900626109;2365;4.0;38.0;24.0;280.0;1.0
2026-01-27;US;46151;-116677.22529544758;46151;469.0;2509.0;688.0;3560.0;5.0
2026-01-28;GM;1729;-2667.175418807426;1729;10.0;59.0;9.0;62.0;0.0
2026-01-28;IS;4235;-16039.830417014828;4235;57.0;189.0;121.0;389.0;9.0
2026-01-28;NI;4085;-6205.131236006228;4085;72.0;215.0;84.0;125.0;0.0
2026-01-28;PK;1397;-2271.3059992425005;1397;20.0;68.0;25.0;71.0;0.0
2026-01-28;RS;3772;-11637.687417378738;3772;13.0;161.0;68.0;365.0;0.0
2026-01-28;TW;495;-285.67803997090004;495;12.0;12.0;9.0;13.0;0.0
2026-01-28;UP;2271;-7317.905108179388;2271;9.0;50.0;24.0;304.0;2.0
2026-01-28;US;47522;-124260.24706393092;47522;493.0;2816.0;772.0;3430.0;7.0
2026-01-29;GM;1586;-2353.638294274676;1586;10.0;66.0;23.0;66.0;0.0
2026-01-29;IS;4719;-17178.006964047916;4719;48.0;252.0;115.0;436.0;18.0
2026-01-29;NI;3638;-10024.104118754998;3638;52.0;219.0;80.0;187.0;0.0
2026-01-29;PK;2081;-5600.192601343309;2081;32.0;121.0;54.0;101.0;1.0
2026-01-29;RS;4105;-12177.990139219555;4105;12.0;201.0;68.0;284.0;0.0
2026-01-29;TW;486;-567.4512152871001;486;0.0;15.0;12.0;30.0;0.0
2026-01-29;UP;2602;-7564.202690478968;2602;0.0;71.0;26.0;206.0;3.0
2026-01-29;US;49237;-127452.86006677356;49237;466.0;3018.0;722.0;3288.0;4.0
2026-01-30;GM;1202;-1893.4451376542977;1202;26.0;49.0;9.0;45.0;0.0
2026-01-30;IS;5062;-18894.086122065914;5062;87.0;218.0;110.0;396.0;16.0
2026-01-30;NI;3704;-7541.124289764891;3704;24.0;235.0;99.0;197.0;0.0
2026-01-30;PK;1662;-3907.834247216813;1662;24.0;94.0;31.0;134.0;0.0
2026-01-30;RS;3975;-10791.11550814664;3975;14.0;182.0;56.0;355.0;0.0
2026-01-30;TW;433;-719.8174572207016;433;1.0;8.0;5.0;11.0;0.0
2026-01-30;UP;2872;-6911.014991098624;2872;9.0;44.0;46.0;304.0;0.0
2026-01-30;US;47995;-125925.98654709457;47995;609.0;3439.0;743.0;3224.0;7.0
2026-01-31;GM;627;-770.6677692278464;627;5.0;22.0;6.0;24.0;0.0
2026-01-31;IS;3747;-16879.37311485842;3747;70.0;126.0;89.0;485.0;11.0
2026-01-31;NI;2587;-5746.689941755478;2587;15.0;182.0;66.0;168.0;0.0
2026-01-31;PK;2110;-10179.893887556847;2110;9.0;48.0;80.0;359.0;1.0
2026-01-31;RS;2504;-6677.951152828998;2504;10.0;84.0;63.0;196.0;0.0
2026-01-31;TW;228;-390.04076782768584;228;2.0;5.0;0.0;7.0;0.0
2026-01-31;UP;1456;-3521.897873207724;1456;3.0;26.0;39.0;161.0;0.0
2026-01-31;US;31649;-83829.86443578525;31649;650.0;2089.0;479.0;1960.0;5.0
2026-02-01;GM;527;-753.194461896916;527;3.0;15.0;4.0;16.0;0.0
2026-02-01;IS;4125;-15615.514780779338;4125;43.0;175.0;62.0;451.0;9.0
2026-02-01;NI;2514;-4294.86923578613;2514;15.0;162.0;50.0;185.0;0.0
2026-02-01;PK;2049;-11831.541247307365;2049;19.0;56.0;82.0;401.0;0.0
2026-02-01;RS;2627;-6725.415468522795;2627;12.0;77.0;48.0;246.0;0.0
2026-02-01;TW;347;-148.90599559986052;347;4.0;6.0;0.0;7.0;0.0
2026-02-01;UP;1814;-5108.874840300892;1814;10.0;25.0;48.0;216.0;0.0
2026-02-01;US;21550;-50661.06620607894;21550;270.0;1193.0;262.0;1250.0;6.0
2026-02-02;GM;1192;-1335.0628342482437;1192;8.0;89.0;10.0;26.0;0.0
2026-02-02;IS;4960;-17618.541108941004;4960;61.0;224.0;78.0;503.0;10.0
2026-02-02;NI;3658;-7480.095411120455;3658;38.0;197.0;74.0;225.0;2.0
2026-02-02;PK;2372;-9693.068281673788;2372;28.0;69.0;86.0;339.0;0.0
2026-02-02;RS;3847;-11089.130541982157;3847;10.0;198.0;53.0;325.0;0.0
2026-02-02;TW;399;309.9205558735239;399;0.0;12.0;3.0;1.0;0.0
2026-02-02;UP;1933;-6269.675484246594;1933;4.0;51.0;35.0;267.0;0.0
2026-02-02;US;36788;-77808.37038334142;36788;356.0;2263.0;547.0;2116.0;2.0
2026-02-03;GM;1258;-1714.541690756621;1258;7.0;54.0;10.0;49.0;0.0
2026-02-03;IS;5025;-17169.2517176365;5025;79.0;202.0;100.0;503.0;12.0
2026-02-03;NI;3366;-5410.7729558039955;3366;28.0;199.0;73.0;158.0;0.0
2026-02-03;PK;2300;-6067.481696986146;2300;14.0;89.0;29.0;228.0;3.0
2026-02-03;RS;4517;-12702.125442580413;4517;8.0;207.0;73.0;345.0;0.0
2026-02-03;TW;430;57.45198945403054;430;0.0;14.0;3.0;11.0;0.0
2026-02-03;UP;2513;-7489.927101865423;2513;4.0;61.0;43.0;340.0;0.0
2026-02-03;US;47279;-102381.81905952474;47279;358.0;3008.0;729.0;2545.0;8.0
2026-02-04;GM;1534;-2758.377705942748;1534;22.0;108.0;44.0;44.0;0.0
2026-02-04;IS;5201;-18307.389383987953;5201;68.0;219.0;96.0;506.0;26.0
2026-02-04;NI;3935;-9623.977479711391;3935;23.0;171.0;50.0;375.0;0.0
2026-02-04;PK;2311;-5835.526955939124;2311;8.0;42.0;48.0;269.0;0.0
2026-02-04;RS;4814;-12409.160745123629;4814;21.0;188.0;60.0;270.0;2.0
2026-02-04;TW;816;370.0088370234756;816;5.0;8.0;0.0;22.0;0.0
2026-02-04;UP;2934;-7812.437679212476;2934;5.0;42.0;52.0;251.0;0.0
2026-02-04;US;48326;-103636.48445826863;48326;413.0;3006.0;795.0;2612.0;16.0
2026-02-05;GM;1534;-2612.293369953074;1534;11.0;84.0;25.0;53.0;0.0
2026-02-05;IS;4738;-18305.48516755465;4738;82.0;213.0;89.0;439.0;17.0
2026-02-05;NI;5149;-18086.192396167982;5149;48.0;204.0;199.0;469.0;8.0
2026-02-05;PK;2236;-3357.11464067602;2236;1.0;62.0;29.0;186.0;0.0
2026-02-05;RS;6078;-14644.84980632079;6078;33.0;256.0;47.0;312.0;0.0
2026-02-05;TW;747;-77.61105864759708;747;2.0;7.0;3.0;3.0;0.0
2026-02-05;UP;3683;-8458.973729397827;3683;0.0;57.0;35.0;249.0;0.0
2026-02-05;US;47513;-98427.56782030592;47513;367.0;2650.0;824.0;2631.0;9.0
2026-02-06;GM;1265;-1402.7072037441883;1265;9.0;51.0;6.0;47.0;0.0
2026-02-06;IS;4163;-15456.999275486984;4163;65.0;194.0;120.0;346.0;24.0
2026-02-06;NI;4215;-15268.816545065483;4215;34.0;193.0;164.0;321.0;11.0
2026-02-06;PK;2681;-11160.343660604747;2681;24.0;63.0;106.0;298.0;0.0
2026-02-06;RS;5170;-15728.67162758778;5170;29.0;184.0;117.0;521.0;0.0
2026-02-06;TW;524;-385.954215679635;524;1.0;7.0;0.0;10.0;0.0
2026-02-06;UP;3155;-8678.578129354944;3155;9.0;45.0;80.0;438.0;0.0
2026-02-06;US;43982;-101442.80932810204;43982;332.0;2972.0;749.0;2386.0;6.0
2026-02-07;GM;639;-1723.9435951814858;639;3.0;43.0;9.0;17.0;1.0
2026-02-07;IS;3020;-12282.975264325296;3020;52.0;115.0;62.0;339.0;11.0
2026-02-07;NI;3194;-7497.660247565923;3194;13.0;112.0;97.0;288.0;6.0
2026-02-07;PK;2208;-11661.599636752271;2208;22.0;100.0;85.0;209.0;0.0
2026-02-07;RS;2896;-8379.502697306641;2896;11.0;57.0;49.0;267.0;0.0
2026-02-07;TW;342;-415.86581418781674;342;3.0;6.0;0.0;13.0;0.0
2026-02-07;UP;2341;-6458.745510746558;2341;7.0;24.0;37.0;235.0;0.0
2026-02-07;US;29102;-65254.917595622916;29102;216.0;1654.0;420.0;1520.0;3.0
2026-02-08;GM;559;-1285.827637703687;559;4.0;25.0;10.0;35.0;0.0
2026-02-08;IS;4094;-14926.62737846676;4094;83.0;115.0;65.0;301.0;4.0
2026-02-08;NI;3371;-8200.293710751337;3371;23.0;119.0;138.0;267.0;1.0
2026-02-08;PK;1708;-5995.513907226064;1708;25.0;83.0;23.0;163.0;5.0
2026-02-08;RS;2738;-11003.016052243293;2738;6.0;149.0;84.0;278.0;0.0
2026-02-08;TW;277;-340.6664135745916;277;1.0;14.0;0.0;19.0;0.0
2026-02-08;UP;1711;-7388.069804193702;1711;1.0;52.0;55.0;201.0;0.0
2026-02-08;US;17880;-39143.29529372353;17880;123.0;913.0;203.0;993.0;4.0
2026-02-09;GM;1127;-1751.1546230731872;1127;5.0;50.0;10.0;33.0;0.0
2026-02-09;IS;6245;-26058.20092726001;6245;212.0;262.0;111.0;522.0;15.0
2026-02-09;NI;4187;-10380.278788128398;4187;49.0;138.0;162.0;340.0;3.0
2026-02-09;PK;1800;-5349.623753316997;1800;21.0;64.0;23.0;121.0;0.0
2026-02-09;RS;3200;-10132.031161330238;3200;12.0;166.0;76.0;270.0;0.0
2026-02-09;TW;573;-473.2087309099137;573;2.0;13.0;3.0;8.0;0.0
2026-02-09;UP;1862;-7462.816471118876;1862;3.0;98.0;55.0;213.0;1.0
2026-02-09;US;33904;-67863.23936258872;33904;269.0;1840.0;455.0;1905.0;2.0
2026-02-10;GM;1361;-1662.094358973961;1361;3.0;32.0;13.0;52.0;0.0
2026-02-10;IS;7004;-26858.694160268147;7004;187.0;319.0;124.0;509.0;10.0
2026-02-10;NI;4378;-7423.491548805968;4378;55.0;141.0;103.0;239.0;0.0
2026-02-10;PK;2042;-3587.396668785178;2042;18.0;82.0;40.0;170.0;0.0
2026-02-10;RS;3383;-9977.903177476;3383;25.0;217.0;56.0;268.0;0.0
2026-02-10;TW;514;-893.9100426236652;514;2.0;22.0;3.0;22.0;0.0
2026-02-10;UP;1780;-5306.744340759434;1780;7.0;54.0;49.0;222.0;0.0
2026-02-10;US;44744;-94996.25642456794;44744;285.0;2653.0;604.0;2405.0;3.0
2026-02-11;GM;1767;-3517.640295376204;1767;3.0;69.0;25.0;61.0;0.0
2026-02-11;IS;7035;-21805.473999725713;7035;126.0;242.0;101.0;461.0;16.0
2026-02-11;NI;4696;-8581.116685262143;4696;29.0;121.0;75.0;278.0;2.0
2026-02-11;PK;1861;-6217.469957508866;1861;23.0;71.0;45.0;207.0;0.0
2026-02-11;RS;3909;-11965.370265671434;3909;14.0;201.0;64.0;302.0;0.0
2026-02-11;TW;409;-610.5232307753915;409;1.0;43.0;0.0;9.0;0.0
2026-02-11;UP;2188;-6582.332796286883;2188;6.0;57.0;51.0;243.0;0.0
2026-02-11;US;49459;-109062.63472675512;49459;346.0;2945.0;676.0;2576.0;3.0
2026-02-12;GM;2017;-2469.4361423354053;2017;18.0;46.0;15.0;59.0;0.0
2026-02-12;IS;6249;-21127.04053180723;6249;112.0;242.0;96.0;430.0;25.0
2026-02-12;NI;3949;-9490.799115341626;3949;19.0;240.0;89.0;192.0;6.0
2026-02-12;PK;1742;-3827.062493571323;1742;6.0;102.0;40.0;151.0;0.0
2026-02-12;RS;3580;-11659.309222528953;3580;24.0;166.0;58.0;374.0;0.0
2026-02-12;TW;516;-646.0364390431861;516;2.0;26.0;5.0;28.0;0.0
2026-02-12;UP;2327;-6821.690156816729;2327;10.0;50.0;57.0;362.0;2.0
2026-02-12;US;48647;-97148.87093568592;48647;360.0;2725.0;752.0;2645.0;4.0
2026-02-13;GM;3006;-2960.053641012986;3006;13.0;52.0;9.0;70.0;0.0
2026-02-13;IS;5247;-21152.53989214609;5247;96.0;432.0;97.0;377.0;18.0
2026-02-13;NI;4028;-6759.319268195104;4028;23.0;210.0;105.0;223.0;0.0
2026-02-13;PK;2018;-4363.7180015916865;2018;18.0;86.0;41.0;125.0;0.0
2026-02-13;RS;3286;-9110.355486018454;3286;14.0;135.0;47.0;291.0;6.0
2026-02-13;TW;642;37.78940439214734;642;0.0;7.0;0.0;9.0;0.0
2026-02-13;UP;2565;-6108.316093887745;2565;9.0;59.0;49.0;284.0;0.0
2026-02-13;US;46719;-100013.247120722;46719;350.0;2877.0;762.0;2522.0;2.0
2026-02-14;GM;3912;-7247.03507580684;3912;46.0;50.0;22.0;93.0;0.0
2026-02-14;IS;3172;-11050.546049558248;3172;51.0;155.0;57.0;203.0;5.0
2026-02-14;NI;2922;-6957.345026157114;2922;20.0;137.0;159.0;196.0;0.0
2026-02-14;PK;1473;-3012.325515014212;1473;15.0;88.0;43.0;81.0;0.0
2026-02-14;RS;3438;-13951.31222313126;3438;24.0;138.0;68.0;310.0;0.0
2026-02-14;TW;270;-10.08481595397528;270;1.0;1.0;0.0;13.0;0.0
2026-02-14;UP;2651;-5093.043305375968;2651;2.0;41.0;51.0;195.0;0.0
2026-02-14;US;28843;-63034.95564226004;28843;223.0;1669.0;516.0;1683.0;1.0
2026-02-15;GM;2519;-4629.240771475014;2519;56.0;58.0;12.0;96.0;0.0
2026-02-15;IS;3884;-15107.989344774784;3884;64.0;145.0;118.0;426.0;14.0
2026-02-15;NI;3466;-6844.8130240077135;3466;19.0;159.0;125.0;267.0;2.0
2026-02-15;PK;1483;-2554.2223344251856;1483;41.0;74.0;38.0;100.0;0.0
2026-02-15;RS;3322;-12391.35586036492;3322;20.0;110.0;29.0;270.0;0.0
2026-02-15;TW;179;-431.72904000263463;179;1.0;10.0;0.0;3.0;0.0
2026-02-15;UP;2075;-5591.855206894194;2075;5.0;40.0;20.0;173.0;0.0
2026-02-15;US;18827;-36458.88333012485;18827;142.0;935.0;255.0;1168.0;5.0
2026-02-16;GM;3242;-4130.270793095646;3242;26.0;66.0;17.0;142.0;0.0
2026-02-16;IS;5773;-19425.869237804334;5773;43.0;233.0;154.0;595.0;15.0
2026-02-16;NI;4198;-9279.21367525078;4198;23.0;237.0;137.0;309.0;0.0
2026-02-16;PK;1506;-3020.2484253069756;1506;19.0;48.0;45.0;123.0;0.0
2026-02-16;RS;4250;-13324.228601541998;4250;31.0;149.0;42.0;375.0;0.0
2026-02-16;TW;300;51.91183677214473;300;1.0;4.0;0.0;6.0;0.0
2026-02-16;UP;2893;-7200.422189427257;2893;18.0;77.0;28.0;236.0;0.0
2026-02-16;US;31113;-54022.79092311067;31113;218.0;1520.0;517.0;1816.0;5.0
2026-02-17;GM;2312;-2712.498458857367;2312;12.0;52.0;4.0;79.0;1.0
2026-02-17;IS;4463;-14979.031799293149;4463;62.0;231.0;104.0;325.0;12.0
2026-02-17;NI;4316;-8078.724512560449;4316;35.0;225.0;124.0;179.0;0.0
2026-02-17;PK;2161;-4774.181368300164;2161;15.0;94.0;42.0;202.0;0.0
2026-02-17;RS;4375;-13384.976187333335;4375;9.0;194.0;55.0;345.0;0.0
2026-02-17;TW;335;233.42182855349895;335;0.0;2.0;2.0;4.0;0.0
2026-02-17;UP;3122;-8588.66205867656;3122;10.0;50.0;51.0;328.0;0.0
2026-02-17;US;41865;-76868.8353084947;41865;341.0;2074.0;724.0;2504.0;2.0
2026-02-18;GM;2063;-3130.609252840517;2063;25.0;71.0;20.0;79.0;0.0
2026-02-18;IS;5515;-15493.919160634732;5515;54.0;230.0;113.0;424.0;18.0
2026-02-18;NI;3603;-5382.412753606029;3603;25.0;173.0;100.0;119.0;0.0
2026-02-18;PK;1602;-4096.554425339345;1602;17.0;64.0;29.0;152.0;0.0
2026-02-18;RS;4938;-13242.447683973773;4938;19.0;140.0;46.0;286.0;3.0
2026-02-18;TW;413;-155.78343054111002;413;2.0;7.0;0.0;11.0;0.0
2026-02-18;UP;3884;-8843.44024409529;3884;10.0;35.0;31.0;242.0;2.0
2026-02-18;US;47513;-87565.5465138878;47513;337.0;2581.0;748.0;2547.0;3.0
2026-02-19;GM;1909;-1717.1213305709875;1909;9.0;61.0;7.0;63.0;0.0
2026-02-19;IS;7434;-17554.83584283801;7434;47.0;290.0;126.0;550.0;40.0
2026-02-19;NI;3781;-6729.3981209457925;3781;36.0;246.0;80.0;197.0;0.0
2026-02-19;PK;1807;-4901.781433693269;1807;24.0;69.0;33.0;163.0;0.0
2026-02-19;RS;4566;-12881.161784523012;4566;26.0;182.0;69.0;292.0;0.0
2026-02-19;TW;399;-288.52599395423937;399;0.0;9.0;3.0;10.0;0.0
2026-02-19;UP;2599;-6334.162428866602;2599;21.0;45.0;32.0;186.0;0.0
2026-02-19;US;49286;-95760.47205500003;49286;282.0;3115.0;815.0;2487.0;8.0
2026-02-20;GM;1707;-2070.6558246709847;1707;10.0;64.0;18.0;62.0;16.0
2026-02-20;IS;6317;-14736.478233474072;6317;49.0;228.0;66.0;587.0;36.0
2026-02-20;NI;3456;-5767.035340155027;3456;21.0;217.0;97.0;209.0;0.0
2026-02-20;PK;1479;-2838.377744780689;1479;9.0;59.0;29.0;117.0;2.0
2026-02-20;RS;3351;-9626.900120448016;3351;12.0;171.0;51.0;252.0;1.0
2026-02-20;TW;355;-280.93855100627593;355;1.0;4.0;2.0;13.0;0.0
2026-02-20;UP;2131;-5899.81542868689;2131;1.0;85.0;44.0;231.0;1.0
2026-02-20;US;47027;-90793.11676270918;47027;260.0;2776.0;739.0;2702.0;1.0
2026-02-21;GM;1045;-847.3023774622504;1045;3.0;44.0;14.0;54.0;0.0
2026-02-21;IS;3627;-12090.70022368141;3627;32.0;119.0;90.0;396.0;10.0
2026-02-21;NI;2777;-4835.6104181852315;2777;21.0;151.0;47.0;214.0;4.0
2026-02-21;PK;1263;-3636.802247956107;1263;25.0;55.0;35.0;144.0;0.0
2026-02-21;RS;2103;-7336.428753860384;2103;33.0;89.0;58.0;221.0;0.0
2026-02-21;TW;175;29.2504052306476;175;0.0;0.0;0.0;9.0;0.0
2026-02-21;UP;1715;-5396.324397422393;1715;10.0;36.0;50.0;208.0;0.0
2026-02-21;US;28365;-54026.73561214212;28365;236.0;1604.0;442.0;1789.0;6.0
2026-02-22;GM;1111;-855.6558682628023;1111;10.0;33.0;13.0;30.0;0.0
2026-02-22;IS;3813;-11593.95636722222;3813;30.0;98.0;56.0;291.0;9.0
2026-02-22;NI;2244;-1358.8748278353694;2244;11.0;134.0;33.0;110.0;0.0
2026-02-22;PK;2413;-12032.1935638527;2413;21.0;106.0;143.0;436.0;0.0
2026-02-22;RS;2267;-7717.120573295684;2267;16.0;69.0;56.0;307.0;0.0
2026-02-22;TW;244;-43.63370909038369;244;0.0;2.0;0.0;5.0;0.0
2026-02-22;UP;1876;-8376.987182933357;1876;15.0;61.0;72.0;272.0;0.0
2026-02-22;US;19120;-35722.252234154985;19120;171.0;883.0;218.0;1313.0;11.0
2026-02-23;GM;1555;-2140.8575547607684;1555;11.0;48.0;18.0;89.0;0.0
2026-02-23;IS;4698;-14725.663646959822;4698;47.0;190.0;119.0;400.0;19.0
2026-02-23;NI;3216;-6433.730152776827;3216;19.0;178.0;60.0;199.0;0.0
2026-02-23;PK;2318;-11072.32210526036;2318;25.0;72.0;120.0;393.0;1.0
2026-02-23;RS;3876;-14135.525650542906;3876;21.0;119.0;76.0;465.0;0.0
2026-02-23;TW;348;-273.0883762436955;348;2.0;21.0;1.0;16.0;0.0
2026-02-23;UP;3546;-13178.475532528302;3546;15.0;83.0;79.0;436.0;0.0
2026-02-23;US;35650;-74572.29212528504;35650;270.0;1904.0;608.0;2436.0;4.0
2026-02-24;GM;1666;-2306.4513851191155;1666;16.0;35.0;8.0;50.0;0.0
2026-02-24;IS;4874;-13581.76376195131;4874;71.0;165.0;107.0;373.0;12.0
2026-02-24;NI;3766;-9394.475520878545;3766;25.0;183.0;125.0;265.0;0.0
2026-02-24;PK;2041;-8785.819186815816;2041;8.0;78.0;78.0;302.0;0.0
2026-02-24;RS;6142;-22498.084507601085;6142;18.0;170.0;143.0;533.0;4.0
2026-02-24;TW;422;-315.30258003037767;422;0.0;17.0;1.0;18.0;0.0
2026-02-24;UP;6666;-21012.634295250093;6666;23.0;119.0;117.0;485.0;4.0
2026-02-24;US;45755;-101840.66420400215;45755;273.0;2582.0;579.0;3024.0;2.0
2026-02-25;GM;1895;-1783.288892236093;1895;13.0;44.0;15.0;50.0;0.0
2026-02-25;IS;6886;-10677.164799005111;6886;63.0;220.0;159.0;448.0;15.0
2026-02-25;NI;3843;-8660.783057524715;3843;34.0;208.0;125.0;167.0;0.0
2026-02-25;PK;1710;-5925.112019324853;1710;4.0;54.0;47.0;337.0;0.0
2026-02-25;RS;4486;-15241.06284412534;4486;36.0;206.0;58.0;377.0;4.0
2026-02-25;TW;413;-144.48277958322208;413;13.0;13.0;2.0;12.0;0.0
2026-02-25;UP;4203;-12271.918330083963;4203;30.0;90.0;66.0;342.0;2.0
2026-02-25;US;44984;-94907.2986049584;44984;345.0;2643.0;724.0;2826.0;4.0
2026-02-26;GM;1810;-935.0962889287975;1810;16.0;51.0;23.0;64.0;1.0
2026-02-26;IS;6535;-12198.51291206278;6535;81.0;235.0;131.0;478.0;10.0
2026-02-26;NI;3926;-7721.759185538083;3926;27.0;192.0;107.0;215.0;3.0
2026-02-26;PK;2013;-9293.982124141929;2013;14.0;80.0;80.0;347.0;0.0
2026-02-26;RS;4157;-14539.089816969205;4157;32.0;199.0;49.0;390.0;7.0
2026-02-26;TW;320;-109.8428934388754;320;0.0;6.0;3.0;11.0;0.0
2026-02-26;UP;3756;-10808.27193055082;3756;21.0;92.0;43.0;340.0;4.0
2026-02-26;US;49355;-111657.5988932337;49355;391.0;3183.0;797.0;2820.0;6.0
2026-02-27;GM;1645;-1443.7025369295764;1645;16.0;53.0;10.0;42.0;0.0
2026-02-27;IS;6113;-15358.968589617223;6113;68.0;243.0;116.0;466.0;16.0
2026-02-27;NI;3796;-8050.453905165103;3796;9.0;206.0;61.0;235.0;0.0
2026-02-27;PK;6243;-34583.83798568192;6243;17.0;158.0;177.0;1309.0;0.0
2026-02-27;RS;3717;-12507.179262376989;3717;22.0;170.0;31.0;335.0;3.0
2026-02-27;TW;325;-442.35501226007375;325;7.0;16.0;7.0;8.0;0.0
2026-02-27;UP;2600;-7586.23139384699;2600;16.0;93.0;26.0;251.0;2.0
2026-02-27;US;47458;-98217.90390418268;47458;347.0;3071.0;738.0;2615.0;6.0
2026-02-28;GM;1184;-2406.65582746873;1184;3.0;14.0;8.0;43.0;0.0
2026-02-28;IS;14150;-58395.3575151603;14150;145.0;333.0;268.0;2788.0;5.0
2026-02-28;NI;2381;-5196.3036543181115;2381;20.0;118.0;39.0;132.0;0.0
2026-02-28;PK;4268;-20961.90431377784;4268;21.0;143.0;79.0;788.0;0.0
2026-02-28;RS;2578;-10599.391778501616;2578;20.0;52.0;28.0;223.0;0.0
2026-02-28;TW;271;-211.173638703281;271;2.0;6.0;0.0;14.0;0.0
2026-02-28;UP;1159;-3341.4873371304625;1159;12.0;35.0;15.0;139.0;0.0
2026-02-28;US;36445;-94787.79468731412;36445;319.0;1894.0;760.0;3056.0;2.0
2026-03-01;GM;1095;-3257.0590262445853;1095;40.0;23.0;11.0;26.0;1.0
2026-03-01;IS;16011;-75279.81441681813;16011;630.0;254.0;441.0;3659.0;13.0
2026-03-01;NI;1924;-4167.515773310415;1924;32.0;48.0;69.0;140.0;0.0
2026-03-01;PK;4471;-26669.329048522883;4471;453.0;249.0;138.0;907.0;0.0
2026-03-01;RS;2551;-11472.983767843996;2551;12.0;69.0;40.0;261.0;2.0
2026-03-01;TW;167;-118.1477850807046;167;1.0;4.0;1.0;5.0;0.0
2026-03-01;UP;952;-3418.1989931266453;952;11.0;32.0;6.0;167.0;2.0
2026-03-01;US;25090;-71851.79071170527;25090;470.0;901.0;511.0;2868.0;5.0
2026-03-02;GM;1874;-4575.61177660204;1874;25.0;37.0;11.0;123.0;0.0
2026-03-02;IS;15420;-69255.93131427544;15420;295.0;307.0;391.0;3507.0;26.0
2026-03-02;NI;3065;-4254.34804729241;3065;50.0;105.0;58.0;127.0;0.0
2026-03-02;PK;3597;-20419.225554681125;3597;235.0;253.0;122.0;623.0;0.0
2026-03-02;RS;2979;-11808.786431738865;2979;11.0;82.0;51.0;360.0;3.0
2026-03-02;TW;318;-409.36411295149526;318;2.0;8.0;1.0;3.0;0.0
2026-03-02;UP;1547;-4927.082425141225;1547;14.0;30.0;42.0;252.0;2.0
2026-03-02;US;40144;-99783.0714144951;40144;518.0;1862.0;751.0;3832.0;13.0
2026-03-03;GM;2382;-4775.564871347755;2382;16.0;39.0;8.0;86.0;0.0
2026-03-03;IS;14232;-61390.38559618674;14232;201.0;285.0;324.0;3059.0;4.0
2026-03-03;NI;3381;-5067.297939428479;3381;69.0;171.0;75.0;131.0;1.0
2026-03-03;PK;2660;-14021.22263752152;2660;114.0;117.0;79.0;565.0;0.0
2026-03-03;RS;3274;-11859.864286516206;3274;16.0;115.0;90.0;261.0;1.0
2026-03-03;TW;480;-633.3304889923746;480;0.0;4.0;7.0;18.0;0.0
2026-03-03;UP;1887;-6356.679121342761;1887;7.0;43.0;45.0;224.0;0.0
2026-03-03;US;49539;-129646.50904113808;49539;601.0;2621.0;967.0;4404.0;6.0
2026-03-04;GM;2393;-4314.257065445208;2393;12.0;29.0;13.0;89.0;0.0
2026-03-04;IS;12239;-52150.19501143477;12239;157.0;358.0;317.0;2610.0;6.0
2026-03-04;NI;3638;-4160.866119307306;3638;64.0;227.0;49.0;218.0;2.0
2026-03-04;PK;2193;-8527.23503080462;2193;58.0;73.0;32.0;298.0;1.0
2026-03-04;RS;3104;-12276.28707684228;3104;15.0;83.0;51.0;306.0;0.0
2026-03-04;TW;375;-546.6048248865435;375;3.0;22.0;2.0;25.0;0.0
2026-03-04;UP;2091;-8052.319168096259;2091;17.0;43.0;51.0;195.0;0.0
2026-03-04;US;50863;-121561.17440352507;50863;433.0;2637.0;977.0;4267.0;3.0
2026-03-05;GM;2142;-3722.782608240914;2142;26.0;46.0;14.0;82.0;0.0
2026-03-05;IS;11119;-48858.76296343199;11119;129.0;269.0;304.0;2230.0;20.0
2026-03-05;NI;3617;-5502.460241646678;3617;54.0;176.0;75.0;197.0;2.0
2026-03-05;PK;1834;-7241.848525004168;1834;30.0;65.0;38.0;215.0;0.0
2026-03-05;RS;3387;-11510.067014470014;3387;18.0;152.0;39.0;294.0;0.0
2026-03-05;TW;438;-920.8776611168504;438;3.0;15.0;4.0;10.0;0.0
2026-03-05;UP;2580;-8350.722113586346;2580;18.0;57.0;28.0;258.0;0.0
2026-03-05;US;52026;-127076.31645071234;52026;411.0;2735.0;968.0;3865.0;6.0
2026-03-06;GM;1805;-2976.1590796819755;1805;20.0;71.0;7.0;73.0;0.0
2026-03-06;IS;8998;-38952.12513631653;8998;158.0;252.0;237.0;1843.0;20.0
2026-03-06;NI;3559;-8300.314816220247;3559;34.0;173.0;132.0;291.0;0.0
2026-03-06;PK;1773;-6530.7757628478885;1773;40.0;73.0;40.0;267.0;2.0
2026-03-06;RS;3649;-12088.257627339935;3649;21.0;120.0;44.0;286.0;0.0
2026-03-06;TW;280;-407.14627076481736;280;6.0;19.0;0.0;11.0;0.0
2026-03-06;UP;3291;-11755.222712970672;3291;19.0;126.0;104.0;239.0;0.0
2026-03-06;US;48187;-114893.80823030884;48187;362.0;2970.0;716.0;3396.0;5.0
2026-03-07;GM;892;-1133.2893773090452;892;11.0;18.0;4.0;31.0;0.0
2026-03-07;IS;7652;-36327.47812159089;7652;110.0;175.0;260.0;1867.0;6.0
2026-03-07;NI;2728;-5347.062631643643;2728;27.0;81.0;92.0;284.0;0.0
2026-03-07;PK;1854;-6712.321964646274;1854;23.0;122.0;48.0;185.0;0.0
2026-03-07;RS;2888;-9924.160673661563;2888;48.0;41.0;30.0;316.0;1.0
2026-03-07;TW;161;-105.63396162401658;161;9.0;3.0;1.0;5.0;0.0
2026-03-07;UP;1922;-7276.858463396641;1922;27.0;59.0;51.0;279.0;2.0
2026-03-07;US;30233;-73943.73499806087;30233;315.0;1638.0;571.0;2330.0;4.0
2026-03-08;GM;700;-1061.8409579052804;700;16.0;14.0;2.0;21.0;0.0
2026-03-08;IS;7666;-35592.05099146154;7666;89.0;147.0;281.0;1857.0;12.0
2026-03-08;NI;2555;-7038.6719266455375;2555;12.0;204.0;101.0;292.0;6.0
2026-03-08;PK;1290;-5995.62705733609;1290;27.0;74.0;72.0;228.0;1.0
2026-03-08;RS;2038;-6996.430542153559;2038;15.0;39.0;25.0;221.0;1.0
2026-03-08;TW;248;-360.391711715044;248;0.0;5.0;0.0;0.0;0.0
2026-03-08;UP;1330;-4535.4679547973765;1330;2.0;27.0;22.0;190.0;2.0
2026-03-08;US;22185;-50670.53084672099;22185;305.0;995.0;415.0;1890.0;2.0
2026-03-09;GM;1027;-1309.9904326706296;1027;9.0;31.0;16.0;41.0;0.0
2026-03-09;IS;8874;-38771.61511329678;8874;112.0;185.0;245.0;1882.0;16.0
2026-03-09;NI;4070;-7733.850024892967;4070;34.0;229.0;126.0;360.0;7.0
2026-03-09;PK;1382;-5279.862766444431;1382;25.0;76.0;32.0;168.0;0.0
2026-03-09;RS;2484;-7836.1063034633935;2484;10.0;91.0;35.0;240.0;0.0
2026-03-09;TW;323;-506.18555504722457;323;1.0;5.0;5.0;3.0;0.0
2026-03-09;UP;1826;-6208.0406926458645;1826;9.0;32.0;31.0;241.0;0.0
2026-03-09;US;37199;-79106.6547013464;37199;437.0;1846.0;601.0;2844.0;2.0
2026-03-10;GM;1528;-3600.537739890429;1528;12.0;52.0;8.0;73.0;0.0
2026-03-10;IS;7699;-35770.273859984976;7699;107.0;237.0;206.0;1543.0;14.0
2026-03-10;NI;4102;-5756.306290662449;4102;37.0;120.0;94.0;267.0;0.0
2026-03-10;PK;1688;-5561.771344941337;1688;20.0;69.0;42.0;158.0;1.0
2026-03-10;RS;3438;-11556.014059484263;3438;16.0;132.0;67.0;317.0;0.0
2026-03-10;TW;276;-14.51115033441659;276;1.0;3.0;0.0;2.0;0.0
2026-03-10;UP;2180;-6778.168518375309;2180;20.0;40.0;47.0;260.0;0.0
2026-03-10;US;44378;-101884.79529882518;44378;421.0;2459.0;782.0;3068.0;10.0
2026-03-11;GM;1549;-2704.246878621012;1549;10.0;36.0;10.0;63.0;0.0
2026-03-11;IS;8630;-38669.92379244208;8630;101.0;231.0;275.0;1606.0;9.0
2026-03-11;NI;3590;-5458.958963730729;3590;26.0;183.0;81.0;233.0;0.0
2026-03-11;PK;1648;-4847.028260680683;1648;19.0;74.0;22.0;142.0;0.0
2026-03-11;RS;3438;-12103.4688176736;3438;21.0;101.0;73.0;360.0;1.0
2026-03-11;TW;426;-526.2882129804096;426;2.0;11.0;5.0;8.0;0.0
2026-03-11;UP;2372;-8406.822613798;2372;11.0;47.0;52.0;294.0;0.0
2026-03-11;US;48006;-109269.92100572892;48006;394.0;2798.0;694.0;3184.0;5.0
2026-03-12;GM;1382;-2666.0140315065873;1382;9.0;41.0;7.0;68.0;0.0
2026-03-12;IS;9217;-42103.583030375645;9217;109.0;276.0;278.0;1656.0;27.0
2026-03-12;NI;3279;-5855.792873566375;3279;34.0;167.0;60.0;169.0;0.0
2026-03-12;PK;1836;-5725.55638766382;1836;14.0;59.0;31.0;155.0;1.0
2026-03-12;RS;3491;-13244.711124962188;3491;22.0;146.0;83.0;332.0;2.0
2026-03-12;TW;357;-355.78394589817015;357;1.0;15.0;1.0;3.0;0.0
2026-03-12;UP;2349;-7489.717787044976;2349;20.0;54.0;43.0;265.0;2.0
2026-03-12;US;48977;-112883.05358515006;48977;408.0;2575.0;731.0;3614.0;2.0
2026-03-13;GM;1386;-2974.560218025067;1386;15.0;49.0;7.0;61.0;0.0
2026-03-13;IS;8565;-40238.59034273102;8565;177.0;281.0;269.0;1735.0;11.0
2026-03-13;NI;2993;-5404.782017562421;2993;25.0;154.0;56.0;152.0;0.0
2026-03-13;PK;2081;-6768.833283819546;2081;19.0;52.0;42.0;296.0;0.0
2026-03-13;RS;3447;-12991.725596037377;3447;25.0;83.0;59.0;267.0;7.0
2026-03-13;TW;348;-119.6352581527621;348;2.0;7.0;2.0;8.0;0.0
2026-03-13;UP;2149;-7365.49317577793;2149;13.0;37.0;49.0;256.0;5.0
2026-03-13;US;48046;-120907.93891749217;48046;490.0;2572.0;768.0;4118.0;5.0
2026-03-14;GM;843;-1847.452063935596;843;9.0;28.0;3.0;34.0;0.0
2026-03-14;IS;6484;-30083.94737833995;6484;101.0;186.0;214.0;1374.0;12.0
2026-03-14;NI;2170;-3467.424514613153;2170;38.0;112.0;45.0;110.0;0.0
2026-03-14;PK;1535;-6936.024126958816;1535;6.0;46.0;38.0;204.0;1.0
2026-03-14;RS;2416;-8622.46409556768;2416;17.0;88.0;50.0;281.0;0.0
2026-03-14;TW;291;-169.79333417923905;291;2.0;5.0;0.0;17.0;0.0
2026-03-14;UP;1559;-6242.318394311017;1559;20.0;42.0;40.0;253.0;0.0
2026-03-14;US;28245;-71050.21176196134;28245;286.0;1529.0;600.0;2564.0;5.0
2026-03-15;GM;573;-1232.2063599728465;573;4.0;19.0;4.0;20.0;0.0
2026-03-15;IS;6507;-30083.307392151815;6507;89.0;234.0;197.0;1458.0;19.0
2026-03-15;NI;2138;-4179.952017040729;2138;9.0;125.0;68.0;183.0;0.0
2026-03-15;PK;1166;-5549.501277866963;1166;5.0;35.0;24.0;239.0;0.0
2026-03-15;RS;1992;-6875.862041612269;1992;12.0;63.0;40.0;236.0;0.0
2026-03-15;TW;283;-118.9206711101706;283;0.0;0.0;0.0;15.0;0.0
2026-03-15;UP;1401;-5115.6919519807525;1401;15.0;27.0;33.0;198.0;0.0
2026-03-15;US;18823;-42416.02321315192;18823;169.0;849.0;283.0;1681.0;6.0
2026-03-16;GM;1929;-3587.1764500874833;1929;0.0;21.0;13.0;67.0;0.0
2026-03-16;IS;8777;-37903.38019411465;8777;110.0;275.0;213.0;1657.0;15.0
2026-03-16;NI;3785;-8755.867397495349;3785;19.0;291.0;96.0;267.0;0.0
2026-03-16;PK;1866;-7976.590182090561;1866;18.0;77.0;51.0;264.0;0.0
2026-03-16;RS;3271;-10055.9430504857;3271;22.0;107.0;41.0;311.0;1.0
2026-03-16;TW;325;-39.37861959154433;325;1.0;11.0;0.0;4.0;0.0
2026-03-16;UP;2659;-7943.85057303112;2659;15.0;55.0;36.0;300.0;0.0
2026-03-16;US;36576;-75981.85139101604;36576;352.0;1976.0;562.0;2617.0;5.0
2026-03-17;GM;1874;-3564.3938974833845;1874;11.0;48.0;8.0;56.0;0.0
2026-03-17;IS;9188;-39312.3446892948;9188;147.0;340.0;281.0;1610.0;25.0
2026-03-17;NI;4622;-11848.426315104603;4622;15.0;171.0;150.0;432.0;1.0
2026-03-17;PK;2952;-15904.999992519695;2952;19.0;57.0;82.0;545.0;0.0
2026-03-17;RS;3307;-10845.635864670048;3307;18.0;146.0;47.0;296.0;0.0
2026-03-17;TW;423;-115.72695308598443;423;5.0;5.0;4.0;11.0;0.0
2026-03-17;UP;3226;-8172.688011302237;3226;4.0;88.0;41.0;295.0;0.0
2026-03-17;US;44280;-100431.12213339577;44280;412.0;2579.0;664.0;3106.0;5.0
2026-03-18;GM;1463;-2817.8529281691813;1463;9.0;37.0;10.0;45.0;0.0
2026-03-18;IS;10123;-47410.09792464946;10123;166.0;257.0;413.0;2092.0;23.0
2026-03-18;NI;4486;-6949.77969467848;4486;18.0;180.0;88.0;227.0;0.0
2026-03-18;PK;2640;-11277.145838007744;2640;26.0;91.0;62.0;335.0;2.0
2026-03-18;RS;3628;-12791.740980068496;3628;23.0;105.0;53.0;335.0;0.0
2026-03-18;TW;462;-268.4136997788695;462;1.0;8.0;0.0;19.0;0.0
2026-03-18;UP;2920;-7302.159231784301;2920;13.0;60.0;35.0;297.0;0.0
2026-03-18;US;46363;-99733.56030251642;46363;464.0;2269.0;904.0;3125.0;2.0
2026-03-19;GM;1562;-2793.182773934273;1562;6.0;45.0;13.0;53.0;0.0
2026-03-19;IS;9827;-47862.84490013232;9827;96.0;234.0;299.0;1930.0;17.0
2026-03-19;NI;3623;-1301.5912661254777;3623;16.0;106.0;44.0;156.0;0.0
2026-03-19;PK;2356;-7350.852355309693;2356;14.0;48.0;35.0;163.0;0.0
2026-03-19;RS;2924;-10487.554360578037;2924;18.0;89.0;47.0;182.0;0.0
2026-03-19;TW;503;-156.1151282506327;503;5.0;2.0;2.0;10.0;0.0
2026-03-19;UP;2206;-6753.50333422377;2206;7.0;100.0;30.0;131.0;0.0
2026-03-19;US;46177;-101092.24874339384;46177;378.0;2482.0;936.0;2811.0;2.0
2026-03-20;GM;1616;-4315.2599716964205;1616;16.0;32.0;5.0;61.0;0.0
2026-03-20;IS;8145;-38564.76351684172;8145;116.0;267.0;271.0;1519.0;17.0
2026-03-20;NI;3347;2623.582502615864;3347;27.0;93.0;38.0;89.0;2.0
2026-03-20;PK;1608;-5641.432492252216;1608;12.0;71.0;21.0;169.0;0.0
2026-03-20;RS;2677;-9213.893089993822;2677;30.0;108.0;24.0;213.0;2.0
2026-03-20;TW;361;-649.4028634737715;361;5.0;20.0;0.0;9.0;0.0
2026-03-20;UP;1791;-5561.239410385137;1791;2.0;40.0;23.0;221.0;0.0
2026-03-20;US;42238;-93519.09365473952;42238;324.0;2455.0;688.0;2864.0;3.0
2026-03-21;GM;806;-1472.7733109636995;806;10.0;5.0;5.0;49.0;0.0
2026-03-21;IS;4929;-22277.73545110702;4929;61.0;134.0;157.0;1137.0;2.0
2026-03-21;NI;2069;-1266.0554633726647;2069;11.0;87.0;87.0;114.0;0.0
2026-03-21;PK;864;-759.2657060173473;864;6.0;27.0;6.0;59.0;0.0
2026-03-21;RS;1851;-6500.869774658902;1851;29.0;120.0;42.0;217.0;0.0
2026-03-21;TW;294;87.45365058620277;294;0.0;14.0;0.0;9.0;0.0
2026-03-21;UP;1054;-3761.680762139021;1054;8.0;31.0;35.0;176.0;0.0
2026-03-21;US;25311;-54501.36940008677;25311;244.0;1368.0;361.0;1533.0;7.0
2026-03-22;GM;612;-939.2083787977956;612;7.0;15.0;3.0;25.0;0.0
2026-03-22;IS;6218;-32948.089639996266;6218;80.0;145.0;207.0;1516.0;9.0
2026-03-22;NI;2044;-2401.378091827403;2044;19.0;61.0;61.0;77.0;0.0
2026-03-22;PK;985;-3093.167307271224;985;13.0;64.0;24.0;78.0;4.0
2026-03-22;RS;1808;-5798.039139346438;1808;22.0;92.0;30.0;207.0;0.0
2026-03-22;TW;252;-67.89342362657963;252;0.0;7.0;4.0;8.0;0.0
2026-03-22;UP;1127;-3726.052813655455;1127;5.0;30.0;18.0;164.0;0.0
2026-03-22;US;17128;-38160.75737190917;17128;148.0;776.0;284.0;1327.0;4.0
2026-03-23;GM;936;-1271.642013583151;936;10.0;23.0;8.0;22.0;0.0
2026-03-23;IS;7535;-36033.05059564885;7535;90.0;203.0;280.0;1599.0;15.0
2026-03-23;NI;3406;-4696.481098106722;3406;15.0;143.0;93.0;147.0;0.0
2026-03-23;PK;1706;-3142.2577847836637;1706;40.0;65.0;32.0;86.0;2.0
2026-03-23;RS;2503;-8191.483637083395;2503;14.0;64.0;53.0;241.0;0.0
2026-03-23;TW;371;-34.538818782253216;371;5.0;13.0;2.0;8.0;0.0
2026-03-23;UP;1550;-5228.246086706174;1550;7.0;35.0;41.0;182.0;0.0
2026-03-23;US;33952;-73766.8111287455;33952;304.0;1818.0;453.0;2294.0;1.0
2026-03-24;GM;1025;-2240.2609319843245;1025;8.0;37.0;8.0;41.0;0.0
2026-03-24;IS;8093;-33976.0113058757;8093;58.0;289.0;297.0;1486.0;11.0
2026-03-24;NI;3747;-5177.005814235092;3747;29.0;222.0;54.0;153.0;0.0
2026-03-24;PK;2905;-6681.126643871847;2905;16.0;65.0;31.0;122.0;0.0
2026-03-24;RS;3198;-11859.223128880036;3198;30.0;158.0;63.0;345.0;0.0
2026-03-24;TW;402;-288.12257988541535;402;10.0;19.0;4.0;13.0;0.0
2026-03-24;UP;1930;-7405.599724894832;1930;21.0;72.0;41.0;339.0;0.0
2026-03-24;US;42687;-90864.69906361176;42687;419.0;2452.0;641.0;2651.0;11.0
2026-03-25;GM;1238;-2110.7376384015383;1238;4.0;62.0;3.0;53.0;0.0
2026-03-25;IS;8292;-34067.616265758996;8292;73.0;245.0;216.0;1400.0;24.0
2026-03-25;NI;3547;-3730.2840330311246;3547;30.0;160.0;77.0;159.0;0.0
2026-03-25;PK;3123;-8494.618555471357;3123;17.0;100.0;24.0;159.0;0.0
2026-03-25;RS;3068;-9866.941989008556;3068;18.0;172.0;65.0;423.0;0.0
2026-03-25;TW;536;-627.5994875994671;536;7.0;20.0;6.0;24.0;0.0
2026-03-25;UP;2101;-7701.396664979983;2101;6.0;66.0;52.0;431.0;0.0
2026-03-25;US;44853;-94119.31826770645;44853;379.0;2468.0;738.0;2883.0;3.0
2026-03-26;GM;1589;-2865.2108609893203;1589;11.0;50.0;7.0;71.0;0.0
2026-03-26;IS;7437;-32373.79905066704;7437;76.0;228.0;238.0;1455.0;5.0
2026-03-26;NI;3230;-4574.78319466674;3230;23.0;150.0;83.0;156.0;0.0
2026-03-26;PK;2617;-7259.150482982153;2617;14.0;45.0;34.0;176.0;12.0
2026-03-26;RS;3822;-12146.993257654432;3822;16.0;148.0;63.0;397.0;0.0
2026-03-26;TW;418;-839.3926950172414;418;2.0;39.0;5.0;16.0;0.0
2026-03-26;UP;2630;-9716.383171500032;2630;17.0;76.0;63.0;309.0;0.0
2026-03-26;US;44076;-105766.9957573543;44076;410.0;2575.0;819.0;2641.0;5.0
2026-03-27;GM;1562;-3661.418334620744;1562;8.0;48.0;6.0;63.0;0.0
2026-03-27;IS;6204;-29652.95312810876;6204;101.0;217.0;209.0;1283.0;17.0
2026-03-27;NI;2586;-2436.065543295519;2586;23.0;120.0;47.0;71.0;0.0
2026-03-27;PK;1815;-3645.4342608274737;1815;2.0;49.0;29.0;162.0;0.0
2026-03-27;RS;3371;-10429.152958622464;3371;14.0;147.0;70.0;302.0;0.0
2026-03-27;TW;407;-961.8269785708244;407;6.0;27.0;3.0;24.0;0.0
2026-03-27;UP;2300;-5837.807945434387;2300;8.0;43.0;40.0;196.0;0.0
2026-03-27;US;41913;-101828.31432128244;41913;443.0;2770.0;815.0;2630.0;6.0
2026-03-28;GM;859;-2202.67060594347;859;27.0;29.0;8.0;27.0;0.0
2026-03-28;IS;5647;-29027.384816102134;5647;101.0;166.0;172.0;1400.0;16.0
2026-03-28;NI;2410;-1642.496293287228;2410;22.0;87.0;67.0;68.0;0.0
2026-03-28;PK;2635;-7351.990768256713;2635;10.0;67.0;30.0;136.0;0.0
2026-03-28;RS;1910;-6635.171688531357;1910;3.0;62.0;49.0;238.0;0.0
2026-03-28;TW;274;-337.3204013852618;274;3.0;7.0;1.0;9.0;0.0
2026-03-28;UP;2126;-5880.135367083283;2126;6.0;42.0;45.0;230.0;0.0
2026-03-28;US;26588;-62260.37259766997;26588;758.0;1411.0;439.0;1824.0;5.0
2026-03-29;GM;595;-1654.7952116799447;595;23.0;17.0;2.0;25.0;0.0
2026-03-29;IS;6823;-33474.01825166851;6823;155.0;181.0;169.0;1543.0;7.0
2026-03-29;NI;2547;-266.4571146154549;2547;24.0;141.0;29.0;87.0;0.0
2026-03-29;PK;4376;-12377.622168761422;4376;9.0;40.0;39.0;172.0;0.0
2026-03-29;RS;1289;-4336.698262760756;1289;3.0;26.0;12.0;189.0;0.0
2026-03-29;TW;280;-236.99869469773463;280;4.0;7.0;1.0;9.0;0.0
2026-03-29;UP;1295;-3816.413622864777;1295;5.0;15.0;21.0;164.0;0.0
2026-03-29;US;20433;-52298.74906812266;20433;1062.0;902.0;397.0;1494.0;0.0
2026-03-30;GM;1484;-3125.569168708798;1484;13.0;44.0;15.0;41.0;0.0
2026-03-30;IS;8495;-41431.89318261225;8495;105.0;365.0;301.0;1833.0;12.0
2026-03-30;NI;3873;-4580.208122096646;3873;54.0;158.0;77.0;273.0;2.0
2026-03-30;PK;4085;-13581.577409704872;4085;14.0;83.0;51.0;275.0;0.0
2026-03-30;RS;3029;-11277.185477960498;3029;12.0;124.0;51.0;243.0;1.0
2026-03-30;TW;793;227.51593226966767;793;4.0;13.0;4.0;15.0;0.0
2026-03-30;UP;1927;-5642.451553576215;1927;11.0;57.0;41.0;227.0;0.0
2026-03-30;US;35529;-82954.26553872995;35529;680.0;1977.0;627.0;2642.0;3.0
2026-03-31;GM;1351;-3057.3071536899643;1351;10.0;52.0;11.0;52.0;0.0
2026-03-31;IS;8019;-43537.85919272244;8019;126.0;413.0;231.0;1410.0;3.0
2026-03-31;NI;4441;-10229.824012301116;4441;87.0;205.0;114.0;293.0;3.0
2026-03-31;PK;2540;-6491.723373812327;2540;9.0;48.0;22.0;176.0;2.0
2026-03-31;RS;3033;-10121.93825727173;3033;12.0;105.0;75.0;274.0;13.0
2026-03-31;TW;384;-391.5824782164951;384;6.0;10.0;1.0;9.0;0.0
2026-03-31;UP;1965;-5847.39072081257;1965;7.0;32.0;46.0;235.0;11.0
2026-03-31;US;42407;-94118.2190372916;42407;487.0;2622.0;782.0;2578.0;1.0
2026-04-01;GM;1690;-1988.238188163112;1690;21.0;46.0;15.0;73.0;0.0
2026-04-01;IS;6773;-31330.648844632935;6773;105.0;238.0;200.0;1213.0;6.0
2026-04-01;NI;4187;-9853.75797327716;4187;49.0;220.0;83.0;232.0;1.0
2026-04-01;PK;2187;-5607.9922913325645;2187;9.0;50.0;28.0;214.0;0.0
2026-04-01;RS;3058;-9109.643783652256;3058;27.0;100.0;51.0;278.0;5.0
2026-04-01;TW;458;-212.82370610263095;458;0.0;21.0;0.0;19.0;0.0
2026-04-01;UP;2370;-6222.074937938568;2370;14.0;42.0;33.0;276.0;4.0
2026-04-01;US;45286;-91784.63304981549;45286;366.0;2873.0;726.0;2464.0;4.0
2026-04-02;GM;1130;-1370.7386845970802;1130;2.0;25.0;8.0;22.0;0.0
2026-04-02;IS;5466;-26697.523267556557;5466;56.0;246.0;156.0;893.0;19.0
2026-04-02;NI;3760;-5015.710599904865;3760;32.0;133.0;65.0;174.0;0.0
2026-04-02;PK;2136;-4781.473816176517;2136;7.0;42.0;19.0;155.0;0.0
2026-04-02;RS;2731;-6535.901013233771;2731;7.0;106.0;42.0;180.0;0.0
2026-04-02;TW;384;-442.9005025064588;384;1.0;19.0;0.0;12.0;0.0
2026-04-02;UP;1561;-4500.546712429328;1561;9.0;64.0;36.0;164.0;0.0
2026-04-02;US;42834;-90565.0006809089;42834;290.0;2454.0;690.0;2611.0;8.0
2026-04-03;GM;859;-1448.1070091076708;859;19.0;29.0;3.0;37.0;0.0
2026-04-03;IS;5409;-25194.04127893745;5409;51.0;284.0;168.0;1056.0;10.0
2026-04-03;NI;3405;-6926.769748722799;3405;11.0;150.0;79.0;199.0;1.0
2026-04-03;PK;1645;-6014.559314960863;1645;7.0;42.0;43.0;142.0;0.0
2026-04-03;RS;2394;-7479.414489042865;2394;4.0;100.0;69.0;251.0;2.0
2026-04-03;TW;251;-423.58218600781225;251;1.0;14.0;1.0;3.0;0.0
2026-04-03;UP;1842;-6021.15798043416;1842;5.0;63.0;65.0;268.0;1.0
2026-04-03;US;37584;-89059.44301810507;37584;250.0;2435.0;574.0;2431.0;2.0
2026-04-04;GM;594;-1099.524917762177;594;6.0;14.0;8.0;20.0;0.0
2026-04-04;IS;4113;-19845.783230039528;4113;53.0;159.0;134.0;1010.0;7.0
2026-04-04;NI;2294;-5294.9565759724155;2294;16.0;72.0;52.0;191.0;1.0
2026-04-04;PK;1443;-4190.440702517379;1443;2.0;58.0;24.0;77.0;0.0
2026-04-04;RS;2215;-8265.898723492388;2215;7.0;79.0;48.0;309.0;0.0
2026-04-04;TW;188;-104.25034471703816;188;8.0;5.0;0.0;12.0;0.0
2026-04-04;UP;1713;-6505.6289530786635;1713;7.0;42.0;52.0;233.0;0.0
2026-04-04;US;21370;-49700.25667774878;21370;149.0;1214.0;330.0;1689.0;1.0
2026-04-05;GM;484;-866.9910074653194;484;6.0;25.0;1.0;35.0;0.0
2026-04-05;IS;4383;-21070.766447240952;4383;61.0;195.0;135.0;912.0;5.0
2026-04-05;NI;3001;-6715.574108013025;3001;3.0;162.0;86.0;312.0;0.0
2026-04-05;PK;1267;-3673.4625582060985;1267;9.0;48.0;13.0;96.0;0.0
2026-04-05;RS;1561;-5583.230203559726;1561;15.0;39.0;31.0;175.0;0.0
2026-04-05;TW;188;-220.67112671221705;188;0.0;4.0;2.0;8.0;0.0
2026-04-05;UP;1324;-4313.19966232902;1324;7.0;9.0;39.0;122.0;2.0
2026-04-05;US;15851;-35328.80916021782;15851;97.0;792.0;278.0;1430.0;3.0
2026-04-06;GM;829;-825.9043381432458;829;7.0;16.0;6.0;47.0;0.0
2026-04-06;IS;6552;-31289.48390044872;6552;64.0;192.0;253.0;1428.0;3.0
2026-04-06;NI;3547;-10899.365856830842;3547;13.0;119.0;157.0;420.0;0.0
2026-04-06;PK;2107;-7338.838374453579;2107;21.0;58.0;40.0;136.0;3.0
2026-04-06;RS;2171;-7818.968490346898;2171;8.0;79.0;46.0;284.0;0.0
2026-04-06;TW;436;-130.27839068667828;436;3.0;4.0;2.0;3.0;0.0
2026-04-06;UP;1610;-5832.5303904343955;1610;11.0;37.0;24.0;250.0;0.0
2026-04-06;US;31284;-70188.79020706906;31284;180.0;1734.0;528.0;2085.0;3.0
2026-04-07;GM;747;-1347.3189336933883;747;2.0;41.0;5.0;52.0;0.0
2026-04-07;IS;6559;-34241.34399792096;6559;61.0;215.0;260.0;1431.0;7.0
2026-04-07;NI;3110;-6988.238796011903;3110;23.0;187.0;105.0;272.0;2.0
2026-04-07;PK;2931;-10211.27804443;2931;11.0;113.0;36.0;150.0;0.0
2026-04-07;RS;2914;-11005.308685360284;2914;15.0;95.0;54.0;306.0;0.0
2026-04-07;TW;879;-542.2825242649291;879;4.0;8.0;4.0;11.0;0.0
2026-04-07;UP;1711;-6361.752975259195;1711;8.0;36.0;28.0;272.0;0.0
2026-04-07;US;40369;-96310.46693596063;40369;205.0;2224.0;688.0;2456.0;8.0
2026-04-08;GM;1205;-1294.4716226562086;1205;5.0;27.0;6.0;37.0;0.0
2026-04-08;IS;9958;-44306.32141389783;9958;84.0;149.0;212.0;1480.0;19.0
2026-04-08;NI;3030;-5952.900842164466;3030;49.0;146.0;71.0;204.0;0.0
2026-04-08;PK;5904;-13363.645209800956;5904;20.0;50.0;31.0;232.0;0.0
2026-04-08;RS;2364;-7658.060047013451;2364;10.0;86.0;21.0;192.0;0.0
2026-04-08;TW;653;-366.5883249651631;653;0.0;9.0;0.0;13.0;0.0
2026-04-08;UP;1292;-3853.578956704763;1292;3.0;22.0;19.0;139.0;0.0
2026-04-08;US;46354;-112283.6160709449;46354;249.0;2469.0;777.0;2730.0;3.0
2026-04-09;GM;1205;-2449.353585234887;1205;3.0;45.0;9.0;34.0;0.0
2026-04-09;IS;9820;-46355.49153590784;9820;67.0;206.0;187.0;1492.0;20.0
2026-04-09;NI;3724;-9966.059529443031;3724;42.0;153.0;79.0;371.0;0.0
2026-04-09;PK;4770;-11297.152324007397;4770;23.0;80.0;46.0;209.0;0.0
2026-04-09;RS;2823;-8969.67154187215;2823;30.0;148.0;22.0;182.0;0.0
2026-04-09;TW;441;-484.5018800415946;441;2.0;14.0;0.0;2.0;0.0
2026-04-09;UP;1561;-4860.617014862812;1561;5.0;65.0;35.0;127.0;0.0
2026-04-09;US;45440;-114849.46087300744;45440;336.0;2854.0;721.0;2583.0;3.0
2026-04-10;GM;1093;-2104.9367822069885;1093;19.0;55.0;16.0;77.0;1.0
2026-04-10;IS;8856;-39270.128011248475;8856;59.0;244.0;206.0;1153.0;15.0
2026-04-10;NI;4226;-11337.4131376402;4226;28.0;168.0;130.0;521.0;0.0
2026-04-10;PK;4274;-11952.593056588494;4274;16.0;58.0;22.0;163.0;0.0
2026-04-10;RS;3009;-10372.73169802111;3009;12.0;143.0;49.0;202.0;0.0
2026-04-10;TW;1070;-770.3226512665791;1070;3.0;33.0;3.0;7.0;0.0
2026-04-10;UP;2010;-6222.671108607642;2010;7.0;44.0;24.0;214.0;0.0
2026-04-10;US;42514;-99367.77505470574;42514;221.0;2603.0;675.0;2467.0;0.0
2026-04-11;GM;790;-1578.4362948061544;790;15.0;18.0;10.0;30.0;1.0
2026-04-11;IS;5998;-26038.254679691145;5998;138.0;280.0;118.0;914.0;4.0
2026-04-11;NI;2479;-6022.195688828904;2479;23.0;112.0;92.0;260.0;1.0
2026-04-11;PK;5007;-8586.518901832249;5007;6.0;65.0;23.0;165.0;0.0
2026-04-11;RS;1894;-6719.888423282828;1894;9.0;72.0;46.0;198.0;0.0
2026-04-11;TW;402;-182.48472707907507;402;0.0;4.0;2.0;4.0;0.0
2026-04-11;UP;1438;-5689.022413719535;1438;3.0;56.0;52.0;188.0;0.0
2026-04-11;US;26475;-54522.11744616088;26475;100.0;1438.0;458.0;1592.0;8.0
2026-04-12;GM;491;-545.0871236345058;491;6.0;14.0;3.0;20.0;0.0
2026-04-12;IS;5174;-24842.87555855232;5174;128.0;303.0;100.0;661.0;14.0
2026-04-12;NI;2836;-8407.259908858345;2836;10.0;176.0;103.0;320.0;0.0
2026-04-12;PK;4094;-9091.211837871204;4094;9.0;39.0;17.0;155.0;0.0
2026-04-12;RS;2253;-8194.494715891273;2253;9.0;72.0;65.0;306.0;0.0
2026-04-12;TW;567;-265.5176938838361;567;4.0;24.0;0.0;8.0;0.0
2026-04-12;UP;1632;-7478.340471796509;1632;7.0;29.0;72.0;316.0;0.0
2026-04-12;US;18221;-38825.545653068846;18221;101.0;894.0;324.0;1060.0;4.0
2026-04-13;GM;1190;-1633.244500662403;1190;14.0;41.0;16.0;43.0;0.0
2026-04-13;IS;6050;-27267.68779894857;6050;89.0;236.0;165.0;792.0;17.0
2026-04-13;NI;4130;-14373.629877093515;4130;29.0;184.0;131.0;499.0;4.0
2026-04-13;PK;3132;-10312.074102178049;3132;18.0;70.0;22.0;187.0;2.0
2026-04-13;RS;2931;-6793.74725984619;2931;13.0;45.0;47.0;273.0;0.0
2026-04-13;TW;584;434.64019023590635;584;7.0;14.0;0.0;6.0;0.0
2026-04-13;UP;2022;-5246.100641370778;2022;10.0;16.0;31.0;258.0;0.0
2026-04-13;US;33408;-81728.2518843607;33408;192.0;1825.0;694.0;1812.0;3.0
2026-04-14;GM;1951;-3368.8665884690763;1951;10.0;46.0;16.0;91.0;4.0
2026-04-14;IS;7661;-29852.851256578535;7661;120.0;237.0;138.0;821.0;13.0
2026-04-14;NI;3778;-9336.709027911991;3778;21.0;157.0;93.0;273.0;3.0
2026-04-14;PK;3368;-7698.434768920508;3368;13.0;69.0;32.0;187.0;2.0
2026-04-14;RS;2954;-7941.4922921785455;2954;9.0;106.0;45.0;253.0;3.0
2026-04-14;TW;366;-170.71357607443449;366;2.0;17.0;2.0;4.0;0.0
2026-04-14;UP;2234;-4717.052124416946;2234;3.0;36.0;40.0;260.0;0.0
2026-04-14;US;43684;-107153.55991950772;43684;253.0;2548.0;892.0;2482.0;4.0
2026-04-15;GM;1656;-3029.2525293017634;1656;7.0;28.0;10.0;28.0;0.0
2026-04-15;IS;7300;-27645.16887516525;7300;85.0;250.0;132.0;765.0;14.0
2026-04-15;NI;3137;-5957.588120718479;3137;13.0;146.0;76.0;167.0;1.0
2026-04-15;PK;3279;-6392.333234712061;3279;6.0;67.0;25.0;104.0;1.0
2026-04-15;RS;2986;-7016.115815191732;2986;8.0;140.0;46.0;203.0;0.0
2026-04-15;TW;380;-737.3725351100342;380;3.0;18.0;2.0;3.0;0.0
2026-04-15;UP;2104;-4622.77605635986;2104;3.0;58.0;32.0;214.0;0.0
2026-04-15;US;44484;-100168.7570047963;44484;209.0;2541.0;807.0;2623.0;1.0
2026-04-16;GM;1803;-2408.6687412846013;1803;12.0;33.0;17.0;69.0;0.0
2026-04-16;IS;9431;-29535.070988969823;9431;70.0;269.0;172.0;949.0;23.0
2026-04-16;NI;3049;-5230.742569637554;3049;9.0;124.0;72.0;155.0;0.0
2026-04-16;PK;3696;-6120.690800356465;3696;7.0;72.0;17.0;190.0;1.0
2026-04-16;RS;3087;-9310.243089137164;3087;4.0;120.0;79.0;356.0;0.0
2026-04-16;TW;433;91.92746300243785;433;0.0;9.0;2.0;12.0;0.0
2026-04-16;UP;2466;-7725.736146963773;2466;7.0;50.0;91.0;415.0;0.0
2026-04-16;US;45733;-102147.7161163875;45733;239.0;2504.0;1000.0;2863.0;11.0
2026-04-17;GM;1336;-1527.9557280140118;1336;5.0;37.0;2.0;52.0;0.0
2026-04-17;IS;8006;-27118.139183642405;8006;68.0;271.0;131.0;713.0;16.0
2026-04-17;NI;3357;-6602.691621468257;3357;5.0;195.0;124.0;162.0;0.0
2026-04-17;PK;3567;-6355.952187066411;3567;18.0;72.0;25.0;249.0;0.0
2026-04-17;RS;2168;-6863.935487732746;2168;8.0;76.0;51.0;227.0;0.0
2026-04-17;TW;372;93.15263541514588;372;2.0;8.0;1.0;4.0;0.0
2026-04-17;UP;1682;-4858.560688294214;1682;11.0;33.0;46.0;255.0;0.0
2026-04-17;US;42630;-90570.55832088015;42630;180.0;2511.0;708.0;2505.0;6.0
2026-04-18;GM;643;-1132.184356581184;643;7.0;19.0;1.0;24.0;1.0
2026-04-18;IS;4366;-18954.741356794588;4366;48.0;150.0;104.0;581.0;12.0
2026-04-18;NI;2468;-4832.632033605547;2468;14.0;142.0;84.0;147.0;0.0
2026-04-18;PK;2224;-2670.6893453390426;2224;10.0;45.0;13.0;84.0;0.0
2026-04-18;RS;1848;-6496.2674371029025;1848;15.0;77.0;41.0;248.0;0.0
2026-04-18;TW;184;-260.619987856653;184;1.0;3.0;0.0;10.0;0.0
2026-04-18;UP;1509;-7094.067768829499;1509;16.0;31.0;70.0;278.0;0.0
2026-04-18;US;24597;-52211.615904989456;24597;131.0;1311.0;408.0;1469.0;0.0
2026-04-19;GM;721;-858.4830121970768;721;9.0;26.0;12.0;16.0;0.0
2026-04-19;IS;4436;-17897.234621903204;4436;71.0;120.0;116.0;559.0;6.0
2026-04-19;NI;2330;-3586.1139613644455;2330;18.0;122.0;78.0;117.0;0.0
2026-04-19;PK;3002;-7959.414085427947;3002;8.0;41.0;22.0;111.0;0.0
2026-04-19;RS;1281;-5019.056832525954;1281;8.0;40.0;15.0;236.0;1.0
2026-04-19;TW;220;-102.1354836530012;220;0.0;5.0;0.0;5.0;0.0
2026-04-19;UP;941;-4643.317245014156;941;8.0;15.0;33.0;235.0;0.0
2026-04-19;US;18593;-44194.92728622957;18593;94.0;897.0;304.0;1587.0;1.0
2026-04-20;GM;1147;-1401.6288952076864;1147;5.0;47.0;14.0;61.0;0.0
2026-04-20;IS;6102;-22518.051621342656;6102;75.0;244.0;160.0;696.0;13.0
2026-04-20;NI;3818;-5379.192577186477;3818;55.0;161.0;124.0;181.0;0.0
2026-04-20;PK;4040;-13572.937615377705;4040;24.0;74.0;36.0;232.0;0.0
2026-04-20;RS;2364;-7871.22055802305;2364;10.0;83.0;55.0;249.0;0.0
2026-04-20;TW;451;185.31530716721645;451;34.0;10.0;0.0;4.0;0.0
2026-04-20;UP;1664;-4692.004002030389;1664;5.0;35.0;59.0;250.0;0.0
2026-04-20;US;34796;-76007.07634743866;34796;218.0;1727.0;567.0;2746.0;13.0
2026-04-21;GM;1516;-2707.3300103314336;1516;2.0;46.0;16.0;66.0;0.0
2026-04-21;IS;6663;-28448.027706647285;6663;72.0;327.0;117.0;853.0;20.0
2026-04-21;NI;3936;-6783.513960885082;3936;45.0;247.0;105.0;249.0;0.0
2026-04-21;PK;4399;-15005.227378545764;4399;24.0;103.0;37.0;249.0;0.0
2026-04-21;RS;2622;-9030.15934392084;2622;17.0;142.0;61.0;231.0;3.0
2026-04-21;TW;579;-1285.0116566162178;579;14.0;6.0;3.0;27.0;0.0
2026-04-21;UP;1642;-6063.839300633488;1642;4.0;61.0;51.0;200.0;0.0
2026-04-21;US;42449;-95226.57289759016;42449;270.0;2275.0;772.0;2715.0;12.0
2026-04-22;GM;1429;-1374.0380562561734;1429;5.0;28.0;3.0;58.0;0.0
2026-04-22;IS;6040;-28074.94228196047;6040;54.0;290.0;192.0;845.0;16.0
2026-04-22;NI;4127;-7894.483614353623;4127;55.0;227.0;79.0;201.0;0.0
2026-04-22;PK;3474;-13485.166087312262;3474;28.0;84.0;26.0;294.0;0.0
2026-04-22;RS;2834;-8495.761934772641;2834;25.0;108.0;38.0;226.0;0.0
2026-04-22;TW;557;-986.824710866154;557;5.0;14.0;1.0;14.0;0.0
2026-04-22;UP;2190;-5959.670188327231;2190;5.0;46.0;32.0;203.0;0.0
2026-04-22;US;42463;-92548.86991133634;42463;216.0;2464.0;740.0;2800.0;13.0
2026-04-23;GM;1474;-1519.3855717881745;1474;15.0;53.0;12.0;41.0;0.0
2026-04-23;IS;6544;-27457.445677830612;6544;81.0;259.0;180.0;823.0;9.0
2026-04-23;NI;4089;-5245.887404568651;4089;21.0;175.0;82.0;203.0;0.0
2026-04-23;PK;2235;-6802.659357463269;2235;19.0;63.0;31.0;148.0;0.0
2026-04-23;RS;2759;-6949.146239949879;2759;36.0;104.0;59.0;245.0;0.0
2026-04-23;TW;706;-1448.8040198214817;706;0.0;20.0;5.0;18.0;0.0
2026-04-23;UP;2593;-4058.4871306786313;2593;3.0;36.0;64.0;187.0;0.0
2026-04-23;US;43632;-98844.36538421072;43632;237.0;2787.0;680.0;2741.0;8.0
2026-04-24;GM;1403;-1510.754790347068;1403;3.0;46.0;10.0;63.0;2.0
2026-04-24;IS;7163;-26598.37351850408;7163;79.0;236.0;151.0;953.0;10.0
2026-04-24;NI;3498;-5082.704305336097;3498;32.0;158.0;78.0;138.0;0.0
2026-04-24;PK;3672;-8747.936686525805;3672;16.0;88.0;25.0;157.0;2.0
2026-04-24;RS;3064;-8424.288950737458;3064;7.0;93.0;55.0;235.0;2.0
2026-04-24;TW;434;-263.9281181332571;434;3.0;18.0;3.0;12.0;0.0
2026-04-24;UP;2278;-5043.821327536638;2278;8.0;46.0;66.0;229.0;0.0
2026-04-24;US;42099;-91373.21981708187;42099;229.0;2586.0;630.0;2543.0;3.0
2026-04-25;GM;620;-1246.8284595668904;620;1.0;16.0;5.0;47.0;1.0
2026-04-25;IS;4209;-16601.583776265834;4209;60.0;155.0;107.0;573.0;15.0
2026-04-25;NI;2849;-5208.0958358982;2849;12.0;124.0;77.0;190.0;0.0
2026-04-25;PK;4884;-10992.564601521542;4884;10.0;80.0;20.0;109.0;0.0
2026-04-25;RS;2314;-8528.221500608675;2314;8.0;71.0;54.0;336.0;0.0
2026-04-25;TW;370;-368.33302427387576;370;0.0;11.0;2.0;1.0;0.0
2026-04-25;UP;1637;-5338.8920380400195;1637;6.0;31.0;40.0;306.0;0.0
2026-04-25;US;25128;-55400.46704141071;25128;128.0;1466.0;358.0;1542.0;1.0
2026-04-26;GM;556;-1419.5742427560936;556;4.0;18.0;6.0;41.0;0.0
2026-04-26;IS;4037;-16717.045332683803;4037;37.0;135.0;119.0;640.0;1.0
2026-04-26;NI;2557;-2032.5009013292415;2557;5.0;90.0;20.0;97.0;3.0
2026-04-26;PK;3983;-10561.173688557135;3983;11.0;63.0;24.0;149.0;0.0
2026-04-26;RS;2495;-9227.406226568502;2495;8.0;76.0;33.0;313.0;0.0
2026-04-26;TW;313;-332.71024928239615;313;0.0;8.0;1.0;5.0;0.0
2026-04-26;UP;1396;-5650.206155406162;1396;3.0;33.0;33.0;225.0;0.0
2026-04-26;US;21337;-52855.46349011628;21337;118.0;1041.0;391.0;2301.0;1.0
2026-04-27;GM;1388;-3543.832560462347;1388;7.0;66.0;8.0;65.0;0.0
2026-04-27;IS;4879;-21226.517760530132;4879;42.0;193.0;119.0;646.0;3.0
2026-04-27;NI;3892;-7117.113159718708;3892;25.0;193.0;128.0;242.0;6.0
2026-04-27;PK;3671;-9707.32436367957;3671;16.0;51.0;31.0;256.0;0.0
2026-04-27;RS;5255;-13007.959684986452;5255;29.0;97.0;56.0;414.0;0.0
2026-04-27;TW;437;-167.09878690231116;437;3.0;28.0;1.0;7.0;0.0
2026-04-27;UP;1916;-5080.301718096514;1916;11.0;35.0;35.0;257.0;0.0
2026-04-27;US;36638;-86561.05518379917;36638;173.0;2072.0;698.0;2864.0;2.0
2026-04-28;GM;1331;-2595.031793643377;1331;7.0;48.0;12.0;72.0;0.0
2026-04-28;IS;5363;-22704.982802371604;5363;53.0;285.0;139.0;589.0;11.0
2026-04-28;NI;4159;-5742.668589465297;4159;23.0;167.0;117.0;193.0;0.0
2026-04-28;PK;2729;-7909.596034201063;2729;30.0;79.0;27.0;204.0;0.0
2026-04-28;RS;4932;-12478.602396078457;4932;18.0;175.0;51.0;422.0;0.0
2026-04-28;TW;469;-304.7957692701525;469;3.0;19.0;1.0;8.0;0.0
2026-04-28;UP;2259;-5715.444193680831;2259;17.0;57.0;33.0;254.0;0.0
2026-04-28;US;45149;-100924.76571269004;45149;250.0;2876.0;980.0;3057.0;7.0
2026-04-29;GM;1618;-3263.070085513424;1618;7.0;47.0;38.0;86.0;0.0
2026-04-29;IS;5496;-22971.343001918423;5496;58.0;237.0;116.0;662.0;20.0
2026-04-29;NI;3626;-4216.251485719427;3626;8.0;194.0;59.0;222.0;1.0
2026-04-29;PK;1718;-6095.613765387661;1718;12.0;56.0;31.0;148.0;0.0
2026-04-29;RS;3970;-13593.911100748035;3970;29.0;150.0;60.0;433.0;2.0
2026-04-29;TW;544;-116.42773432053474;544;4.0;17.0;2.0;5.0;0.0
2026-04-29;UP;2683;-7368.543600990139;2683;24.0;60.0;64.0;293.0;0.0
2026-04-29;US;46511;-97262.05442272444;46511;303.0;2754.0;865.0;2722.0;12.0
2026-04-30;GM;2191;-4101.625173275693;2191;5.0;26.0;13.0;76.0;2.0
2026-04-30;IS;5955;-25590.315775305386;5955;67.0;410.0;177.0;629.0;15.0
2026-04-30;NI;3866;-4637.514189731111;3866;23.0;194.0;78.0;159.0;0.0
2026-04-30;PK;1888;-6139.992601995852;1888;30.0;114.0;24.0;172.0;2.0
2026-04-30;RS;3213;-9145.680884274512;3213;22.0;148.0;62.0;259.0;4.0
2026-04-30;TW;473;0.5411147330939656;473;3.0;12.0;3.0;12.0;0.0
2026-04-30;UP;2078;-6265.5010452385795;2078;7.0;49.0;64.0;221.0;0.0
2026-04-30;US;45564;-91708.22773587763;45564;225.0;2548.0;741.0;2696.0;4.0
2026-05-01;GM;2013;-4101.521351419114;2013;7.0;38.0;17.0;79.0;0.0
2026-05-01;IS;4887;-20717.74609504791;4887;80.0;363.0;183.0;574.0;7.0
2026-05-01;NI;3677;-578.561693685384;3677;24.0;130.0;57.0;118.0;0.0
2026-05-01;PK;1936;-5539.577332049424;1936;11.0;65.0;42.0;130.0;2.0
2026-05-01;RS;2605;-8940.196851908986;2605;15.0;127.0;74.0;287.0;6.0
2026-05-01;TW;370;-120.97596079529688;370;5.0;2.0;3.0;5.0;0.0
2026-05-01;UP;1754;-5187.808762952417;1754;8.0;39.0;65.0;229.0;2.0
2026-05-01;US;42985;-87427.3361638224;42985;328.0;2581.0;673.0;2598.0;1.0
2026-05-02;GM;2381;-7544.311576405481;2381;7.0;40.0;8.0;92.0;0.0
2026-05-02;IS;3821;-17603.718363438184;3821;61.0;282.0;107.0;422.0;5.0
2026-05-02;NI;3259;-490.35221477873864;3259;14.0;76.0;34.0;174.0;0.0
2026-05-02;PK;1537;-3441.1330095331273;1537;0.0;90.0;16.0;80.0;0.0
2026-05-02;RS;1671;-5401.925437294547;1671;8.0;52.0;44.0;197.0;0.0
2026-05-02;TW;447;-461.23429599313795;447;2.0;4.0;0.0;10.0;0.0
2026-05-02;UP;1295;-4019.5514854077383;1295;3.0;26.0;56.0;186.0;1.0
2026-05-02;US;26592;-51973.71079965851;26592;336.0;1333.0;358.0;1454.0;9.0
2026-05-03;GM;1753;-5643.040432824568;1753;14.0;31.0;6.0;54.0;0.0
2026-05-03;IS;4064;-17790.575345705794;4064;43.0;301.0;171.0;593.0;2.0
2026-05-03;NI;3234;-4215.253987556239;3234;19.0;160.0;44.0;148.0;1.0
2026-05-03;PK;1239;-3598.56382129969;1239;2.0;45.0;16.0;85.0;0.0
2026-05-03;RS;1958;-6691.300572239363;1958;14.0;56.0;51.0;289.0;0.0
2026-05-03;TW;396;-93.84744428279294;396;1.0;4.0;0.0;5.0;0.0
2026-05-03;UP;1363;-4187.109858395095;1363;7.0;16.0;50.0;259.0;0.0
2026-05-03;US;18313;-32058.343063231467;18313;136.0;822.0;255.0;1151.0;2.0
2026-05-04;GM;2122;-5434.31293831894;2122;18.0;84.0;24.0;105.0;0.0
2026-05-04;IS;4481;-17461.172836212987;4481;46.0;250.0;138.0;561.0;14.0
2026-05-04;NI;4088;-6098.3140940260255;4088;43.0;217.0;67.0;168.0;0.0
2026-05-04;PK;1587;-4688.430344552471;1587;16.0;58.0;32.0;117.0;0.0
2026-05-04;RS;2528;-7923.393729455264;2528;13.0;121.0;33.0;290.0;0.0
2026-05-04;TW;569;-214.80888692994475;569;7.0;1.0;2.0;11.0;0.0
2026-05-04;UP;2460;-5293.846974567434;2460;14.0;31.0;28.0;270.0;0.0
2026-05-04;US;33560;-62532.21816166277;33560;287.0;1660.0;534.0;2102.0;12.0
2026-05-05;GM;2011;-5228.458466736934;2011;8.0;99.0;12.0;90.0;0.0
2026-05-05;IS;4807;-21027.077187381517;4807;81.0;292.0;145.0;612.0;25.0
2026-05-05;NI;4317;-7713.558909460658;4317;21.0;199.0;90.0;214.0;0.0
2026-05-05;PK;2140;-7062.244328432409;2140;23.0;80.0;56.0;188.0;0.0
2026-05-05;RS;2841;-10923.753337277412;2841;12.0;151.0;51.0;400.0;1.0
2026-05-05;TW;493;-566.3951486246128;493;1.0;1.0;1.0;7.0;0.0
2026-05-05;UP;2103;-7920.3851621622125;2103;6.0;45.0;44.0;369.0;0.0
2026-05-05;US;42175;-85343.01000213862;42175;262.0;2315.0;691.0;2800.0;8.0
2026-05-06;GM;1659;-3405.537982391831;1659;7.0;75.0;13.0;71.0;2.0
2026-05-06;IS;5758;-21655.719434732608;5758;163.0;368.0;160.0;693.0;12.0
2026-05-06;NI;4231;-7963.39177069067;4231;35.0;218.0;52.0;239.0;0.0
2026-05-06;PK;2335;-4780.977700775184;2335;28.0;71.0;29.0;174.0;0.0
2026-05-06;RS;2912;-12649.316584654744;2912;44.0;108.0;50.0;429.0;4.0
2026-05-06;TW;531;-448.97206829000584;531;1.0;9.0;1.0;8.0;0.0
2026-05-06;UP;2094;-9188.730647384276;2094;30.0;49.0;62.0;421.0;0.0
2026-05-06;US;45371;-86772.23765017219;45371;302.0;2562.0;740.0;2910.0;5.0
2026-05-07;GM;1749;-2933.7036985757436;1749;15.0;50.0;12.0;54.0;0.0
2026-05-07;IS;5689;-23390.478620718048;5689;105.0;271.0;182.0;660.0;4.0
2026-05-07;NI;3905;-6320.9961714576175;3905;28.0;189.0;113.0;180.0;0.0
2026-05-07;PK;2780;-6010.329052543837;2780;23.0;83.0;28.0;311.0;0.0
2026-05-07;RS;3511;-12743.093666523557;3511;27.0;119.0;51.0;374.0;1.0
2026-05-07;TW;595;-196.6334391186056;595;5.0;21.0;4.0;5.0;0.0
2026-05-07;UP;2460;-9546.024554782583;2460;17.0;45.0;46.0;358.0;1.0
2026-05-07;US;46258;-98046.10555812604;46258;244.0;2642.0;712.0;2534.0;11.0
2026-05-08;GM;1622;-3100.126585254259;1622;7.0;41.0;19.0;90.0;0.0
2026-05-08;IS;4876;-20702.01527768686;4876;45.0;240.0;154.0;595.0;1.0
2026-05-08;NI;3616;-4350.534226090893;3616;28.0;131.0;98.0;185.0;0.0
2026-05-08;PK;1918;-4347.064299237934;1918;6.0;69.0;30.0;201.0;0.0
2026-05-08;RS;3920;-13555.658263464631;3920;32.0;110.0;66.0;427.0;5.0
2026-05-08;TW;556;-360.2322825826925;556;2.0;13.0;0.0;6.0;0.0
2026-05-08;UP;2771;-9835.563547549114;2771;9.0;54.0;59.0;350.0;8.0
2026-05-08;US;43797;-93972.09458998476;43797;246.0;2396.0;637.0;2876.0;10.0
2026-05-09;GM;1129;-1719.112030573746;1129;2.0;18.0;16.0;48.0;0.0
2026-05-09;IS;2762;-12999.505206329935;2762;48.0;143.0;100.0;455.0;11.0
2026-05-09;NI;2909;-3515.9270307943734;2909;15.0;65.0;92.0;182.0;0.0
2026-05-09;PK;1475;-3038.2704684048617;1475;33.0;63.0;7.0;107.0;0.0
2026-05-09;RS;3125;-8393.751193224572;3125;26.0;68.0;50.0;301.0;0.0
2026-05-09;TW;335;-245.8292419982242;335;4.0;3.0;0.0;13.0;0.0
2026-05-09;UP;2310;-7277.580581079136;2310;14.0;31.0;50.0;305.0;0.0
2026-05-09;US;23680;-46188.68612749935;23680;93.0;1240.0;323.0;1589.0;3.0
2026-05-10;GM;951;-2225.9761168763744;951;10.0;45.0;3.0;38.0;0.0
2026-05-10;IS;3336;-15240.071760199458;3336;36.0;167.0;137.0;503.0;5.0
2026-05-10;NI;2591;-2103.409201603253;2591;7.0;86.0;78.0;249.0;0.0
2026-05-10;PK;2529;-8990.136564226375;2529;6.0;58.0;84.0;249.0;1.0
2026-05-10;RS;2508;-7707.496191232457;2508;22.0;48.0;28.0;263.0;0.0
2026-05-10;TW;430;-531.3005127982073;430;3.0;7.0;0.0;13.0;0.0
2026-05-10;UP;1525;-5815.30180379176;1525;11.0;9.0;25.0;245.0;0.0
2026-05-10;US;16549;-30599.164100724305;16549;65.0;757.0;199.0;1078.0;1.0
2026-05-11;GM;1729;-2537.2164587059187;1729;6.0;32.0;8.0;50.0;2.0
2026-05-11;IS;5506;-23935.324005134986;5506;60.0;234.0;147.0;643.0;10.0
2026-05-11;NI;4047;-6375.512856425366;4047;18.0;237.0;108.0;302.0;2.0
2026-05-11;PK;2446;-8921.960027654559;2446;24.0;67.0;46.0;144.0;0.0
2026-05-11;RS;3028;-10615.3571299798;3028;10.0;54.0;64.0;325.0;1.0
2026-05-11;TW;950;-632.5823337984739;950;1.0;20.0;2.0;20.0;0.0
2026-05-11;UP;2514;-7666.05707780462;2514;5.0;44.0;71.0;298.0;1.0
2026-05-11;US;34073;-71732.40723385836;34073;177.0;1734.0;547.0;2202.0;8.0
2026-05-12;GM;1395;-2013.8181450278596;1395;12.0;44.0;21.0;55.0;0.0
2026-05-12;IS;5426;-26556.90038498435;5426;82.0;308.0;213.0;569.0;17.0
2026-05-12;NI;3778;-7009.940974896848;3778;10.0;169.0;112.0;267.0;2.0
2026-05-12;PK;2487;-8868.936556642464;2487;22.0;34.0;69.0;252.0;0.0
2026-05-12;RS;3350;-10807.202731270763;3350;11.0;135.0;63.0;324.0;0.0
2026-05-12;TW;1305;-1557.192685189155;1305;8.0;38.0;5.0;58.0;0.0
2026-05-12;UP;2411;-8192.65544233274;2411;7.0;87.0;62.0;293.0;0.0
2026-05-12;US;42844;-89734.46933192949;42844;205.0;2233.0;589.0;2522.0;9.0
2026-05-13;GM;1259;-2333.854691977923;1259;3.0;73.0;9.0;58.0;0.0
2026-05-13;IS;5653;-22650.4455982046;5653;86.0;264.0;214.0;629.0;12.0
2026-05-13;NI;3941;-6647.161447994482;3941;32.0;201.0;122.0;270.0;0.0
2026-05-13;PK;1883;-5026.662265700684;1883;10.0;72.0;32.0;155.0;0.0
2026-05-13;RS;3229;-10207.51521546802;3229;7.0;96.0;54.0;324.0;0.0
2026-05-13;TW;1505;-1883.5409653685929;1505;3.0;24.0;12.0;25.0;0.0
2026-05-13;UP;2166;-7409.9936282032595;2166;5.0;42.0;77.0;295.0;0.0
2026-05-13;US;43837;-90564.82676995167;43837;182.0;2565.0;623.0;2538.0;7.0
2026-05-14;GM;1084;-1034.4747140823636;1084;13.0;36.0;15.0;49.0;0.0
2026-05-14;IS;7058;-26576.269153910587;7058;118.0;243.0;283.0;630.0;35.0
2026-05-14;NI;4239;-3185.166408991655;4239;32.0;239.0;72.0;144.0;0.0
2026-05-14;PK;1758;-3773.2067072244895;1758;6.0;89.0;24.0;143.0;1.0
2026-05-14;RS;3568;-11819.59235327921;3568;15.0;115.0;65.0;360.0;0.0
2026-05-14;TW;2700;-2001.9065148237096;2700;4.0;24.0;3.0;40.0;0.0
2026-05-14;UP;2620;-9995.190146287272;2620;11.0;59.0;71.0;378.0;0.0
2026-05-14;US;45503;-92392.6323908072;45503;235.0;2580.0;658.0;2610.0;7.0
2026-05-15;GM;1428;-1818.0329157289707;1428;7.0;35.0;28.0;59.0;0.0
2026-05-15;IS;6084;-24728.449553780152;6084;74.0;224.0;251.0;646.0;41.0
2026-05-15;NI;3655;-2533.714491779469;3655;17.0;210.0;80.0;161.0;1.0
2026-05-15;PK;1420;-2477.5695155302506;1420;10.0;40.0;24.0;90.0;0.0
2026-05-15;RS;3261;-11683.354271404844;3261;13.0;132.0;63.0;355.0;0.0
2026-05-15;TW;1591;-1926.77243839;1591;1.0;17.0;0.0;26.0;0.0
2026-05-15;UP;2249;-9152.226920261295;2249;11.0;56.0;63.0;335.0;0.0
2026-05-15;US;42800;-93719.1293228328;42800;181.0;2566.0;802.0;2493.0;1.0
2026-05-16;GM;863;-1368.4256682483074;863;8.0;27.0;6.0;58.0;0.0
2026-05-16;IS;4048;-18910.95554749253;4048;89.0;209.0;187.0;626.0;15.0
2026-05-16;NI;4144;-8214.622013178445;4144;19.0;115.0;139.0;585.0;0.0
2026-05-16;PK;1464;-3163.340477497644;1464;9.0;31.0;26.0;127.0;0.0
2026-05-16;RS;1830;-5550.621318866509;1830;7.0;67.0;24.0;204.0;0.0
2026-05-16;TW;1318;-1740.863781758486;1318;3.0;5.0;1.0;12.0;0.0
2026-05-16;UP;1177;-3880.97431657428;1177;1.0;21.0;23.0;184.0;0.0
2026-05-16;US;25340;-51867.64439584267;25340;126.0;1542.0;430.0;1627.0;1.0
2026-05-17;GM;689;-1017.9587455111998;689;2.0;25.0;6.0;35.0;0.0
2026-05-17;IS;4065;-19733.25197204044;4065;84.0;188.0;176.0;630.0;18.0
2026-05-17;NI;3031;-5268.124809666082;3031;11.0;81.0;125.0;341.0;0.0
2026-05-17;PK;1448;-3029.532435255356;1448;5.0;34.0;27.0;104.0;0.0
2026-05-17;RS;1958;-8701.11789989613;1958;5.0;52.0;69.0;471.0;0.0
2026-05-17;TW;932;-901.3588163448318;932;3.0;3.0;1.0;19.0;0.0
2026-05-17;UP;1264;-6160.328008515699;1264;12.0;31.0;77.0;339.0;1.0
2026-05-17;US;17841;-33361.58878631133;17841;106.0;852.0;261.0;1134.0;4.0
2026-05-18;GM;1131;-2038.857635629564;1131;6.0;35.0;6.0;46.0;0.0
2026-05-18;IS;5475;-22393.202084478948;5475;64.0;296.0;157.0;632.0;18.0
2026-05-18;NI;4876;-9987.21423790392;4876;44.0;169.0;163.0;368.0;1.0
2026-05-18;PK;2146;-6142.621544572561;2146;14.0;62.0;12.0;102.0;0.0
2026-05-18;RS;3060;-9783.729142733504;3060;13.0;98.0;43.0;395.0;4.0
2026-05-18;TW;1015;-700.8840262027296;1015;0.0;14.0;3.0;15.0;0.0
2026-05-18;UP;1992;-6498.030907396702;1992;15.0;51.0;42.0;336.0;0.0
2026-05-18;US;34412;-74570.81767335662;34412;161.0;1876.0;522.0;2507.0;2.0
2026-05-19;GM;1314;-2636.2024456910726;1314;2.0;30.0;4.0;94.0;0.0
2026-05-19;IS;5949;-23068.177951497204;5949;74.0;472.0;199.0;484.0;22.0
2026-05-19;NI;4437;-9555.094871442134;4437;32.0;219.0;198.0;247.0;0.0
2026-05-19;PK;1884;-5827.17827935759;1884;13.0;88.0;26.0;172.0;0.0
2026-05-19;RS;3831;-9304.663071650935;3831;22.0;100.0;49.0;427.0;0.0
2026-05-19;TW;1003;-691.136418168984;1003;1.0;21.0;1.0;19.0;0.0
2026-05-19;UP;1977;-6600.849395635566;1977;9.0;39.0;48.0;401.0;0.0
2026-05-19;US;43414;-95351.95443818436;43414;204.0;2397.0;602.0;3112.0;9.0
2026-05-20;GM;1566;-3596.940251484884;1566;12.0;51.0;10.0;51.0;0.0
2026-05-20;IS;6616;-26291.45744398462;6616;97.0;435.0;215.0;575.0;7.0
2026-05-20;NI;3953;-6278.106385988251;3953;22.0;200.0;137.0;187.0;0.0
2026-05-20;PK;2397;-3410.469059289775;2397;11.0;75.0;25.0;145.0;0.0
2026-05-20;RS;4452;-10478.279484170029;4452;11.0;135.0;35.0;353.0;0.0
2026-05-20;TW;775;-302.1545101016445;775;4.0;8.0;2.0;11.0;0.0
2026-05-20;UP;2233;-6879.825688319315;2233;1.0;37.0;28.0;237.0;0.0
2026-05-20;US;46354;-100276.00845681022;46354;240.0;2863.0;646.0;2915.0;12.0
2026-05-21;GM;1530;-3501.7863940577936;1530;2.0;58.0;14.0;61.0;1.0
2026-05-21;IS;7322;-28867.03744415326;7322;74.0;517.0;175.0;494.0;14.0
2026-05-21;NI;3762;-2403.3813123880796;3762;21.0;195.0;98.0;154.0;0.0
2026-05-21;PK;2538;-5181.403117311658;2538;19.0;61.0;31.0;284.0;0.0
2026-05-21;RS;3843;-10065.32221666685;3843;16.0;143.0;45.0;333.0;0.0
2026-05-21;TW;959;-623.451623351139;959;5.0;14.0;3.0;26.0;0.0
2026-05-21;UP;2030;-5426.1306564488705;2030;4.0;44.0;46.0;278.0;0.0
2026-05-21;US;44534;-97674.19449273638;44534;216.0;2845.0;600.0;2583.0;8.0
2026-05-22;GM;1526;-1984.511282476227;1526;3.0;37.0;8.0;57.0;0.0
2026-05-22;IS;5431;-24906.79187842659;5431;26.0;364.0;192.0;482.0;22.0
2026-05-22;NI;3449;-1377.7479053707502;3449;15.0;128.0;83.0;146.0;0.0
2026-05-22;PK;2489;-3737.1723366102465;2489;9.0;82.0;31.0;149.0;0.0
2026-05-22;RS;3481;-10278.930564660655;3481;20.0;153.0;63.0;384.0;0.0
2026-05-22;TW;804;-790.893310751033;804;2.0;25.0;2.0;19.0;0.0
2026-05-22;UP;2432;-7550.469386014524;2432;2.0;64.0;75.0;326.0;0.0
2026-05-22;US;40801;-86384.59990769092;40801;223.0;2370.0;663.0;2330.0;6.0
2026-05-23;GM;801;-1743.6131663100823;801;4.0;22.0;10.0;32.0;0.0
2026-05-23;IS;3482;-15888.447124644446;3482;50.0;263.0;139.0;425.0;9.0
2026-05-23;NI;3274;-1583.139626394006;3274;34.0;124.0;99.0;120.0;0.0
2026-05-23;PK;2880;-4135.463447429239;2880;15.0;52.0;18.0;140.0;0.0
2026-05-23;RS;2228;-7799.519115039732;2228;17.0;71.0;37.0;291.0;0.0
2026-05-23;TW;507;-572.4260672532886;507;1.0;7.0;0.0;5.0;0.0
2026-05-23;UP;1573;-6883.580964106935;1573;9.0;11.0;49.0;264.0;0.0
2026-05-23;US;24226;-49039.07073818241;24226;119.0;1282.0;411.0;1467.0;2.0
2026-05-24;GM;568;-1084.032865694587;568;1.0;17.0;16.0;35.0;0.0
2026-05-24;IS;5008;-19171.30680438974;5008;33.0;205.0;163.0;446.0;5.0
2026-05-24;NI;2552;-3007.114786254663;2552;13.0;152.0;127.0;129.0;0.0
2026-05-24;PK;2950;-6852.620191548847;2950;10.0;21.0;67.0;242.0;0.0
2026-05-24;RS;2201;-10278.327972841807;2201;9.0;42.0;53.0;556.0;1.0
2026-05-24;TW;300;-422.7038233852543;300;0.0;11.0;1.0;2.0;0.0
2026-05-24;UP;1672;-9729.342231109393;1672;7.0;24.0;55.0;540.0;1.0
2026-05-24;US;17510;-33382.15106255099;17510;91.0;877.0;347.0;1396.0;6.0
2026-05-25;GM;982;-2224.3928107337133;982;2.0;37.0;8.0;32.0;0.0
2026-05-25;IS;5430;-17056.85773079717;5430;39.0;161.0;145.0;538.0;7.0
2026-05-25;NI;3487;-3078.675900254596;3487;39.0;132.0;116.0;203.0;3.0
2026-05-25;PK;3694;-2860.3189688640477;3694;18.0;72.0;30.0;126.0;4.0
2026-05-25;RS;2881;-11442.405565680052;2881;20.0;66.0;65.0;448.0;2.0
2026-05-25;TW;480;-531.0133601738822;480;3.0;10.0;2.0;10.0;0.0
2026-05-25;UP;2052;-10070.353909596031;2052;14.0;37.0;76.0;463.0;0.0
2026-05-25;US;22229;-33581.63298091738;22229;135.0;945.0;320.0;1409.0;1.0
2026-05-26;GM;1142;-2027.8757038998085;1142;7.0;29.0;15.0;65.0;0.0
2026-05-26;IS;6970;-24655.35536181691;6970;31.0;262.0;193.0;681.0;23.0
2026-05-26;NI;3846;-5063.816083488009;3846;30.0;199.0;107.0;219.0;0.0
2026-05-26;PK;3034;-764.8404512697612;3034;21.0;31.0;3.0;82.0;0.0
2026-05-26;RS;3218;-13161.304902752012;3218;18.0;107.0;48.0;369.0;2.0
2026-05-26;TW;608;-507.8221712583973;608;6.0;13.0;0.0;32.0;0.0
2026-05-26;UP;2352;-9715.4824487692;2352;8.0;40.0;52.0;341.0;0.0
2026-05-26;US;34226;-61627.53262207721;34226;236.0;1657.0;474.0;2301.0;5.0
2026-05-27;GM;1499;-2332.129129263493;1499;11.0;100.0;9.0;51.0;2.0
2026-05-27;IS;6130;-24961.21194850496;6130;59.0;236.0;158.0;892.0;13.0
2026-05-27;NI;3653;-217.12452276018533;3653;13.0;119.0;132.0;129.0;0.0
2026-05-27;PK;1976;-1248.0686788072385;1976;4.0;43.0;21.0;73.0;1.0
2026-05-27;RS;3517;-12263.374757035976;3517;15.0;100.0;42.0;367.0;3.0
2026-05-27;TW;502;-183.33881109456493;502;2.0;7.0;0.0;13.0;0.0
2026-05-27;UP;2064;-7449.02656578146;2064;5.0;26.0;43.0;336.0;0.0
2026-05-27;US;41174;-84654.91940770361;41174;252.0;2386.0;577.0;2412.0;3.0
2026-05-28;GM;1449;-1612.6645456416138;1449;10.0;60.0;6.0;39.0;0.0
2026-05-28;IS;5445;-22764.015521293302;5445;42.0;177.0;173.0;767.0;24.0
2026-05-28;NI;3248;-5531.211654978739;3248;15.0;110.0;134.0;224.0;0.0
2026-05-28;PK;1420;-1393.8881325615955;1420;6.0;19.0;7.0;53.0;0.0
2026-05-28;RS;3377;-8847.454330104094;3377;27.0;94.0;59.0;338.0;3.0
2026-05-28;TW;493;-315.88651505225414;493;10.0;11.0;0.0;10.0;0.0
2026-05-28;UP;2447;-5690.101343216942;2447;14.0;19.0;51.0;304.0;0.0
2026-05-28;US;41247;-90381.1341187112;41247;252.0;2429.0;729.0;2435.0;10.0
2026-05-29;GM;1142;-2172.1422007714946;1142;12.0;51.0;8.0;70.0;5.0
2026-05-29;IS;5063;-21034.84554785357;5063;79.0;186.0;158.0;626.0;19.0
2026-05-29;NI;3205;-3497.4211357457766;3205;26.0;85.0;114.0;169.0;0.0
2026-05-29;PK;1981;-1863.8530508460208;1981;7.0;61.0;15.0;64.0;0.0
2026-05-29;RS;4622;-18053.160281577508;4622;12.0;109.0;138.0;565.0;2.0
2026-05-29;TW;742;-570.1039703933246;742;5.0;17.0;3.0;11.0;0.0
2026-05-29;UP;3001;-12545.867055477343;3001;5.0;72.0;110.0;511.0;5.0
2026-05-29;US;40360;-89404.43114083422;40360;261.0;2486.0;680.0;2291.0;2.0
2026-05-30;GM;752;-1407.8742548579028;752;4.0;36.0;6.0;39.0;2.0
2026-05-30;IS;2862;-11467.053114705435;2862;17.0;86.0;90.0;440.0;16.0
2026-05-30;NI;2765;-3013.6628271005925;2765;22.0;93.0;122.0;119.0;0.0
2026-05-30;PK;1390;-1769.650737445172;1390;6.0;56.0;7.0;65.0;0.0
2026-05-30;RS;2165;-8165.661404283737;2165;11.0;73.0;50.0;258.0;1.0
2026-05-30;TW;530;-773.8899189878558;530;0.0;20.0;2.0;19.0;0.0
2026-05-30;UP;1253;-5814.679090180062;1253;7.0;30.0;46.0;251.0;4.0
2026-05-30;US;23415;-54046.81898166105;23415;170.0;1507.0;378.0;1346.0;1.0
2026-05-31;GM;606;-881.4509949289978;606;4.0;14.0;8.0;38.0;3.0
2026-05-31;IS;4393;-17377.35947198235;4393;32.0;197.0;105.0;729.0;16.0
2026-05-31;NI;2318;-2564.782558232734;2318;27.0;93.0;90.0;142.0;0.0
2026-05-31;PK;1079;-2387.111081718439;1079;17.0;67.0;5.0;54.0;0.0
2026-05-31;RS;1726;-6179.3111978297375;1726;10.0;52.0;79.0;187.0;1.0
2026-05-31;TW;330;-200.21718637752235;330;2.0;7.0;3.0;6.0;0.0
2026-05-31;UP;1287;-5832.569202605639;1287;7.0;25.0;93.0;219.0;3.0
2026-05-31;US;16962;-36808.17731107038;16962;149.0;973.0;259.0;1142.0;5.0
2026-06-01;GM;968;-1539.5883328333475;968;9.0;41.0;5.0;48.0;0.0
2026-06-01;IS;8268;-36528.144187185615;8268;59.0;326.0;207.0;1155.0;15.0
2026-06-01;NI;4072;-8137.053377218556;4072;49.0;156.0;165.0;216.0;0.0
2026-06-01;PK;1547;-2921.862613493452;1547;5.0;50.0;14.0;61.0;0.0
2026-06-01;RS;2335;-8284.800120259973;2335;13.0;117.0;78.0;215.0;2.0
2026-06-01;TW;705;125.0711848940981;705;5.0;9.0;2.0;11.0;0.0
2026-06-01;UP;1561;-5559.193532737922;1561;6.0;35.0;82.0;181.0;2.0
2026-06-01;US;33907;-68742.78460238613;33907;257.0;1920.0;491.0;2357.0;1.0
2026-06-02;GM;1506;-2256.586797721027;1506;9.0;45.0;18.0;67.0;0.0
2026-06-02;IS;8288;-37348.48527341387;8288;75.0;324.0;163.0;1008.0;17.0
2026-06-02;NI;4365;-10851.39348875187;4365;120.0;164.0;234.0;232.0;0.0
2026-06-02;PK;1641;-3043.7230562709974;1641;16.0;79.0;33.0;140.0;0.0
2026-06-02;RS;3200;-13370.649554612835;3200;18.0;110.0;120.0;508.0;0.0
2026-06-02;TW;784;301.1858178063494;784;4.0;1.0;1.0;25.0;0.0
2026-06-02;UP;2445;-12707.331853421198;2445;8.0;59.0;130.0;570.0;0.0
2026-06-02;US;41525;-88940.59593913285;41525;313.0;2462.0;664.0;2613.0;9.0
2026-06-03;GM;1303;-961.0703090298082;1303;10.0;38.0;13.0;49.0;0.0
2026-06-03;IS;6266;-26817.087615819833;6266;51.0;201.0;158.0;909.0;17.0
2026-06-03;NI;4425;-13396.44411765651;4425;52.0;197.0;338.0;258.0;0.0
2026-06-03;PK;1340;-3529.379723230314;1340;3.0;94.0;26.0;116.0;0.0
2026-06-03;RS;3448;-12371.818242171155;3448;21.0;151.0;138.0;458.0;0.0
2026-06-03;TW;599;-204.31697980828648;599;4.0;12.0;6.0;11.0;2.0
2026-06-03;UP;2480;-9012.929869526592;2480;17.0;59.0;144.0;435.0;5.0
2026-06-03;US;43381;-89384.89911700819;43381;250.0;2453.0;618.0;2875.0;5.0
2026-06-04;GM;1340;-2149.8760378100797;1340;6.0;46.0;14.0;51.0;5.0
2026-06-04;IS;6687;-26258.622034148237;6687;61.0;194.0;133.0;830.0;16.0
2026-06-04;NI;3913;-9867.412016694649;3913;51.0;171.0;277.0;191.0;0.0
2026-06-04;PK;1451;-3528.7554638633596;1451;10.0;69.0;65.0;88.0;0.0
2026-06-04;RS;3889;-10549.824405085852;3889;39.0;103.0;87.0;424.0;4.0
2026-06-04;TW;886;-1450.3617901582347;886;14.0;71.0;0.0;29.0;3.0
2026-06-04;UP;2780;-8990.013561296515;2780;13.0;53.0;98.0;419.0;5.0
2026-06-04;US;41376;-94290.28445388535;41376;285.0;2316.0;629.0;2673.0;11.0
2026-06-05;GM;1261;-2273.381921475127;1261;8.0;44.0;6.0;67.0;4.0
2026-06-05;IS;5355;-23036.830007316745;5355;66.0;259.0;102.0;750.0;4.0
2026-06-05;NI;3553;-8376.941900507882;3553;32.0;169.0;204.0;191.0;1.0
2026-06-05;PK;1287;-3524.6587031645827;1287;25.0;29.0;24.0;68.0;0.0
2026-06-05;RS;4263;-10442.98588332578;4263;11.0;82.0;52.0;337.0;0.0
2026-06-05;TW;501;-653.9056047970629;501;10.0;16.0;1.0;13.0;0.0
2026-06-05;UP;3122;-8781.212241241641;3122;9.0;38.0;56.0;320.0;0.0
2026-06-05;US;36640;-81571.76114259966;36640;241.0;2231.0;614.0;2276.0;5.0
2026-06-06;GM;750;-1066.3958787344798;750;3.0;13.0;12.0;48.0;1.0
2026-06-06;IS;3665;-17973.739325839408;3665;24.0;135.0;110.0;698.0;10.0
2026-06-06;NI;2744;-6153.9043569006235;2744;21.0;112.0;155.0;150.0;0.0
2026-06-06;PK;1557;-4130.21798975715;1557;21.0;55.0;33.0;112.0;0.0
2026-06-06;RS;2734;-7721.702949275447;2734;7.0;48.0;36.0;326.0;2.0
2026-06-06;TW;337;-363.9591235380112;337;2.0;5.0;3.0;10.0;0.0
2026-06-06;UP;1920;-6510.81511694651;1920;9.0;14.0;40.0;273.0;5.0
2026-06-06;US;22627;-44921.020167675735;22627;173.0;1159.0;313.0;1430.0;3.0
2026-06-07;GM;946;-1947.4285366983845;946;3.0;20.0;12.0;39.0;0.0
2026-06-07;IS;5165;-27541.894488855258;5165;46.0;204.0;120.0;1072.0;4.0
2026-06-07;NI;3432;-6562.780279937075;3432;28.0;121.0;211.0;215.0;0.0
2026-06-07;PK;2105;-5702.605780347629;2105;24.0;38.0;26.0;152.0;0.0
2026-06-07;RS;2340;-6771.27679787737;2340;3.0;49.0;22.0;228.0;0.0
2026-06-07;TW;436;-324.66544260235963;436;0.0;13.0;1.0;6.0;0.0
2026-06-07;UP;1686;-6089.603314295614;1686;1.0;20.0;28.0;191.0;0.0
2026-06-07;US;15784;-32652.508976322017;15784;127.0;739.0;234.0;1134.0;3.0
2026-06-08;GM;1242;-2480.771165727306;1242;9.0;46.0;6.0;39.0;2.0
2026-06-08;IS;10278;-52772.57782607048;10278;55.0;331.0;134.0;2328.0;7.0
2026-06-08;NI;4145;-8465.808605602464;4145;58.0;159.0;232.0;230.0;2.0
2026-06-08;PK;1851;-6719.102960104132;1851;17.0;56.0;17.0;185.0;0.0
2026-06-08;RS;3387;-6703.29328897691;3387;6.0;88.0;38.0;313.0;4.0
2026-06-08;TW;455;-856.0819347621979;455;1.0;21.0;3.0;10.0;0.0
2026-06-08;UP;2210;-6803.054065759373;2210;12.0;36.0;38.0;255.0;10.0
2026-06-08;US;28236;-55149.04361291998;28236;161.0;1428.0;461.0;2016.0;4.0
2026-06-09;GM;1395;-1784.885785022574;1395;23.0;26.0;6.0;31.0;2.0
2026-06-09;IS;7696;-36345.924496055835;7696;47.0;315.0;190.0;1289.0;11.0
2026-06-09;NI;3674;-7780.364278202689;3674;38.0;106.0;222.0;176.0;1.0
2026-06-09;PK;2362;-7026.5155115539765;2362;42.0;73.0;40.0;225.0;0.0
2026-06-09;RS;2884;-6920.961552470741;2884;5.0;85.0;52.0;288.0;0.0
2026-06-09;TW;482;-698.2864236197414;482;2.0;29.0;3.0;8.0;0.0
2026-06-09;UP;2595;-7462.062115423464;2595;2.0;50.0;56.0;295.0;10.0
2026-06-09;US;34268;-70940.95223433588;34268;175.0;1952.0;507.0;2330.0;3.0
2026-06-10;GM;1653;-1010.077099509648;1653;15.0;33.0;7.0;56.0;1.0
2026-06-10;IS;6192;-26588.912716394778;6192;95.0;277.0;175.0;1040.0;60.0
2026-06-10;NI;3938;-9738.334773245357;3938;27.0;126.0;185.0;259.0;0.0
2026-06-10;PK;2530;-10486.76089113638;2530;32.0;80.0;40.0;346.0;0.0
2026-06-10;RS;2907;-8000.025372226146;2907;29.0;147.0;67.0;269.0;5.0
2026-06-10;TW;484;-619.815010303912;484;3.0;16.0;1.0;43.0;0.0
2026-06-10;UP;1909;-5262.331436395709;1909;26.0;55.0;48.0;270.0;7.0
2026-06-10;US;38339;-77499.90159504271;38339;158.0;2266.0;479.0;2624.0;2.0
2026-06-11;GM;1667;-1677.543332251816;1667;6.0;26.0;3.0;78.0;2.0
2026-06-11;IS;5145;-21289.689573864747;5145;56.0;249.0;111.0;622.0;50.0
2026-06-11;NI;3804;-6757.279063793795;3804;28.0;160.0;107.0;213.0;0.0
2026-06-11;PK;2065;-7395.251125755626;2065;30.0;57.0;36.0;223.0;0.0
2026-06-11;RS;2604;-7085.271499045663;2604;22.0;107.0;56.0;216.0;0.0
2026-06-11;TW;509;-12.924595138713368;509;0.0;3.0;1.0;22.0;0.0
2026-06-11;UP;1605;-3984.2245482870576;1605;6.0;29.0;31.0;172.0;0.0
2026-06-11;US;38037;-82899.15104731444;38037;244.0;2323.0;595.0;2634.0;3.0
2026-06-12;GM;1170;-1285.0669097476946;1170;1.0;38.0;21.0;66.0;2.0
2026-06-12;IS;4968;-18537.27807460019;4968;60.0;346.0;87.0;470.0;25.0
2026-06-12;NI;4056;-4952.396897441222;4056;61.0;138.0;108.0;157.0;0.0
2026-06-12;PK;1900;-4068.2177263413337;1900;26.0;53.0;14.0;180.0;0.0
2026-06-12;RS;2477;-6888.273150449718;2477;5.0;113.0;65.0;263.0;0.0
2026-06-12;TW;409;-319.1273075747044;409;1.0;15.0;5.0;14.0;0.0
2026-06-12;UP;1797;-5292.949909966983;1797;5.0;54.0;54.0;248.0;0.0
2026-06-12;US;35091;-72047.36952052003;35091;218.0;2039.0;556.0;2253.0;3.0
2026-06-13;GM;687;-902.4590745772376;687;6.0;31.0;14.0;52.0;0.0
2026-06-13;IS;3001;-11655.939342268948;3001;47.0;160.0;73.0;457.0;8.0
2026-06-13;NI;2878;-4780.2029461639795;2878;22.0;123.0;104.0;157.0;0.0
2026-06-13;PK;1734;-1807.704725352472;1734;5.0;25.0;12.0;114.0;0.0
2026-06-13;RS;1588;-4995.024998019172;1588;9.0;62.0;71.0;233.0;2.0
2026-06-13;TW;376;-36.114651800050126;376;4.0;11.0;6.0;7.0;0.0
2026-06-13;UP;1424;-3442.1932512828193;1424;6.0;28.0;66.0;185.0;2.0
2026-06-13;US;21463;-41927.629686234504;21463;122.0;1244.0;269.0;1428.0;2.0
2026-06-14;GM;565;-707.1715666997229;565;0.0;18.0;5.0;23.0;0.0
2026-06-14;IS;4527;-16269.743284845066;4527;79.0;161.0;90.0;606.0;6.0
2026-06-14;NI;2687;-8220.08459120771;2687;13.0;122.0;149.0;177.0;0.0
2026-06-14;PK;1712;-3855.732819739828;1712;26.0;54.0;10.0;163.0;0.0
2026-06-14;RS;1894;-6032.424562682027;1894;5.0;115.0;30.0;186.0;1.0
2026-06-14;TW;223;-202.37253093165128;223;1.0;7.0;3.0;6.0;0.0
2026-06-14;UP;1416;-3981.099857088934;1416;4.0;49.0;23.0;147.0;3.0
2026-06-14;US;14754;-21833.17134396397;14754;115.0;563.0;182.0;1069.0;0.0
2026-06-15;GM;1835;-1443.447514456773;1835;12.0;57.0;12.0;60.0;0.0
2026-06-15;IS;7340;-23472.619377236875;7340;124.0;412.0;151.0;751.0;10.0
2026-06-15;NI;4015;-9654.788385923925;4015;9.0;273.0;147.0;213.0;0.0
2026-06-15;PK;3032;-2012.726572698551;3032;32.0;51.0;12.0;221.0;0.0
2026-06-15;RS;4075;-14359.90970822952;4075;23.0;186.0;130.0;497.0;0.0
2026-06-15;TW;325;-140.81368558995996;325;2.0;11.0;2.0;6.0;0.0
2026-06-15;UP;3759;-14003.368338859513;3759;7.0;124.0;158.0;506.0;0.0
2026-06-15;US;30637;-46910.1366418238;30637;177.0;1518.0;399.0;1662.0;5.0
2026-06-16;GM;1692;-1390.7425739910086;1692;17.0;68.0;7.0;50.0;0.0
2026-06-16;IS;6446;-18652.96692387956;6446;54.0;214.0;84.0;570.0;9.0
2026-06-16;NI;4406;-8342.856000807109;4406;29.0;178.0;231.0;224.0;0.0
2026-06-16;PK;2292;-3059.7454175685357;2292;9.0;65.0;30.0;127.0;0.0
2026-06-16;RS;4495;-14798.07313803317;4495;41.0;158.0;75.0;598.0;0.0
2026-06-16;TW;384;11.748484539602195;384;2.0;9.0;0.0;19.0;0.0
2026-06-16;UP;3675;-9636.026382782631;3675;6.0;78.0;79.0;272.0;0.0
2026-06-16;US;35966;-60346.43709993448;35966;173.0;1825.0;480.0;1992.0;0.0
2026-06-17;GM;1784;315.0621580921758;1784;13.0;45.0;6.0;58.0;0.0
2026-06-17;IS;5689;-20047.45116759139;5689;80.0;252.0;145.0;555.0;18.0
2026-06-17;NI;3485;-7584.777077285529;3485;24.0;199.0;121.0;190.0;0.0
2026-06-17;PK;1914;-3560.9839917948357;1914;15.0;93.0;25.0;116.0;0.0
2026-06-17;RS;3896;-10114.346009208492;3896;23.0;147.0;64.0;511.0;2.0
2026-06-17;TW;483;-822.2758486795431;483;1.0;20.0;3.0;7.0;0.0
2026-06-17;UP;2663;-5530.893547027253;2663;8.0;60.0;47.0;232.0;0.0
2026-06-17;US;38878;-72663.13366439217;38878;202.0;2138.0;484.0;2440.0;2.0
2026-06-18;GM;1543;-1061.614502037665;1543;14.0;37.0;10.0;57.0;4.0
2026-06-18;IS;6615;-20834.151677276655;6615;39.0;172.0;130.0;662.0;27.0
2026-06-18;NI;3142;-5325.430967964052;3142;13.0;170.0;77.0;140.0;0.0
2026-06-18;PK;2631;-2880.411094067197;2631;21.0;88.0;28.0;122.0;0.0
2026-06-18;RS;4079;-11872.25803816604;4079;18.0;167.0;74.0;459.0;5.0
2026-06-18;TW;604;-188.53509766162276;604;2.0;6.0;0.0;13.0;0.0
2026-06-18;UP;2891;-9333.995021271992;2891;7.0;64.0;63.0;370.0;0.0
2026-06-18;US;38625;-61865.682077992155;38625;203.0;2109.0;498.0;2101.0;5.0
2026-06-19;GM;1563;-763.5171030386808;1563;6.0;27.0;5.0;51.0;0.0
2026-06-19;IS;6463;-25458.562032462127;6463;45.0;203.0;136.0;872.0;17.0
2026-06-19;NI;3058;-5172.428753434689;3058;4.0;227.0;82.0;154.0;0.0
2026-06-19;PK;2300;-3686.2401426202073;2300;32.0;80.0;20.0;133.0;0.0
2026-06-19;RS;3053;-7056.059428226798;3053;14.0;173.0;77.0;281.0;1.0
2026-06-19;TW;391;126.38537015552312;391;1.0;6.0;0.0;1.0;0.0
2026-06-19;UP;2253;-5263.199330449857;2253;11.0;69.0;63.0;245.0;1.0
2026-06-19;US;33158;-58877.24699206581;33158;137.0;1701.0;444.0;1939.0;1.0
2026-06-20;GM;785;-366.7677061901357;785;6.0;17.0;11.0;16.0;3.0
2026-06-20;IS;4253;-19060.855387261236;4253;18.0;126.0;95.0;736.0;3.0
2026-06-20;NI;2297;-4253.957519478846;2297;12.0;113.0;88.0;113.0;0.0
2026-06-20;PK;2097;-4670.951150478987;2097;15.0;69.0;31.0;82.0;0.0
2026-06-20;RS;1712;-4503.80961054551;1712;12.0;74.0;35.0;182.0;4.0
2026-06-20;TW;213;-322.73986221684083;213;2.0;2.0;5.0;13.0;2.0
2026-06-20;UP;1857;-5561.213430083345;1857;8.0;42.0;51.0;220.0;8.0
2026-06-20;US;19561;-27117.123817239255;19561;61.0;902.0;274.0;1206.0;0.0
2026-06-21;GM;664;-709.9032197360103;664;6.0;47.0;8.0;14.0;3.0
2026-06-21;IS;4740;-18739.70228683283;4740;28.0;121.0;95.0;720.0;11.0
2026-06-21;NI;2215;-2088.430839236595;2215;29.0;124.0;61.0;95.0;0.0
2026-06-21;PK;3636;-4812.018654461216;3636;5.0;72.0;18.0;49.0;0.0
2026-06-21;RS;1620;-4490.610533487836;1620;11.0;61.0;30.0;239.0;8.0
2026-06-21;TW;201;-132.14103509068858;201;0.0;9.0;0.0;9.0;0.0
2026-06-21;UP;1238;-4370.048461295307;1238;11.0;16.0;33.0;240.0;9.0
2026-06-21;US;15326;-23630.463443003693;15326;104.0;597.0;175.0;902.0;1.0
2026-06-22;GM;1441;-1763.2287157194494;1441;7.0;33.0;20.0;69.0;4.0
2026-06-22;IS;5641;-18660.213426089187;5641;30.0;152.0;84.0;549.0;7.0
2026-06-22;NI;3807;-8457.271004336608;3807;26.0;134.0;131.0;214.0;0.0
2026-06-22;PK;3051;-5209.210743694302;3051;42.0;121.0;38.0;105.0;0.0
2026-06-22;RS;2672;-10192.080152562825;2672;23.0;97.0;61.0;476.0;9.0
2026-06-22;TW;271;-61.02459311064037;271;1.0;12.0;0.0;10.0;0.0
2026-06-22;UP;2296;-8755.164972993158;2296;19.0;65.0;65.0;405.0;22.0
2026-06-22;US;28755;-51410.877908455754;28755;129.0;1469.0;424.0;1903.0;1.0
2026-06-23;GM;1179;-1324.5920225513755;1179;11.0;42.0;11.0;38.0;2.0
2026-06-23;IS;5781;-19303.328992052146;5781;37.0;185.0;100.0;578.0;19.0
2026-06-23;NI;4403;-10509.439531026825;4403;34.0;164.0;130.0;298.0;0.0
2026-06-23;PK;3084;-3886.9074330558647;3084;26.0;127.0;25.0;150.0;3.0
2026-06-23;RS;2259;-7206.297449859223;2259;19.0;73.0;43.0;308.0;4.0
2026-06-23;TW;317;-101.3629931517136;317;2.0;7.0;1.0;8.0;0.0
2026-06-23;UP;1952;-6716.261369668159;1952;6.0;58.0;43.0;276.0;6.0
2026-06-23;US;35742;-68032.2945602025;35742;176.0;2240.0;482.0;2093.0;7.0
2026-06-24;GM;1445;-1343.8184957010717;1445;13.0;41.0;5.0;47.0;0.0
2026-06-24;IS;5277;-18447.220492303077;5277;52.0;185.0;110.0;491.0;16.0
2026-06-24;NI;4310;-9912.7820724163;4310;30.0;300.0;94.0;195.0;0.0
2026-06-24;PK;2871;-3207.3062349529896;2871;12.0;138.0;26.0;154.0;0.0
2026-06-24;RS;2255;-7284.943826584498;2255;20.0;130.0;56.0;299.0;0.0
2026-06-24;TW;380;-492.18980075106856;380;1.0;12.0;4.0;17.0;0.0
2026-06-24;UP;1774;-4938.779460248059;1774;9.0;50.0;42.0;278.0;0.0
2026-06-24;US;40340;-75883.71057908301;40340;196.0;2496.0;493.0;2236.0;8.0
2026-06-25;GM;1404;-1222.3576381635698;1404;7.0;37.0;14.0;66.0;0.0
2026-06-25;IS;5008;-18414.508958396447;5008;52.0;163.0;138.0;655.0;4.0
2026-06-25;NI;4251;-6376.906091449599;4251;38.0;196.0;83.0;190.0;2.0
2026-06-25;PK;1785;-3427.5884732004833;1785;15.0;63.0;24.0;91.0;0.0
2026-06-25;RS;2410;-7520.116833443512;2410;15.0;133.0;49.0;287.0;0.0
2026-06-25;TW;727;-444.293474135121;727;1.0;21.0;2.0;26.0;0.0
2026-06-25;UP;1837;-4883.930581159314;1837;14.0;32.0;48.0;238.0;0.0
2026-06-25;US;39662;-78749.88709603029;39662;171.0;2334.0;625.0;2177.0;4.0
2026-06-26;GM;1369;-2741.862070612995;1369;8.0;73.0;20.0;77.0;3.0
2026-06-26;IS;4450;-14592.984745638629;4450;38.0;140.0;94.0;496.0;3.0
2026-06-26;NI;4295;-4259.481986182316;4295;27.0;167.0;65.0;191.0;0.0
2026-06-26;PK;998;-2073.734272286172;998;4.0;42.0;22.0;80.0;0.0
2026-06-26;RS;2480;-8350.16943818982;2480;11.0;116.0;58.0;288.0;0.0
2026-06-26;TW;422;-480.4910027892473;422;0.0;12.0;0.0;17.0;0.0
2026-06-26;UP;2116;-5899.823740072731;2116;17.0;60.0;40.0;281.0;4.0
2026-06-26;US;34558;-73804.46645074603;34558;164.0;2109.0;571.0;1942.0;9.0
2026-06-27;GM;700;-1472.1009096908826;700;4.0;50.0;13.0;42.0;0.0
2026-06-27;IS;3718;-11976.158994966012;3718;42.0;109.0;86.0;389.0;3.0
2026-06-27;NI;3116;-5583.892897566922;3116;5.0;145.0;78.0;155.0;0.0
2026-06-27;PK;1279;-2546.7965462677125;1279;5.0;70.0;31.0;138.0;0.0
2026-06-27;RS;1385;-5264.05939783516;1385;13.0;38.0;45.0;223.0;0.0
2026-06-27;TW;252;97.55767288722043;252;2.0;7.0;0.0;5.0;0.0
2026-06-27;UP;1194;-3902.723829560254;1194;3.0;17.0;57.0;232.0;5.0
2026-06-27;US;22420;-44214.40101773214;22420;126.0;1246.0;381.0;1300.0;6.0
2026-06-28;GM;660;-1380.1382194329412;660;4.0;24.0;9.0;30.0;0.0
2026-06-28;IS;3915;-16577.626935024487;3915;22.0;119.0;118.0;523.0;3.0
2026-06-28;NI;2969;-2994.482377916256;2969;5.0;140.0;72.0;122.0;0.0
2026-06-28;PK;1463;-7723.118234242235;1463;14.0;110.0;54.0;268.0;2.0
2026-06-28;RS;1337;-5391.293277354211;1337;19.0;76.0;40.0;259.0;0.0
2026-06-28;TW;216;-206.89294310458072;216;1.0;8.0;0.0;17.0;0.0
2026-06-28;UP;1084;-4595.340544226971;1084;5.0;31.0;42.0;266.0;0.0
2026-06-28;US;16288;-28312.290822292467;16288;94.0;706.0;200.0;1259.0;3.0
2026-06-29;GM;1254;-3194.2064623411475;1254;8.0;52.0;10.0;119.0;0.0
2026-06-29;IS;5147;-19532.4110239964;5147;45.0;182.0;123.0;602.0;17.0
2026-06-29;NI;4027;-4278.959887107831;4027;28.0;141.0;104.0;135.0;0.0
2026-06-29;PK;2818;-15974.79540111928;2818;46.0;119.0;102.0;506.0;0.0
2026-06-29;RS;2229;-7341.534129652227;2229;10.0;118.0;63.0;352.0;2.0
2026-06-29;TW;371;-306.60032492804623;371;2.0;19.0;2.0;10.0;0.0
2026-06-29;UP;1754;-5902.852247153823;1754;9.0;51.0;68.0;304.0;0.0
2026-06-29;US;30391;-52938.24148885508;30391;172.0;1478.0;503.0;1956.0;2.0
2026-06-30;GM;1343;-2457.9657224884977;1343;4.0;59.0;17.0;80.0;2.0
2026-06-30;IS;4580;-16061.92713697118;4580;35.0;171.0;105.0;446.0;18.0
2026-06-30;NI;4286;-6603.149153025673;4286;35.0;140.0;114.0;197.0;0.0
2026-06-30;PK;2047;-9462.727812482526;2047;38.0;122.0;54.0;202.0;0.0
2026-06-30;RS;2529;-7824.0028573300915;2529;4.0;113.0;53.0;285.0;1.0
2026-06-30;TW;310;-404.76926554421465;310;0.0;15.0;1.0;15.0;0.0
2026-06-30;UP;2097;-8198.507962886972;2097;3.0;51.0;88.0;290.0;11.0
2026-06-30;US;36097;-58716.48425973699;36097;155.0;2092.0;536.0;2187.0;2.0
2026-07-01;GM;1051;-1256.2281554040742;1051;7.0;44.0;17.0;51.0;1.0
2026-07-01;IS;4869;-15834.33888171598;4869;48.0;152.0;139.0;438.0;20.0
2026-07-01;NI;4250;-6688.136442931218;4250;33.0;182.0;90.0;152.0;0.0
2026-07-01;PK;2209;-8373.864024132039;2209;24.0;100.0;43.0;234.0;0.0
2026-07-01;RS;2433;-7049.029383753729;2433;10.0;103.0;35.0;336.0;0.0
2026-07-01;TW;384;-410.64966385798743;384;1.0;14.0;1.0;9.0;0.0
2026-07-01;UP;2209;-5670.581136795342;2209;7.0;52.0;50.0;375.0;7.0
2026-07-01;US;39815;-63773.65399816221;39815;146.0;2375.0;705.0;2348.0;16.0
2026-07-02;GM;1329;-2850.097903451442;1329;7.0;95.0;11.0;71.0;1.0
2026-07-02;IS;4686;-16024.761124322164;4686;67.0;163.0;120.0;426.0;21.0
2026-07-02;NI;3838;-5736.085399473403;3838;43.0;142.0;89.0;203.0;0.0
2026-07-02;PK;2071;-6696.309209697425;2071;39.0;112.0;28.0;129.0;0.0
2026-07-02;RS;3020;-14634.23121978687;3020;21.0;143.0;108.0;520.0;3.0
2026-07-02;TW;619;-869.9981058011494;619;4.0;36.0;1.0;4.0;0.0
2026-07-02;UP;2966;-14259.426987713086;2966;17.0;73.0;149.0;547.0;0.0
2026-07-02;US;37636;-64580.0200995004;37636;186.0;2195.0;472.0;2255.0;6.0
2026-07-03;GM;1283;-2618.726145606546;1283;8.0;65.0;7.0;53.0;2.0
2026-07-03;IS;3923;-13166.758640573857;3923;48.0;194.0;178.0;363.0;18.0
2026-07-03;NI;4151;-5454.319697664204;4151;33.0;141.0;79.0;230.0;0.0
2026-07-03;PK;2353;-7067.13038250755;2353;21.0;90.0;82.0;192.0;0.0
2026-07-03;RS;2965;-11966.9342089016;2965;5.0;119.0;98.0;462.0;0.0
2026-07-03;TW;443;-1105.9800430815158;443;2.0;12.0;0.0;7.0;0.0
2026-07-03;UP;2396;-10790.455076182572;2396;3.0;66.0;116.0;463.0;1.0
2026-07-03;US;30861;-46916.56149099362;30861;185.0;1584.0;485.0;1801.0;6.0
2026-07-04;GM;807;-1160.142966428628;807;30.0;36.0;7.0;58.0;0.0
2026-07-04;IS;2671;-7987.529650987204;2671;37.0;76.0;88.0;260.0;8.0
2026-07-04;NI;5448;-5884.074061594744;5448;23.0;153.0;165.0;270.0;1.0
2026-07-04;PK;1856;-2801.81722843116;1856;16.0;67.0;66.0;116.0;2.0
2026-07-04;RS;1998;-6609.748580937149;1998;17.0;78.0;56.0;439.0;1.0
2026-07-04;TW;202;-85.98814135796799;202;0.0;4.0;0.0;4.0;0.0
2026-07-04;UP;1624;-5120.46934258006;1624;10.0;42.0;62.0;333.0;2.0
2026-07-04;US;19410;-14493.102789412947;19410;97.0;802.0;252.0;1306.0;8.0
2026-07-05;GM;566;-1057.7993991450603;566;15.0;31.0;8.0;22.0;0.0
2026-07-05;IS;3171;-12035.603927897246;3171;41.0;135.0;123.0;379.0;13.0
2026-07-05;NI;3265;-4050.991433070398;3265;25.0;189.0;87.0;138.0;1.0
2026-07-05;PK;1382;-3639.129154318625;1382;20.0;79.0;38.0;57.0;0.0
2026-07-05;RS;2226;-5343.6280091564595;2226;12.0;74.0;58.0;263.0;0.0
2026-07-05;TW;185;-244.47456941831672;185;3.0;2.0;0.0;8.0;0.0
2026-07-05;UP;1715;-4708.230858678038;1715;4.0;26.0;39.0;263.0;2.0
2026-07-05;US;15959;-19657.86907198636;15959;95.0;646.0;249.0;1374.0;4.0
2026-07-06;GM;1098;-1111.9136024506993;1098;13.0;28.0;3.0;54.0;0.0
2026-07-06;IS;4783;-17732.09462914185;4783;34.0;171.0;159.0;498.0;19.0
2026-07-06;NI;4213;-7315.5758966860385;4213;44.0;190.0;91.0;223.0;0.0
2026-07-06;PK;1817;-4897.384471557666;1817;49.0;101.0;52.0;99.0;0.0
2026-07-06;RS;4099;-14489.340872791983;4099;29.0;128.0;64.0;622.0;0.0
2026-07-06;TW;398;-473.3605041980852;398;1.0;15.0;2.0;19.0;0.0
2026-07-06;UP;3491;-13257.880391181225;3491;11.0;60.0;63.0;678.0;4.0
2026-07-06;US;27953;-50957.903942433535;27953;137.0;1347.0;452.0;2082.0;4.0
2026-07-07;GM;1472;-1606.2654383786223;1472;9.0;51.0;12.0;45.0;0.0
2026-07-07;IS;4694;-15302.996436741354;4694;35.0;176.0;156.0;387.0;5.0
2026-07-07;NI;4534;-8697.781761796527;4534;29.0;198.0;130.0;192.0;0.0
2026-07-07;PK;1765;-7046.355668009617;1765;44.0;79.0;52.0;262.0;0.0
2026-07-07;RS;3672;-10316.42607126182;3672;14.0;94.0;64.0;475.0;0.0
2026-07-07;TW;523;-493.5028772633509;523;1.0;22.0;11.0;19.0;0.0
2026-07-07;UP;4146;-11522.806608950788;4146;18.0;79.0;97.0;614.0;1.0
2026-07-07;US;35037;-70174.3054013952;35037;172.0;1825.0;620.0;2230.0;2.0
2026-07-08;GM;1554;-2599.4070949075494;1554;12.0;85.0;30.0;65.0;0.0
2026-07-08;IS;4907;-16443.879717725016;4907;42.0;201.0;108.0;486.0;19.0
2026-07-08;NI;4189;-6031.349410266116;4189;30.0;117.0;106.0;182.0;0.0
2026-07-08;PK;2498;-9710.426270774846;2498;35.0;124.0;77.0;264.0;0.0
2026-07-08;RS;3397;-9765.14976062158;3397;12.0;130.0;87.0;431.0;0.0
2026-07-08;TW;486;-772.3841125071006;486;0.0;21.0;2.0;9.0;0.0
2026-07-08;UP;3850;-9158.50236183472;3850;12.0;86.0;86.0;475.0;2.0
2026-07-08;US;39380;-86486.46499724977;39380;175.0;2251.0;650.0;2718.0;1.0
2026-07-09;GM;1333;-1422.7006154954;1333;9.0;86.0;28.0;63.0;1.0
2026-07-09;IS;4797;-15651.971539220009;4797;60.0;172.0;112.0;425.0;12.0
2026-07-09;NI;4251;-8502.296496964958;4251;25.0;196.0;143.0;163.0;0.0
2026-07-09;PK;1772;-5643.13153166233;1772;22.0;63.0;29.0;187.0;0.0
2026-07-09;RS;2994;-9547.952223647108;2994;6.0;189.0;101.0;309.0;1.0
2026-07-09;TW;457;-834.3064542055694;457;0.0;21.0;5.0;6.0;0.0
2026-07-09;UP;2505;-6992.386305518411;2505;4.0;70.0;100.0;268.0;2.0
2026-07-09;US;39217;-82920.54953513412;39217;203.0;2244.0;643.0;2526.0;10.0
2026-07-10;GM;1113;-1703.658314992006;1113;18.0;39.0;13.0;43.0;5.0
2026-07-10;IS;4488;-14567.125949215828;4488;33.0;170.0;226.0;426.0;11.0
2026-07-10;NI;4131;-4960.17237527627;4131;26.0;141.0;182.0;172.0;2.0
2026-07-10;PK;1569;-4311.798135965613;1569;4.0;81.0;40.0;159.0;0.0
2026-07-10;RS;2712;-7813.436968769946;2712;9.0;112.0;63.0;337.0;0.0
2026-07-10;TW;331;-660.1102777585143;331;2.0;14.0;1.0;11.0;0.0
2026-07-10;UP;2118;-6897.882194337796;2118;9.0;44.0;58.0;322.0;2.0
2026-07-10;US;37399;-80507.30946162491;37399;187.0;2175.0;708.0;2484.0;5.0
2026-07-11;GM;829;-1383.7826768079597;829;8.0;25.0;13.0;41.0;0.0
2026-07-11;IS;3260;-11770.498945997904;3260;36.0;203.0;150.0;326.0;15.0
2026-07-11;NI;3522;-2010.982546755159;3522;22.0;107.0;235.0;121.0;4.0
2026-07-11;PK;1422;-3131.933676876856;1422;8.0;47.0;28.0;129.0;0.0
2026-07-11;RS;1894;-5528.7851107472125;1894;5.0;95.0;61.0;313.0;7.0
2026-07-11;TW;264;-470.2300710399496;264;2.0;5.0;0.0;1.0;0.0
2026-07-11;UP;1631;-5210.511765899799;1631;8.0;26.0;56.0;291.0;16.0
2026-07-11;US;23412;-47668.99494438368;23412;119.0;1230.0;433.0;1493.0;0.0
2026-07-12;GM;480;-596.1055129712425;480;7.0;12.0;14.0;27.0;0.0
2026-07-12;IS;4042;-12512.314305201293;4042;63.0;210.0;128.0;446.0;12.0
2026-07-12;NI;3386;-5292.394057753941;3386;30.0;171.0;145.0;108.0;0.0
2026-07-12;PK;1364;-4470.082269040304;1364;12.0;45.0;32.0;143.0;0.0
2026-07-12;RS;2047;-5650.146388400999;2047;14.0;54.0;50.0;244.0;0.0
2026-07-12;TW;185;-201.87685939425447;185;0.0;12.0;2.0;3.0;0.0
2026-07-12;UP;2632;-5370.405090363169;2632;17.0;49.0;43.0;232.0;0.0
2026-07-12;US;17855;-33129.283479888196;17855;121.0;694.0;292.0;1252.0;2.0
2026-07-13;GM;1362;-2429.6588223959;1362;16.0;52.0;13.0;52.0;0.0
2026-07-13;IS;5235;-14905.038400132546;5235;45.0;190.0;123.0;418.0;13.0
2026-07-13;NI;4894;-9978.343395586908;4894;42.0;218.0;185.0;290.0;0.0
2026-07-13;PK;2159;-6594.4931102429155;2159;39.0;75.0;38.0;192.0;0.0
2026-07-13;RS;3461;-9639.63982816324;3461;15.0;94.0;45.0;331.0;0.0
2026-07-13;TW;281;-156.78411753910197;281;0.0;0.0;0.0;7.0;0.0
2026-07-13;UP;3651;-8975.484016413971;3651;19.0;49.0;54.0;353.0;0.0
2026-07-13;US;32807;-66335.03484300082;32807;163.0;1678.0;540.0;2589.0;8.0
2026-07-14;GM;1215;-2039.3695906329483;1215;6.0;34.0;15.0;50.0;1.0
2026-07-14;IS;4550;-16555.916264267213;4550;51.0;213.0;90.0;450.0;8.0
2026-07-14;NI;4884;-7124.670771770136;4884;22.0;270.0;154.0;226.0;0.0
2026-07-14;PK;2258;-7896.8933635790945;2258;26.0;86.0;51.0;250.0;0.0
2026-07-14;RS;2921;-8751.154893198234;2921;21.0;84.0;72.0;317.0;5.0
2026-07-14;TW;294;67.06286385692162;294;0.0;17.0;0.0;5.0;0.0
2026-07-14;UP;3082;-7699.770864562126;3082;20.0;58.0;70.0;371.0;10.0
2026-07-14;US;39503;-82928.182445111;39503;226.0;2152.0;602.0;2671.0;6.0
2026-07-15;GM;1080;-1573.7177437248913;1080;11.0;34.0;5.0;57.0;0.0
2026-07-15;IS;5117;-17448.486903440404;5117;59.0;265.0;139.0;372.0;12.0
2026-07-15;NI;4888;-4522.378346311224;4888;22.0;251.0;214.0;174.0;0.0
2026-07-15;PK;1917;-5550.232500630004;1917;25.0;111.0;32.0;208.0;0.0
2026-07-15;RS;2891;-8179.476468326277;2891;8.0;116.0;46.0;300.0;1.0
2026-07-15;TW;441;-407.4677474063938;441;6.0;16.0;6.0;12.0;0.0
2026-07-15;UP;2594;-6010.99944535383;2594;14.0;37.0;55.0;362.0;1.0
2026-07-15;US;41676;-90057.41920856903;41676;263.0;2291.0;549.0;2819.0;8.0
2026-07-16;GM;1335;-996.6971477829564;1335;6.0;66.0;24.0;41.0;1.0
2026-07-16;IS;4725;-12174.449424688548;4725;48.0;169.0;138.0;402.0;18.0
2026-07-16;NI;4808;-6018.265263308654;4808;36.0;214.0;188.0;196.0;2.0
2026-07-16;PK;2090;-5755.204719837782;2090;16.0;86.0;45.0;190.0;0.0
2026-07-16;RS;3092;-7602.386504777973;3092;66.0;104.0;56.0;351.0;0.0
2026-07-16;TW;487;-636.3681015329608;487;2.0;38.0;1.0;10.0;0.0
2026-07-16;UP;3543;-8614.1824684126;3543;124.0;39.0;69.0;427.0;1.0
2026-07-16;US;40207;-83904.25928458566;40207;225.0;2427.0;580.0;2527.0;4.0
2026-07-17;GM;1091;-2108.805615828305;1091;15.0;50.0;14.0;62.0;0.0
2026-07-17;IS;3643;-13091.416357469148;3643;23.0;146.0;61.0;356.0;11.0
2026-07-17;NI;4143;-4067.6909755406464;4143;22.0;208.0;104.0;114.0;1.0
2026-07-17;PK;2381;-4605.635562855287;2381;14.0;92.0;54.0;182.0;0.0
2026-07-17;RS;2873;-7863.385485323392;2873;50.0;124.0;40.0;269.0;0.0
2026-07-17;TW;454;-509.6482155747708;454;4.0;20.0;1.0;14.0;0.0
2026-07-17;UP;2147;-6750.611578979117;2147;86.0;59.0;42.0;321.0;1.0
2026-07-17;US;37245;-81818.68118103006;37245;203.0;2106.0;571.0;2266.0;6.0
2026-07-18;GM;786;-861.7233545325474;786;2.0;48.0;10.0;41.0;0.0
2026-07-18;IS;2807;-12473.586501040989;2807;30.0;130.0;75.0;322.0;11.0
2026-07-18;NI;2836;-4595.044780219234;2836;10.0;164.0;96.0;130.0;2.0
2026-07-18;PK;1289;-2109.2963856249366;1289;13.0;55.0;19.0;70.0;0.0
2026-07-18;RS;1624;-6802.459355959468;1624;31.0;83.0;75.0;350.0;4.0
2026-07-18;TW;193;-209.77737331045608;193;6.0;6.0;1.0;6.0;0.0
2026-07-18;UP;1376;-6343.713010822204;1376;56.0;38.0;70.0;307.0;6.0
2026-07-18;US;21998;-48497.23860540741;21998;159.0;1272.0;391.0;1490.0;3.0
2026-07-19;GM;494;-899.3836314352279;494;2.0;37.0;7.0;20.0;0.0
2026-07-19;IS;3716;-16198.93932469388;3716;30.0;231.0;126.0;510.0;7.0
2026-07-19;NI;2947;-3842.951875329985;2947;8.0;173.0;91.0;130.0;0.0
2026-07-19;PK;1251;-2657.1818942543414;1251;9.0;27.0;37.0;85.0;0.0
2026-07-19;RS;1408;-5500.972048541403;1408;11.0;47.0;38.0;361.0;0.0
2026-07-19;TW;237;-392.8067861104994;237;0.0;3.0;0.0;6.0;0.0
2026-07-19;UP;1026;-4999.792583607999;1026;20.0;18.0;34.0;351.0;0.0
2026-07-19;US;16936;-42231.89890161909;16936;134.0;827.0;289.0;1321.0;4.0
2026-07-20;GM;783;-1350.9059550177622;783;5.0;36.0;14.0;27.0;0.0
2026-07-20;IS;4423;-19079.238117545112;4423;54.0;262.0;135.0;548.0;13.0
2026-07-20;NI;3854;-7818.487588915136;3854;31.0;270.0;93.0;122.0;0.0
2026-07-20;PK;1759;-2714.106897013113;1759;13.0;63.0;16.0;95.0;0.0
2026-07-20;RS;2688;-7532.528156117572;2688;38.0;91.0;97.0;461.0;0.0
2026-07-20;TW;353;-455.2975501167207;353;7.0;7.0;0.0;7.0;0.0
2026-07-20;UP;1987;-7346.5744100507;1987;47.0;54.0;71.0;459.0;0.0
2026-07-20;US;29648;-68914.27302268619;29648;159.0;1781.0;510.0;2396.0;1.0
2026-07-21;GM;1096;-979.0694829661642;1096;4.0;44.0;9.0;43.0;0.0
2026-07-21;IS;5035;-19163.7594530656;5035;66.0;231.0;115.0;476.0;5.0
2026-07-21;NI;3982;-3854.49849647872;3982;18.0;185.0;85.0;125.0;1.0
2026-07-21;PK;2066;-4922.29138108385;2066;9.0;43.0;27.0;118.0;0.0
2026-07-21;RS;3226;-8106.23769744525;3226;64.0;103.0;44.0;347.0;0.0
2026-07-21;TW;320;-274.8278643555914;320;8.0;14.0;0.0;9.0;0.0
2026-07-21;UP;2477;-7936.774848439246;2477;70.0;64.0;56.0;340.0;0.0
2026-07-21;US;36815;-82136.65159734063;36815;189.0;2129.0;503.0;2500.0;1.0
2026-07-22;GM;1419;-1875.166861213282;1419;15.0;48.0;12.0;78.0;0.0
2026-07-22;IS;5485;-20873.968992607864;5485;54.0;366.0;119.0;531.0;12.0
2026-07-22;NI;4149;-3812.0111092302154;4149;32.0;160.0;74.0;178.0;0.0
2026-07-22;PK;1948;-4457.062437614511;1948;9.0;58.0;30.0;170.0;0.0
2026-07-22;RS;3102;-9284.332701401909;3102;64.0;83.0;55.0;433.0;1.0
2026-07-22;TW;374;-432.79671439640254;374;9.0;17.0;1.0;22.0;0.0
2026-07-22;UP;2764;-8418.279642839143;2764;82.0;49.0;67.0;428.0;0.0
2026-07-22;US;42254;-94511.86493935958;42254;207.0;2343.0;503.0;2949.0;4.0
2026-07-23;GM;994;-1485.213694514206;994;7.0;40.0;10.0;52.0;0.0
2026-07-23;IS;5215;-15654.031628666047;5215;47.0;230.0;111.0;553.0;18.0
2026-07-23;NI;4564;-4659.463689328158;4564;15.0;207.0;91.0;162.0;0.0
2026-07-23;PK;1591;-4330.320076254027;1591;11.0;66.0;31.0;123.0;0.0
2026-07-23;RS;3126;-9776.717934902694;3126;19.0;77.0;37.0;385.0;0.0
2026-07-23;TW;471;-641.7718531959706;471;0.0;43.0;0.0;17.0;0.0
2026-07-23;UP;2521;-7269.775649469544;2521;25.0;21.0;36.0;358.0;0.0
2026-07-23;US;40226;-89449.41395800306;40226;202.0;2350.0;553.0;2824.0;8.0
2026-07-24;GM;1241;-2328.752823070696;1241;7.0;34.0;10.0;74.0;1.0
2026-07-24;IS;5332;-24464.41370560402;5332;31.0;277.0;162.0;819.0;6.0
2026-07-24;NI;4677;-4785.420762850791;4677;45.0;205.0;83.0;184.0;2.0
2026-07-24;PK;1886;-6010.138075085799;1886;22.0;65.0;66.0;178.0;0.0
2026-07-24;RS;3273;-11065.451393334715;3273;25.0;99.0;55.0;553.0;3.0
2026-07-24;TW;473;-579.7980274469787;473;3.0;8.0;8.0;6.0;0.0
2026-07-24;UP;3097;-10098.087133158542;3097;22.0;47.0;51.0;558.0;3.0
2026-07-24;US;39743;-89174.2265710943;39743;221.0;2206.0;562.0;2712.0;1.0
2026-07-25;GM;561;-850.4430425405474;561;5.0;42.0;7.0;45.0;0.0
2026-07-25;IS;3441;-17029.59082577338;3441;11.0;222.0;127.0;604.0;4.0
2026-07-25;NI;3462;-1087.2217988001248;3462;22.0;117.0;65.0;130.0;1.0
2026-07-25;PK;1424;-3813.5627625078;1424;11.0;42.0;43.0;133.0;0.0
2026-07-25;RS;2293;-8449.709824720983;2293;11.0;64.0;63.0;362.0;4.0
2026-07-25;TW;252;-475.9362149370542;252;3.0;10.0;0.0;6.0;0.0
2026-07-25;UP;2071;-7497.332596690334;2071;14.0;35.0;58.0;410.0;3.0
2026-07-25;US;22501;-46808.5823648333;22501;131.0;1214.0;296.0;1599.0;5.0
2026-07-26;GM;1414;-5325.730606107033;1414;16.0;91.0;44.0;119.0;0.0
2026-07-26;IS;4306;-19146.972710239737;4306;45.0;183.0;199.0;653.0;2.0
2026-07-26;NI;3094;-2970.3889943098625;3094;13.0;158.0;86.0;106.0;0.0
2026-07-26;PK;1240;-3520.270601023626;1240;20.0;44.0;24.0;100.0;1.0
2026-07-26;RS;2205;-8797.055641527091;2205;32.0;46.0;43.0;381.0;2.0
2026-07-26;TW;137;-122.85164136383452;137;1.0;8.0;1.0;5.0;0.0
2026-07-26;UP;2143;-9551.420208069772;2143;30.0;20.0;53.0;438.0;2.0
2026-07-26;US;16843;-33602.70230647055;16843;70.0;743.0;237.0;1220.0;2.0
2026-07-27;GM;1276;-4573.161386752001;1276;2.0;62.0;27.0;135.0;0.0
2026-07-27;IS;5436;-21640.872479970443;5436;47.0;277.0;130.0;571.0;16.0
2026-07-27;NI;4200;-6717.136383869281;4200;19.0;149.0;161.0;223.0;0.0
2026-07-27;PK;1833;-4703.43774915962;1833;25.0;58.0;25.0;145.0;0.0
2026-07-27;RS;3006;-11128.60811617573;3006;20.0;96.0;63.0;481.0;1.0
2026-07-27;TW;228;-83.02199515704704;228;1.0;8.0;3.0;7.0;0.0
2026-07-27;UP;3464;-11120.221756291578;3464;22.0;60.0;43.0;498.0;7.0
2026-07-27;US;31896;-69777.34288810194;31896;159.0;1653.0;412.0;2139.0;6.0
2026-07-28;GM;1181;-2128.484848977126;1181;5.0;52.0;8.0;85.0;0.0
2026-07-28;IS;7045;-20213.53712736949;7045;45.0;274.0;110.0;522.0;18.0
2026-07-28;NI;4600;-11312.393999712176;4600;32.0;165.0;150.0;353.0;2.0
2026-07-28;PK;1844;-5372.34842270181;1844;47.0;73.0;25.0;177.0;0.0
2026-07-28;RS;3631;-10099.7492498642;3631;15.0;113.0;54.0;377.0;1.0
2026-07-28;TW;370;-814.505761634057;370;3.0;7.0;3.0;8.0;0.0
2026-07-28;UP;4989;-10665.744150143368;4989;19.0;78.0;62.0;405.0;1.0
2026-07-28;US;40782;-80709.28881982127;40782;178.0;2173.0;530.0;2441.0;5.0
2026-07-29;GM;1134;-2140.3144735835795;1134;5.0;42.0;12.0;64.0;0.0
2026-07-29;IS;5736;-18547.734860911423;5736;35.0;188.0;113.0;536.0;6.0
2026-07-29;NI;4366;-7272.68456017372;4366;35.0;223.0;140.0;265.0;6.0
2026-07-29;PK;1936;-6997.909608639369;1936;44.0;101.0;47.0;235.0;0.0
2026-07-29;RS;4040;-14227.598958731667;4040;31.0;144.0;69.0;435.0;0.0
2026-07-29;TW;430;-646.3947086433402;430;6.0;19.0;4.0;2.0;0.0
2026-07-29;UP;3914;-10692.196858780137;3914;29.0;63.0;71.0;415.0;0.0
2026-07-29;US;40725;-88330.72334472291;40725;195.0;2401.0;606.0;2553.0;2.0
2026-07-30;GM;939;-1968.514866919476;939;11.0;42.0;7.0;60.0;0.0
2026-07-30;IS;4928;-17695.369138941434;4928;47.0;300.0;135.0;543.0;21.0
2026-07-30;NI;4779;-4932.400085728388;4779;25.0;201.0;127.0;204.0;0.0
2026-07-30;PK;2111;-7919.969602796234;2111;18.0;69.0;53.0;290.0;1.0
2026-07-30;RS;3200;-12786.154715392677;3200;16.0;137.0;111.0;628.0;0.0
2026-07-30;TW;324;-261.7816596112575;324;1.0;13.0;0.0;24.0;0.0
2026-07-30;UP;3205;-12683.93846717291;3205;25.0;75.0;88.0;666.0;1.0
2026-07-30;US;40248;-92127.5178230654;40248;168.0;2526.0;616.0;2714.0;10.0
2026-07-31;GM;948;-1444.3642435216657;948;11.0;44.0;6.0;116.0;6.0
2026-07-31;IS;5763;-15404.761740328764;5763;52.0;232.0;85.0;401.0;19.0
2026-07-31;NI;4904;-5054.925087692194;4904;30.0;255.0;124.0;220.0;0.0
2026-07-31;PK;2483;-6947.419647440971;2483;20.0;86.0;34.0;232.0;0.0
2026-07-31;RS;2495;-8527.050694475567;2495;16.0;119.0;73.0;407.0;0.0
2026-07-31;TW;340;-436.4674616100338;340;3.0;21.0;4.0;19.0;0.0
2026-07-31;UP;2140;-6706.872342327809;2140;25.0;61.0;62.0;365.0;0.0
2026-07-31;US;36716;-79741.08269852573;36716;126.0;2249.0;452.0;2326.0;2.0
2026-08-01;GM;680;-1325.2030377360495;680;8.0;38.0;5.0;69.0;0.0
2026-08-01;IS;3918;-14229.686777859675;3918;36.0;191.0;87.0;492.0;5.0
2026-08-01;NI;3366;-2867.248620607284;3366;7.0;152.0;114.0;135.0;2.0
2026-08-01;PK;1803;-4734.776259462548;1803;26.0;78.0;26.0;191.0;2.0
2026-08-01;RS;1996;-8596.615853871777;1996;4.0;124.0;67.0;453.0;0.0
2026-08-01;TW;217;-140.11956897600746;217;2.0;6.0;0.0;3.0;0.0
2026-08-01;UP;1954;-7687.420267268591;1954;2.0;58.0;67.0;399.0;2.0
2026-08-01;US;23182;-50669.07482382447;23182;67.0;1162.0;339.0;1678.0;0.0
2026-08-02;GM;548;-478.4808434257076;548;11.0;14.0;5.0;38.0;6.0
2026-08-02;IS;3749;-13631.576353426344;3749;30.0;166.0;86.0;416.0;8.0
2026-08-02;NI;3186;-2083.0047282664736;3186;6.0;86.0;116.0;191.0;0.0
2026-08-02;PK;1952;-8025.268950374212;1952;37.0;51.0;79.0;170.0;0.0
2026-08-02;RS;1455;-6791.167432651521;1455;6.0;65.0;72.0;360.0;0.0
2026-08-02;TW;233;-214.56386305332404;233;2.0;5.0;0.0;4.0;0.0
2026-08-02;UP;1302;-5969.761500153742;1302;1.0;41.0;53.0;358.0;0.0
2026-08-02;US;17060;-36979.1172739545;17060;103.0;794.0;261.0;1389.0;7.0
2026-08-03;GM;652;-725.6007688525075;652;5.0;29.0;1.0;35.0;0.0
2026-08-03;IS;4171;-15678.223233441371;4171;34.0;207.0;121.0;475.0;5.0
2026-08-03;NI;4425;-7275.136658315724;4425;24.0;146.0;180.0;294.0;3.0
2026-08-03;PK;2177;-8949.081542309033;2177;57.0;98.0;71.0;229.0;0.0
2026-08-03;RS;2498;-10493.647404098165;2498;12.0;97.0;111.0;521.0;0.0
2026-08-03;TW;267;-267.055794515853;267;0.0;13.0;0.0;6.0;0.0
2026-08-03;UP;1940;-7716.967016145086;1940;5.0;39.0;89.0;458.0;0.0
2026-08-03;US;29365;-60200.41227057157;29365;139.0;1654.0;406.0;2090.0;6.0
2026-08-04;GM;838;-914.7047610813478;838;6.0;32.0;5.0;51.0;0.0
2026-08-04;IS;4801;-17594.822463666642;4801;63.0;250.0;108.0;489.0;21.0
2026-08-04;NI;4416;-3700.353150003932;4416;20.0;186.0;112.0;233.0;0.0
2026-08-04;PK;1943;-4866.388182623767;1943;22.0;79.0;46.0;96.0;0.0
2026-08-04;RS;2819;-11202.951937444788;2819;10.0;132.0;106.0;540.0;2.0
2026-08-04;TW;420;-44.202961558305475;420;1.0;9.0;0.0;15.0;0.0
2026-08-04;UP;1992;-7982.526502228993;1992;7.0;52.0;70.0;513.0;1.0
2026-08-04;US;35890;-82092.75485739001;35890;198.0;2347.0;526.0;2446.0;3.0
2026-08-05;GM;981;-1926.7957582410004;981;9.0;44.0;11.0;50.0;0.0
2026-08-05;IS;5272;-16730.10119207149;5272;31.0;207.0;126.0;455.0;9.0
2026-08-05;NI;4241;-4702.469908706183;4241;27.0;153.0;118.0;187.0;0.0
2026-08-05;PK;1940;-4313.326896801725;1940;26.0;96.0;38.0;118.0;0.0
2026-08-05;RS;2751;-11923.066079844592;2751;10.0;108.0;115.0;567.0;2.0
2026-08-05;TW;395;-436.025786781054;395;4.0;16.0;3.0;14.0;0.0
2026-08-05;UP;2246;-10580.359790481143;2246;11.0;50.0;104.0;592.0;3.0
2026-08-05;US;38554;-73230.33532283621;38554;184.0;2119.0;439.0;2376.0;0.0
2026-08-06;GM;1226;-3072.8721884007964;1226;7.0;61.0;9.0;73.0;0.0
2026-08-06;IS;5392;-20079.76439928195;5392;39.0;306.0;158.0;650.0;9.0
2026-08-06;NI;4571;-3569.781766562902;4571;72.0;136.0;178.0;158.0;1.0
2026-08-06;PK;2344;-4031.289889145758;2344;48.0;95.0;28.0;127.0;0.0
2026-08-06;RS;2827;-10639.16275769494;2827;2.0;117.0;60.0;471.0;0.0
2026-08-06;TW;371;-242.387849073223;371;2.0;7.0;1.0;11.0;0.0
2026-08-06;UP;2304;-7870.602915386056;2304;5.0;27.0;58.0;429.0;3.0
2026-08-06;US;37715;-76185.54950352616;37715;181.0;2173.0;461.0;2269.0;4.0
2026-08-07;GM;1098;-2962.4294153424744;1098;4.0;66.0;16.0;60.0;0.0
2026-08-07;IS;3726;-12702.741426013346;3726;36.0;140.0;113.0;419.0;16.0
2026-08-07;NI;3970;-1147.8167820960784;3970;33.0;143.0;105.0;130.0;0.0
2026-08-07;PK;3572;-2881.757136466601;3572;23.0;46.0;20.0;116.0;0.0
2026-08-07;RS;2365;-7934.059768100838;2365;8.0;82.0;49.0;326.0;2.0
2026-08-07;TW;525;-344.6193644098383;525;1.0;12.0;0.0;33.0;0.0
2026-08-07;UP;1971;-5479.472971078482;1971;5.0;55.0;30.0;351.0;2.0
2026-08-07;US;34678;-69034.89523265169;34678;168.0;1974.0;496.0;1785.0;4.0
2026-08-08;GM;683;-1403.6548704249435;683;9.0;27.0;12.0;36.0;0.0
2026-08-08;IS;2183;-7586.583003731295;2183;18.0;58.0;77.0;297.0;5.0
2026-08-08;NI;3152;-2882.373873440334;3152;17.0;157.0;74.0;123.0;0.0
2026-08-08;PK;2362;-2737.0274890093315;2362;13.0;89.0;23.0;136.0;0.0
2026-08-08;RS;2314;-8741.083583658805;2314;2.0;75.0;58.0;322.0;0.0
2026-08-08;TW;248;-386.9212257365319;248;0.0;7.0;1.0;17.0;0.0
2026-08-08;UP;1942;-6390.037833511045;1942;2.0;41.0;63.0;340.0;0.0
2026-08-08;US;20739;-39203.03008942891;20739;93.0;1061.0;319.0;1377.0;0.0
2026-08-09;GM;576;-2060.6692367393593;576;9.0;36.0;16.0;57.0;0.0
2026-08-09;IS;3084;-11118.230448945123;3084;22.0;75.0;81.0;356.0;12.0
2026-08-09;NI;3062;-5434.781812494219;3062;17.0;155.0;102.0;186.0;0.0
2026-08-09;PK;2050;-3226.2058263845192;2050;23.0;65.0;24.0;149.0;0.0
2026-08-09;RS;1914;-6436.611064351126;1914;9.0;73.0;53.0;329.0;2.0
2026-08-09;TW;272;-515.4460012713349;272;2.0;11.0;3.0;11.0;0.0
2026-08-09;UP;1465;-5847.38244536949;1465;4.0;42.0;46.0;361.0;0.0
2026-08-09;US;14693;-28686.31953526248;14693;71.0;667.0;211.0;959.0;0.0
2026-08-10;GM;1082;-2959.0186560312764;1082;11.0;82.0;11.0;71.0;0.0
2026-08-10;IS;4204;-13285.0622546118;4204;17.0;141.0;80.0;422.0;5.0
2026-08-10;NI;4376;-6534.509441572089;4376;21.0;167.0;128.0;267.0;0.0
2026-08-10;PK;2409;-4264.955695469453;2409;36.0;79.0;22.0;145.0;0.0
2026-08-10;RS;2508;-9217.26519046406;2508;14.0;115.0;49.0;446.0;0.0
2026-08-10;TW;415;-562.9001564107688;415;2.0;22.0;17.0;41.0;0.0
2026-08-10;UP;2017;-7813.142083043035;2017;22.0;53.0;64.0;456.0;5.0
2026-08-10;US;28851;-59958.90268599642;28851;120.0;1714.0;334.0;1855.0;4.0
2026-08-11;GM;1021;-2305.195182817519;1021;2.0;51.0;8.0;63.0;0.0
2026-08-11;IS;4269;-13305.389212869532;4269;41.0;212.0;87.0;419.0;9.0
2026-08-11;NI;5049;-7430.652352149669;5049;33.0;179.0;130.0;323.0;0.0
2026-08-11;PK;2628;-4350.722320488908;2628;32.0;70.0;29.0;223.0;0.0
2026-08-11;RS;4121;-19207.144316841153;4121;22.0;339.0;181.0;537.0;0.0
2026-08-11;TW;415;-420.6520639006393;415;2.0;13.0;2.0;9.0;0.0
2026-08-11;UP;2267;-9552.499252918573;2267;11.0;77.0;135.0;458.0;0.0
2026-08-11;US;37383;-81580.66466157287;37383;178.0;2247.0;565.0;2209.0;1.0
2026-08-12;GM;914;-1167.9943941832032;914;5.0;38.0;2.0;41.0;3.0
2026-08-12;IS;4294;-13816.109118859673;4294;36.0;239.0;90.0;411.0;11.0
2026-08-12;NI;4304;-7599.653025274191;4304;32.0;167.0;64.0;221.0;0.0
2026-08-12;PK;3001;-6763.437921901883;3001;28.0;80.0;60.0;293.0;0.0
2026-08-12;RS;3893;-15187.730065009284;3893;28.0;257.0;83.0;530.0;0.0
2026-08-12;TW;576;-476.03217816691085;576;1.0;26.0;6.0;14.0;0.0
2026-08-12;UP;2085;-8738.632144537776;2085;9.0;85.0;53.0;475.0;2.0
2026-08-12;US;38220;-76177.55052398867;38220;147.0;2151.0;501.0;2527.0;1.0
2026-08-13;GM;1027;-1553.4073185224308;1027;1.0;37.0;9.0;47.0;0.0
2026-08-13;IS;4851;-18421.40631061373;4851;37.0;256.0;91.0;449.0;37.0
2026-08-13;NI;4133;-4468.732863134187;4133;33.0;170.0;64.0;154.0;0.0
2026-08-13;PK;2367;-3053.3575085422476;2367;11.0;52.0;34.0;194.0;3.0
2026-08-13;RS;3564;-12733.217464391566;3564;29.0;135.0;79.0;440.0;3.0
2026-08-13;TW;527;-1149.572643443854;527;2.0;12.0;11.0;38.0;0.0
2026-08-13;UP;1928;-7503.761528915592;1928;8.0;49.0;68.0;350.0;1.0
2026-08-13;US;38013;-86967.5530422994;38013;143.0;2201.0;604.0;2437.0;7.0
2026-08-14;GM;1149;-1458.4863083918367;1149;1.0;34.0;2.0;88.0;0.0
2026-08-14;IS;4184;-15581.233445321424;4184;33.0;138.0;118.0;430.0;10.0
2026-08-14;NI;4172;-3439.88888211977;4172;19.0;182.0;77.0;180.0;0.0
2026-08-14;PK;2570;-1774.7050539383338;2570;24.0;63.0;39.0;158.0;0.0
2026-08-14;RS;3115;-11692.974165109512;3115;20.0;125.0;55.0;492.0;3.0
2026-08-14;TW;457;-578.336911058471;457;1.0;8.0;7.0;17.0;0.0
2026-08-14;UP;1893;-7681.049873704995;1893;11.0;43.0;53.0;353.0;1.0
2026-08-14;US;36488;-87442.0060274249;36488;153.0;2276.0;548.0;2271.0;2.0
2026-08-15;GM;608;-985.2475704147702;608;3.0;17.0;9.0;53.0;0.0
2026-08-15;IS;3055;-13348.529018940542;3055;24.0;95.0;97.0;511.0;5.0
2026-08-15;NI;3421;-5518.287423826063;3421;18.0;213.0;74.0;182.0;0.0
2026-08-15;PK;2009;-4003.3207470702578;2009;37.0;78.0;35.0;142.0;0.0
2026-08-15;RS;1674;-5987.858760917076;1674;3.0;59.0;30.0;293.0;0.0
2026-08-15;TW;279;-381.39044060917143;279;2.0;1.0;2.0;13.0;0.0
2026-08-15;UP;1076;-3936.9206733008327;1076;1.0;43.0;28.0;239.0;1.0
2026-08-15;US;21274;-49315.08748678495;21274;78.0;1135.0;338.0;1488.0;0.0
2026-08-16;GM;631;-951.3056342858454;631;4.0;36.0;7.0;61.0;0.0
2026-08-16;IS;4567;-16357.136012871277;4567;7.0;117.0;102.0;556.0;8.0
2026-08-16;NI;3117;-1045.251272250976;3117;29.0;145.0;39.0;145.0;0.0
2026-08-16;PK;1280;-3011.829867613495;1280;4.0;45.0;25.0;119.0;0.0
2026-08-16;RS;1994;-8469.260736263283;1994;6.0;54.0;76.0;551.0;0.0
2026-08-16;TW;143;-134.6425484990533;143;6.0;6.0;0.0;2.0;0.0
2026-08-16;UP;1350;-6486.768721703974;1350;0.0;31.0;59.0;510.0;0.0
2026-08-16;US;15665;-32608.72397127933;15665;81.0;799.0;206.0;1119.0;0.0
2026-08-17;GM;930;-1557.278306191109;930;0.0;39.0;6.0;74.0;1.0
2026-08-17;IS;5647;-18005.865897028987;5647;25.0;164.0;121.0;471.0;24.0
2026-08-17;NI;3797;-2853.752761362144;3797;42.0;93.0;58.0;182.0;0.0
2026-08-17;PK;2207;-5002.287520292346;2207;9.0;82.0;41.0;109.0;0.0
2026-08-17;RS;3223;-12989.10935259774;3223;15.0;148.0;60.0;598.0;3.0
2026-08-17;TW;335;-392.8299881876523;335;1.0;7.0;5.0;18.0;0.0
2026-08-17;UP;2149;-8761.769016830376;2149;6.0;83.0;66.0;497.0;2.0
2026-08-17;US;31525;-63841.50455520808;31525;124.0;1578.0;511.0;1936.0;4.0
2026-08-18;GM;906;-1761.646804403032;906;5.0;52.0;10.0;36.0;0.0
2026-08-18;IS;5798;-20947.432418245975;5798;44.0;184.0;144.0;647.0;23.0
2026-08-18;NI;4421;-3844.5299264933687;4421;42.0;161.0;92.0;219.0;0.0
2026-08-18;PK;2227;-5211.614223247997;2227;15.0;127.0;24.0;143.0;0.0
2026-08-18;RS;3415;-12473.176175189496;3415;52.0;171.0;68.0;442.0;0.0
2026-08-18;TW;332;-227.60671260991296;332;1.0;10.0;4.0;6.0;0.0
2026-08-18;UP;2119;-9860.801170542463;2119;10.0;76.0;80.0;436.0;0.0
2026-08-18;US;38197;-85562.2619553572;38197;201.0;2146.0;479.0;2279.0;1.0
2026-08-19;GM;1182;-3098.6400597288016;1182;7.0;111.0;14.0;42.0;0.0
2026-08-19;IS;6093;-23548.45291332282;6093;31.0;246.0;126.0;627.0;11.0
2026-08-19;NI;4511;-4145.358936142936;4511;52.0;177.0;109.0;203.0;0.0
2026-08-19;PK;2303;-3359.9352046136846;2303;15.0;102.0;15.0;137.0;0.0
2026-08-19;RS;3053;-12444.94031541973;3053;26.0;172.0;62.0;347.0;0.0
2026-08-19;TW;580;-97.94102158654512;580;6.0;12.0;1.0;16.0;0.0
2026-08-19;UP;2506;-11321.396833702864;2506;33.0;151.0;58.0;280.0;1.0
2026-08-19;US;39677;-83505.42975388984;39677;224.0;2488.0;552.0;2188.0;3.0
2026-08-20;GM;1145;-2521.7525118935055;1145;0.0;47.0;22.0;30.0;1.0
2026-08-20;IS;6656;-24088.45087044568;6656;44.0;256.0;147.0;591.0;12.0
2026-08-20;NI;4818;-4967.934597667796;4818;39.0;167.0;85.0;167.0;2.0
2026-08-20;PK;2436;-1571.1052923198072;2436;30.0;64.0;22.0;83.0;0.0
2026-08-20;RS;2739;-11653.073561854197;2739;24.0;162.0;72.0;448.0;0.0
2026-08-20;TW;425;-411.8873535121143;425;2.0;11.0;1.0;11.0;0.0
2026-08-20;UP;2203;-9874.498792443732;2203;22.0;95.0;71.0;415.0;0.0
2026-08-20;US;39014;-83588.55240213835;39014;166.0;2325.0;618.0;2218.0;1.0
2026-08-21;GM;1146;-2785.8302510444746;1146;6.0;80.0;24.0;36.0;0.0
2026-08-21;IS;5664;-26371.335751091785;5664;30.0;256.0;157.0;612.0;13.0
2026-08-21;NI;4449;-3497.664677508572;4449;17.0;129.0;111.0;155.0;3.0
2026-08-21;PK;2375;-3218.6835740143133;2375;17.0;92.0;26.0;167.0;0.0
2026-08-21;RS;2885;-10443.218404112482;2885;6.0;190.0;93.0;315.0;1.0
2026-08-21;TW;408;-516.2928240580487;408;2.0;11.0;0.0;10.0;0.0
2026-08-21;UP;1847;-8055.378041972163;1847;10.0;86.0;83.0;279.0;0.0
2026-08-21;US;35389;-73832.209736916;35389;162.0;2123.0;562.0;1908.0;3.0
2026-08-22;GM;844;-1843.350236773902;844;7.0;20.0;9.0;58.0;0.0
2026-08-22;IS;3559;-16051.84362779862;3559;26.0;141.0;98.0;507.0;13.0
2026-08-22;NI;3097;-4810.612446434789;3097;12.0;91.0;138.0;205.0;2.0
2026-08-22;PK;1370;-3774.2816802394664;1370;6.0;71.0;24.0;89.0;0.0
2026-08-22;RS;2139;-8949.553261760104;2139;12.0;97.0;88.0;401.0;0.0
2026-08-22;TW;197;-184.2728309466704;197;0.0;2.0;0.0;2.0;0.0
2026-08-22;UP;1761;-8569.39771761954;1761;5.0;56.0;74.0;395.0;0.0
2026-08-22;US;21376;-44921.08053095798;21376;91.0;1162.0;281.0;1196.0;0.0
2026-08-23;GM;702;-1249.49853094617;702;6.0;23.0;8.0;46.0;0.0
2026-08-23;IS;3695;-15950.62315146438;3695;27.0;160.0;146.0;555.0;17.0
2026-08-23;NI;3066;-4915.7977336976455;3066;11.0;147.0;99.0;214.0;0.0
2026-08-23;PK;1819;-4022.858324176557;1819;9.0;62.0;17.0;116.0;0.0
2026-08-23;RS;1987;-6737.892924888334;1987;17.0;40.0;41.0;307.0;0.0
2026-08-23;TW;246;-512.1554150252058;246;0.0;10.0;4.0;27.0;0.0
2026-08-23;UP;1770;-5319.626117844768;1770;23.0;29.0;34.0;242.0;0.0
2026-08-23;US;15236;-31273.26797350068;15236;60.0;776.0;198.0;1081.0;7.0
2026-08-24;GM;988;-1758.5393282599107;988;14.0;41.0;4.0;46.0;0.0
2026-08-24;IS;4745;-18864.169057869487;4745;45.0;234.0;176.0;564.0;7.0
2026-08-24;NI;3710;-4947.866006830795;3710;32.0;130.0;122.0;246.0;0.0
2026-08-24;PK;2281;-4314.467707881925;2281;22.0;65.0;30.0;131.0;0.0
2026-08-24;RS;3675;-10210.99135341372;3675;22.0;88.0;65.0;453.0;0.0
2026-08-24;TW;463;-742.7280433439942;463;2.0;34.0;4.0;15.0;0.0
2026-08-24;UP;3898;-7314.808757102592;3898;27.0;51.0;63.0;364.0;1.0
2026-08-24;US;31069;-73348.3789147593;31069;140.0;1727.0;486.0;2083.0;3.0
2026-08-25;GM;1227;-1889.918011571034;1227;7.0;35.0;20.0;62.0;0.0
2026-08-25;IS;4552;-17932.670668353636;4552;39.0;202.0;137.0;502.0;17.0
2026-08-25;NI;4296;-4240.54754114874;4296;40.0;119.0;100.0;269.0;0.0
2026-08-25;PK;2475;-5347.440138919407;2475;30.0;83.0;32.0;124.0;0.0
2026-08-25;RS;3955;-10113.209670006188;3955;11.0;128.0;56.0;310.0;1.0
2026-08-25;TW;481;-587.7115040469304;481;4.0;39.0;3.0;10.0;0.0
2026-08-25;UP;3265;-7360.77424477276;3265;4.0;56.0;50.0;309.0;0.0
2026-08-25;US;37576;-82085.02633994477;37576;169.0;2207.0;460.0;2296.0;5.0
2026-08-26;GM;1274;-1904.577537166254;1274;12.0;40.0;12.0;34.0;0.0
2026-08-26;IS;4838;-17636.226853063803;4838;40.0;333.0;108.0;406.0;19.0
2026-08-26;NI;3266;-3961.5568185534826;3266;21.0;113.0;90.0;139.0;0.0
2026-08-26;PK;2043;-5468.102723066827;2043;17.0;54.0;26.0;207.0;0.0
2026-08-26;RS;3648;-9948.52806774351;3648;20.0;106.0;52.0;326.0;0.0
2026-08-26;TW;541;-60.36599735950502;541;1.0;22.0;3.0;1.0;0.0
2026-08-26;UP;2408;-5859.640349107561;2408;10.0;31.0;52.0;256.0;0.0
2026-08-26;US;39877;-83065.08840535441;39877;191.0;2307.0;530.0;2274.0;5.0
2026-08-27;GM;1250;-1882.0159672924265;1250;9.0;60.0;10.0;63.0;0.0
2026-08-27;IS;4389;-16090.805881154396;4389;58.0;217.0;87.0;445.0;10.0
2026-08-27;NI;3756;-4619.8373989748525;3756;28.0;123.0;129.0;189.0;0.0
2026-08-27;PK;2358;-3501.0060286506164;2358;15.0;45.0;21.0;187.0;0.0
2026-08-27;RS;3732;-13024.453772295285;3732;10.0;72.0;54.0;429.0;0.0
2026-08-27;TW;329;-530.4985041428897;329;2.0;12.0;1.0;10.0;0.0
2026-08-27;UP;2496;-8940.558666812065;2496;15.0;44.0;53.0;360.0;0.0
2026-08-27;US;39488;-85306.1512178289;39488;154.0;2319.0;524.0;2184.0;7.0
2026-08-28;GM;1028;-1415.064872479432;1028;3.0;59.0;11.0;80.0;0.0
2026-08-28;IS;4233;-15967.039333249715;4233;34.0;209.0;98.0;448.0;21.0
2026-08-28;NI;3486;-6715.507951075437;3486;14.0;124.0;150.0;225.0;0.0
2026-08-28;PK;1817;-1530.3897031805436;1817;23.0;41.0;29.0;62.0;1.0
2026-08-28;RS;3470;-11549.144834797766;3470;23.0;120.0;59.0;355.0;1.0
2026-08-28;TW;382;-639.9343268828923;382;2.0;13.0;0.0;41.0;0.0
2026-08-28;UP;2009;-7450.118700178529;2009;6.0;65.0;49.0;282.0;1.0
2026-08-28;US;36294;-77767.12179667287;36294;145.0;2119.0;489.0;2109.0;0.0
2026-08-29;GM;724;-1611.2973208309825;724;1.0;28.0;9.0;19.0;2.0
2026-08-29;IS;2440;-10851.557964041956;2440;21.0;98.0;126.0;414.0;14.0
2026-08-29;NI;2689;-4424.613788953953;2689;14.0;163.0;45.0;105.0;0.0
2026-08-29;PK;1484;-2861.56576352784;1484;6.0;49.0;23.0;90.0;0.0
2026-08-29;RS;2360;-9666.902537349008;2360;4.0;79.0;61.0;357.0;0.0
2026-08-29;TW;265;-129.90877106119015;265;0.0;6.0;3.0;7.0;0.0
2026-08-29;UP;1579;-8109.393952065874;1579;5.0;38.0;44.0;330.0;0.0
2026-08-29;US;22351;-42297.64601174402;22351;92.0;1248.0;280.0;1440.0;1.0
2026-08-30;GM;623;-1700.702187667796;623;7.0;29.0;14.0;39.0;3.0
2026-08-30;IS;3175;-16160.879418051236;3175;16.0;201.0;142.0;474.0;26.0
2026-08-30;NI;2509;-3736.9385375911743;2509;17.0;108.0;66.0;144.0;0.0
2026-08-30;PK;1488;-647.6069434994781;1488;15.0;57.0;16.0;58.0;0.0
2026-08-30;RS;1887;-8100.662906335289;1887;13.0;107.0;33.0;256.0;4.0
2026-08-30;TW;233;-416.2275421175605;233;0.0;5.0;0.0;16.0;0.0
2026-08-30;UP;979;-5205.116879638277;979;8.0;43.0;32.0;209.0;2.0
2026-08-30;US;15876;-31959.448264560735;15876;86.0;789.0;170.0;1103.0;7.0
2026-08-31;GM;1075;-1473.4352635352002;1075;12.0;44.0;5.0;52.0;0.0
2026-08-31;IS;4574;-19601.453947682236;4574;66.0;202.0;130.0;592.0;35.0
2026-08-31;NI;3476;-6516.898004987738;3476;19.0;119.0;66.0;200.0;0.0
2026-08-31;PK;2363;-1980.6116395211336;2363;10.0;61.0;33.0;109.0;1.0
2026-08-31;RS;3520;-9375.778046256131;3520;21.0;110.0;54.0;353.0;0.0
2026-08-31;TW;379;-369.9354790377418;379;5.0;17.0;2.0;13.0;0.0
2026-08-31;UP;2071;-8020.086836479815;2071;10.0;67.0;54.0;302.0;0.0
2026-08-31;US;30597;-62069.80803707852;30597;127.0;1687.0;429.0;2064.0;1.0
